[12:30:40] [main/INFO] (FabricLoader/GameProvider) Loading Minecraft 1.21.4 with Fabric Loader 0.19.3
[12:30:40] [main/DEBUG] (FabricLoader/GamePatch) Found game constructor: net.minecraft.client.main.Main -> net.minecraft.client.MinecraftClient
[12:30:40] [main/DEBUG] (FabricLoader/GamePatch) Patching game constructor <init>(Lnet/minecraft/client/RunArgs;)V
[12:30:40] [main/DEBUG] (FabricLoader/GamePatch) Run directory field is thought to be net/minecraft/client/MinecraftClient/runDirectory
[12:30:40] [main/DEBUG] (FabricLoader/GamePatch) Applying brand name hook to net/minecraft/client/ClientBrandRetriever::getClientModName
[12:30:40] [main/DEBUG] (FabricLoader/GamePatch) Applying brand name hook to net/minecraft/server/MinecraftServer::getServerModName
[12:30:40] [main/DEBUG] (FabricLoader/GamePatch) Patched 3 classs
[12:30:40] [main/DEBUG] (FabricLoader/Discovery) Skipping missing class path group entry C:\Users\79522\Desktop\Delta\out\production\classes
[12:30:40] [main/DEBUG] (FabricLoader/Discovery) Skipping missing class path group entry C:\Users\79522\Desktop\Delta\out\production\resources
[12:30:40] [ForkJoinPool-1-worker-1/WARN] (FabricLoader/Metadata) "fabric.mod.json" from mod delta did not have "schemaVersion" as first field.
[12:30:40] [main/DEBUG] (FabricLoader/Discovery) Mod discovery time: 200,3 ms
[12:30:41] [main/DEBUG] (FabricLoader/Resolution) Mod resolution time: 780,5 ms
[12:30:41] [main/INFO] (FabricLoader) Loading 56 mods:
	- delta 3.0.14
	- fabric-api 0.119.4+1.21.4
	- fabric-api-base 0.4.54+b47eab6b04
	- fabric-api-lookup-api-v1 1.6.86+b1caf1e904
	- fabric-biome-api-v1 15.0.6+b1c29d8e04
	- fabric-block-api-v1 1.0.31+7feeb73304
	- fabric-block-view-api-v2 1.0.20+9c49cc8c04
	- fabric-blockrenderlayer-v1 2.0.8+7feeb73304
	- fabric-client-gametest-api-v1 4.1.1+6816ccd404
	- fabric-client-tags-api-v1 1.1.29+20ea1e2304
	- fabric-command-api-v1 1.2.62+f71b366f04
	- fabric-command-api-v2 2.2.41+e496eb1504
	- fabric-commands-v0 0.2.79+df3654b304
	- fabric-content-registries-v0 9.1.19+25d1a67604
	- fabric-convention-tags-v1 2.1.20+7f945d5b04
	- fabric-convention-tags-v2 2.14.1+aebda09404
	- fabric-crash-report-info-v1 0.3.6+7feeb73304
	- fabric-data-attachment-api-v1 1.6.2+e99da0f704
	- fabric-data-generation-api-v1 22.3.1+0f4e5f5504
	- fabric-dimensions-v1 4.0.10+7feeb73304
	- fabric-entity-events-v1 2.0.15+62245bef04
	- fabric-events-interaction-v0 4.0.4+a4eebcf004
	- fabric-game-rule-api-v1 1.0.63+7d48d43904
	- fabric-gametest-api-v1 2.0.26+7feeb73304
	- fabric-item-api-v1 11.4.0+189dd6fe04
	- fabric-item-group-api-v1 4.2.2+fcb9601404
	- fabric-key-binding-api-v1 1.0.57+7d48d43904
	- fabric-keybindings-v0 0.2.55+df3654b304
	- fabric-lifecycle-events-v1 2.5.4+bf2a60eb04
	- fabric-loot-api-v2 3.0.38+3f89f5a504
	- fabric-loot-api-v3 1.0.26+203e6b2304
	- fabric-message-api-v1 6.0.26+238a33c004
	- fabric-model-loading-api-v1 4.3.0+ae23723504
	- fabric-networking-api-v1 4.4.0+db5e668204
	- fabric-object-builder-api-v1 18.0.14+38b0d59804
	- fabric-particles-v1 4.0.14+7feeb73304
	- fabric-recipe-api-v1 8.1.1+640e77ae04
	- fabric-registry-sync-v0 6.1.11+4a9c1ece04
	- fabric-renderer-api-v1 5.0.3+50f0feb204
	- fabric-renderer-indigo 2.0.3+50f0feb204
	- fabric-rendering-data-attachment-v1 0.3.58+73761d2e04
	- fabric-rendering-fluids-v1 3.1.19+7feeb73304
	- fabric-rendering-v1 10.2.1+0d31b09f04
	- fabric-resource-conditions-api-v1 5.0.13+203e6b2304
	- fabric-resource-loader-v0 3.1.1+360374ac04
	- fabric-screen-api-v1 2.0.38+7feeb73304
	- fabric-screen-handler-api-v1 1.3.118+7feeb73304
	- fabric-sound-api-v1 1.0.32+7feeb73304
	- fabric-tag-api-v1 1.0.7+7d48d43904
	- fabric-transfer-api-v1 5.4.9+efa825c904
	- fabric-transitive-access-wideners-v1 6.3.2+56e78b9b04
	- fabricloader 0.19.3
	- geckolib 4.8.5
	- java 21
	- minecraft 1.21.4
	- mixinextras 0.5.4
[12:30:41] [main/DEBUG] (FabricLoader/Knot) Adding C:\Users\79522\Desktop\Delta\.gradle\loom-cache\remapped_mods\remapped\net\fabricmc\fabric-api\fabric-data-attachment-api-v1-46549a5a\1.6.2+e99da0f704\fabric-data-attachment-api-v1-46549a5a-1.6.2+e99da0f704.jar to classpath.
[12:30:41] [main/DEBUG] (FabricLoader/Knot) Adding C:\Users\79522\Desktop\Delta\.gradle\loom-cache\remapped_mods\remapped\net\fabricmc\fabric-api\fabric-convention-tags-v2-46549a5a\2.14.1+aebda09404\fabric-convention-tags-v2-46549a5a-2.14.1+aebda09404.jar to classpath.
[12:30:41] [main/DEBUG] (FabricLoader/Knot) Adding C:\Users\79522\Desktop\Delta\.gradle\loom-cache\remapped_mods\remapped\net\fabricmc\fabric-api\fabric-tag-api-v1-46549a5a\1.0.7+7d48d43904\fabric-tag-api-v1-46549a5a-1.0.7+7d48d43904.jar to classpath.
[12:30:41] [main/DEBUG] (FabricLoader/Knot) Adding C:\Users\79522\Desktop\Delta\.gradle\loom-cache\remapped_mods\remapped\net\fabricmc\fabric-api\fabric-keybindings-v0-46549a5a\0.2.55+df3654b304\fabric-keybindings-v0-46549a5a-0.2.55+df3654b304.jar to classpath.
[12:30:41] [main/DEBUG] (FabricLoader/Knot) Adding C:\Users\79522\Desktop\Delta\.gradle\loom-cache\remapped_mods\remapped\net\fabricmc\fabric-api\fabric-rendering-fluids-v1-46549a5a\3.1.19+7feeb73304\fabric-rendering-fluids-v1-46549a5a-3.1.19+7feeb73304.jar to classpath.
[12:30:41] [main/DEBUG] (FabricLoader/Knot) Adding C:\Users\79522\Desktop\Delta\.gradle\loom-cache\remapped_mods\remapped\net\fabricmc\fabric-api\fabric-transfer-api-v1-46549a5a\5.4.9+efa825c904\fabric-transfer-api-v1-46549a5a-5.4.9+efa825c904.jar to classpath.
[12:30:41] [main/DEBUG] (FabricLoader/Knot) Adding C:\Users\79522\Desktop\Delta\.gradle\loom-cache\remapped_mods\remapped\net\fabricmc\fabric-api\fabric-message-api-v1-46549a5a\6.0.26+238a33c004\fabric-message-api-v1-46549a5a-6.0.26+238a33c004.jar to classpath.
[12:30:41] [main/DEBUG] (FabricLoader/Knot) Adding C:\Users\79522\Desktop\Delta\.gradle\loom-cache\remapped_mods\remapped\net\fabricmc\fabric-api\fabric-content-registries-v0-46549a5a\9.1.19+25d1a67604\fabric-content-registries-v0-46549a5a-9.1.19+25d1a67604.jar to classpath.
[12:30:41] [main/DEBUG] (FabricLoader/Knot) Adding C:\Users\79522\Desktop\Delta\.gradle\loom-cache\remapped_mods\remapped\net\fabricmc\fabric-api\fabric-convention-tags-v1-46549a5a\2.1.20+7f945d5b04\fabric-convention-tags-v1-46549a5a-2.1.20+7f945d5b04.jar to classpath.
[12:30:41] [main/DEBUG] (FabricLoader/Knot) Adding C:\Users\79522\Desktop\Delta\.gradle\loom-cache\remapped_mods\remapped\net\fabricmc\fabric-api\fabric-screen-api-v1-46549a5a\2.0.38+7feeb73304\fabric-screen-api-v1-46549a5a-2.0.38+7feeb73304.jar to classpath.
[12:30:41] [main/DEBUG] (FabricLoader/Knot) Adding C:\Users\79522\Desktop\Delta\.gradle\loom-cache\remapped_mods\remapped\net\fabricmc\fabric-api\fabric-events-interaction-v0-46549a5a\4.0.4+a4eebcf004\fabric-events-interaction-v0-46549a5a-4.0.4+a4eebcf004.jar to classpath.
[12:30:41] [main/DEBUG] (FabricLoader/Knot) Adding C:\Users\79522\Desktop\Delta\.gradle\loom-cache\remapped_mods\remapped\net\fabricmc\fabric-api\fabric-item-api-v1-46549a5a\11.4.0+189dd6fe04\fabric-item-api-v1-46549a5a-11.4.0+189dd6fe04.jar to classpath.
[12:30:41] [main/DEBUG] (FabricLoader/Knot) Adding C:\Users\79522\Desktop\Delta\.gradle\loom-cache\remapped_mods\remapped\net\fabricmc\fabric-api\fabric-api-base-46549a5a\0.4.54+b47eab6b04\fabric-api-base-46549a5a-0.4.54+b47eab6b04.jar to classpath.
[12:30:41] [main/DEBUG] (FabricLoader/Knot) Adding C:\Users\79522\Desktop\Delta\.gradle\loom-cache\remapped_mods\remapped\software\bernie\geckolib\geckolib-fabric-1.21.4-46549a5a\4.8.5\geckolib-fabric-1.21.4-46549a5a-4.8.5.jar to classpath.
[12:30:41] [main/DEBUG] (FabricLoader/Knot) Adding C:\Users\79522\Desktop\Delta\build\classes\java\main to classpath.
[12:30:41] [main/DEBUG] (FabricLoader/Knot) Adding C:\Users\79522\Desktop\Delta\build\resources\main to classpath.
[12:30:41] [main/DEBUG] (FabricLoader/Knot) Adding C:\Users\79522\Desktop\Delta\.gradle\loom-cache\remapped_mods\remapped\net\fabricmc\fabric-api\fabric-model-loading-api-v1-46549a5a\4.3.0+ae23723504\fabric-model-loading-api-v1-46549a5a-4.3.0+ae23723504.jar to classpath.
[12:30:41] [main/DEBUG] (FabricLoader/Knot) Adding C:\Users\79522\Desktop\Delta\.gradle\loom-cache\remapped_mods\remapped\net\fabricmc\fabric-api\fabric-api-lookup-api-v1-46549a5a\1.6.86+b1caf1e904\fabric-api-lookup-api-v1-46549a5a-1.6.86+b1caf1e904.jar to classpath.
[12:30:41] [main/DEBUG] (FabricLoader/Knot) Adding C:\Users\79522\Desktop\Delta\.gradle\loom-cache\remapped_mods\remapped\net\fabricmc\fabric-api\fabric-command-api-v2-46549a5a\2.2.41+e496eb1504\fabric-command-api-v2-46549a5a-2.2.41+e496eb1504.jar to classpath.
[12:30:41] [main/DEBUG] (FabricLoader/Knot) Adding C:\Users\79522\Desktop\Delta\.gradle\loom-cache\remapped_mods\remapped\net\fabricmc\fabric-api\fabric-block-view-api-v2-46549a5a\1.0.20+9c49cc8c04\fabric-block-view-api-v2-46549a5a-1.0.20+9c49cc8c04.jar to classpath.
[12:30:41] [main/DEBUG] (FabricLoader/Knot) Adding C:\Users\79522\Desktop\Delta\.gradle\loom-cache\remapped_mods\remapped\net\fabricmc\fabric-api\fabric-resource-loader-v0-46549a5a\3.1.1+360374ac04\fabric-resource-loader-v0-46549a5a-3.1.1+360374ac04.jar to classpath.
[12:30:41] [main/DEBUG] (FabricLoader/Knot) Adding C:\Users\79522\Desktop\Delta\.gradle\loom-cache\remapped_mods\remapped\net\fabricmc\fabric-api\fabric-client-tags-api-v1-46549a5a\1.1.29+20ea1e2304\fabric-client-tags-api-v1-46549a5a-1.1.29+20ea1e2304.jar to classpath.
[12:30:41] [main/DEBUG] (FabricLoader/Knot) Adding C:\Users\79522\Desktop\Delta\.gradle\loom-cache\remapped_mods\remapped\net\fabricmc\fabric-api\fabric-client-gametest-api-v1-46549a5a\4.1.1+6816ccd404\fabric-client-gametest-api-v1-46549a5a-4.1.1+6816ccd404.jar to classpath.
[12:30:41] [main/DEBUG] (FabricLoader/Knot) Adding C:\Users\79522\Desktop\Delta\.gradle\loom-cache\remapped_mods\remapped\net\fabricmc\fabric-api\fabric-rendering-data-attachment-v1-46549a5a\0.3.58+73761d2e04\fabric-rendering-data-attachment-v1-46549a5a-0.3.58+73761d2e04.jar to classpath.
[12:30:41] [main/DEBUG] (FabricLoader/Knot) Adding C:\Users\79522\Desktop\Delta\.gradle\loom-cache\remapped_mods\remapped\net\fabricmc\fabric-api\fabric-resource-conditions-api-v1-46549a5a\5.0.13+203e6b2304\fabric-resource-conditions-api-v1-46549a5a-5.0.13+203e6b2304.jar to classpath.
[12:30:41] [main/DEBUG] (FabricLoader/Knot) Adding C:\Users\79522\Desktop\Delta\.gradle\loom-cache\remapped_mods\remapped\net\fabricmc\fabric-api\fabric-loot-api-v3-46549a5a\1.0.26+203e6b2304\fabric-loot-api-v3-46549a5a-1.0.26+203e6b2304.jar to classpath.
[12:30:41] [main/DEBUG] (FabricLoader/Knot) Adding C:\Users\79522\Desktop\Delta\.gradle\loom-cache\remapped_mods\remapped\net\fabricmc\fabric-api\fabric-gametest-api-v1-46549a5a\2.0.26+7feeb73304\fabric-gametest-api-v1-46549a5a-2.0.26+7feeb73304.jar to classpath.
[12:30:41] [main/DEBUG] (FabricLoader/Knot) Adding C:\Users\79522\Desktop\Delta\.gradle\loom-cache\remapped_mods\remapped\net\fabricmc\fabric-api\fabric-renderer-indigo-46549a5a\2.0.3+50f0feb204\fabric-renderer-indigo-46549a5a-2.0.3+50f0feb204.jar to classpath.
[12:30:41] [main/DEBUG] (FabricLoader/Knot) Adding C:\Users\79522\Desktop\Delta\.gradle\loom-cache\remapped_mods\remapped\net\fabricmc\fabric-api\fabric-loot-api-v2-46549a5a\3.0.38+3f89f5a504\fabric-loot-api-v2-46549a5a-3.0.38+3f89f5a504.jar to classpath.
[12:30:41] [main/DEBUG] (FabricLoader/Knot) Adding C:\Users\79522\Desktop\Delta\.gradle\loom-cache\remapped_mods\remapped\net\fabricmc\fabric-api\fabric-registry-sync-v0-46549a5a\6.1.11+4a9c1ece04\fabric-registry-sync-v0-46549a5a-6.1.11+4a9c1ece04.jar to classpath.
[12:30:41] [main/DEBUG] (FabricLoader/Knot) Adding C:\Users\79522\Desktop\Delta\.gradle\loom-cache\remapped_mods\remapped\net\fabricmc\fabric-api\fabric-dimensions-v1-46549a5a\4.0.10+7feeb73304\fabric-dimensions-v1-46549a5a-4.0.10+7feeb73304.jar to classpath.
[12:30:41] [main/DEBUG] (FabricLoader/Knot) Adding C:\Users\79522\Desktop\Delta\.gradle\loom-cache\remapped_mods\remapped\net\fabricmc\fabric-api\fabric-commands-v0-46549a5a\0.2.79+df3654b304\fabric-commands-v0-46549a5a-0.2.79+df3654b304.jar to classpath.
[12:30:41] [main/DEBUG] (FabricLoader/Knot) Adding C:\Users\79522\Desktop\Delta\.gradle\loom-cache\remapped_mods\remapped\net\fabricmc\fabric-api\fabric-item-group-api-v1-46549a5a\4.2.2+fcb9601404\fabric-item-group-api-v1-46549a5a-4.2.2+fcb9601404.jar to classpath.
[12:30:41] [main/DEBUG] (FabricLoader/Knot) Adding C:\Users\79522\Desktop\Delta\.gradle\loom-cache\remapped_mods\remapped\net\fabricmc\fabric-api\fabric-biome-api-v1-46549a5a\15.0.6+b1c29d8e04\fabric-biome-api-v1-46549a5a-15.0.6+b1c29d8e04.jar to classpath.
[12:30:41] [main/DEBUG] (FabricLoader/Knot) Adding C:\Users\79522\Desktop\Delta\.gradle\loom-cache\remapped_mods\remapped\net\fabricmc\fabric-api\fabric-screen-handler-api-v1-46549a5a\1.3.118+7feeb73304\fabric-screen-handler-api-v1-46549a5a-1.3.118+7feeb73304.jar to classpath.
[12:30:41] [main/DEBUG] (FabricLoader/Knot) Adding C:\Users\79522\Desktop\Delta\.gradle\loom-cache\remapped_mods\remapped\net\fabricmc\fabric-api\fabric-sound-api-v1-46549a5a\1.0.32+7feeb73304\fabric-sound-api-v1-46549a5a-1.0.32+7feeb73304.jar to classpath.
[12:30:41] [main/DEBUG] (FabricLoader/Knot) Adding C:\Users\79522\Desktop\Delta\.gradle\loom-cache\remapped_mods\remapped\net\fabricmc\fabric-api\fabric-particles-v1-46549a5a\4.0.14+7feeb73304\fabric-particles-v1-46549a5a-4.0.14+7feeb73304.jar to classpath.
[12:30:41] [main/DEBUG] (FabricLoader/Knot) Adding C:\Users\79522\Desktop\Delta\.gradle\loom-cache\remapped_mods\remapped\net\fabricmc\fabric-api\fabric-blockrenderlayer-v1-46549a5a\2.0.8+7feeb73304\fabric-blockrenderlayer-v1-46549a5a-2.0.8+7feeb73304.jar to classpath.
[12:30:41] [main/DEBUG] (FabricLoader/Knot) Adding C:\Users\79522\Desktop\Delta\.gradle\loom-cache\remapped_mods\remapped\net\fabricmc\fabric-api\fabric-crash-report-info-v1-46549a5a\0.3.6+7feeb73304\fabric-crash-report-info-v1-46549a5a-0.3.6+7feeb73304.jar to classpath.
[12:30:41] [main/DEBUG] (FabricLoader/Knot) Adding C:\Users\79522\Desktop\Delta\.gradle\loom-cache\remapped_mods\remapped\net\fabricmc\fabric-api\fabric-data-generation-api-v1-46549a5a\22.3.1+0f4e5f5504\fabric-data-generation-api-v1-46549a5a-22.3.1+0f4e5f5504.jar to classpath.
[12:30:41] [main/DEBUG] (FabricLoader/Knot) Adding C:\Users\79522\Desktop\Delta\.gradle\loom-cache\remapped_mods\remapped\net\fabricmc\fabric-api\fabric-command-api-v1-46549a5a\1.2.62+f71b366f04\fabric-command-api-v1-46549a5a-1.2.62+f71b366f04.jar to classpath.
[12:30:41] [main/DEBUG] (FabricLoader/Knot) Adding C:\Users\79522\Desktop\Delta\.gradle\loom-cache\remapped_mods\remapped\net\fabricmc\fabric-api\fabric-renderer-api-v1-46549a5a\5.0.3+50f0feb204\fabric-renderer-api-v1-46549a5a-5.0.3+50f0feb204.jar to classpath.
[12:30:41] [main/DEBUG] (FabricLoader/Knot) Adding C:\Users\79522\Desktop\Delta\.gradle\loom-cache\remapped_mods\remapped\net\fabricmc\fabric-api\fabric-rendering-v1-46549a5a\10.2.1+0d31b09f04\fabric-rendering-v1-46549a5a-10.2.1+0d31b09f04.jar to classpath.
[12:30:41] [main/DEBUG] (FabricLoader/Knot) Adding C:\Users\79522\Desktop\Delta\.gradle\loom-cache\remapped_mods\remapped\net\fabricmc\fabric-api\fabric-game-rule-api-v1-46549a5a\1.0.63+7d48d43904\fabric-game-rule-api-v1-46549a5a-1.0.63+7d48d43904.jar to classpath.
[12:30:41] [main/DEBUG] (FabricLoader/Knot) Adding C:\Users\79522\Desktop\Delta\.gradle\loom-cache\remapped_mods\remapped\net\fabricmc\fabric-api\fabric-lifecycle-events-v1-46549a5a\2.5.4+bf2a60eb04\fabric-lifecycle-events-v1-46549a5a-2.5.4+bf2a60eb04.jar to classpath.
[12:30:41] [main/DEBUG] (FabricLoader/Knot) Adding C:\Users\79522\Desktop\Delta\.gradle\loom-cache\remapped_mods\remapped\net\fabricmc\fabric-api\fabric-object-builder-api-v1-46549a5a\18.0.14+38b0d59804\fabric-object-builder-api-v1-46549a5a-18.0.14+38b0d59804.jar to classpath.
[12:30:41] [main/DEBUG] (FabricLoader/Knot) Adding C:\Users\79522\Desktop\Delta\.gradle\loom-cache\remapped_mods\remapped\net\fabricmc\fabric-api\fabric-key-binding-api-v1-46549a5a\1.0.57+7d48d43904\fabric-key-binding-api-v1-46549a5a-1.0.57+7d48d43904.jar to classpath.
[12:30:41] [main/DEBUG] (FabricLoader/Knot) Adding C:\Users\79522\Desktop\Delta\.gradle\loom-cache\remapped_mods\remapped\net\fabricmc\fabric-api\fabric-transitive-access-wideners-v1-46549a5a\6.3.2+56e78b9b04\fabric-transitive-access-wideners-v1-46549a5a-6.3.2+56e78b9b04.jar to classpath.
[12:30:41] [main/DEBUG] (FabricLoader/Knot) Adding C:\Users\79522\.gradle\caches\modules-2\files-2.1\io.github.llamalad7\mixinextras-fabric\0.5.4\5e167154bcb9942111313a5e186e16cd7265f858\mixinextras-fabric-0.5.4.jar to classpath.
[12:30:41] [main/DEBUG] (FabricLoader/Knot) Adding C:\Users\79522\Desktop\Delta\.gradle\loom-cache\remapped_mods\remapped\net\fabricmc\fabric-api\fabric-networking-api-v1-46549a5a\4.4.0+db5e668204\fabric-networking-api-v1-46549a5a-4.4.0+db5e668204.jar to classpath.
[12:30:41] [main/DEBUG] (FabricLoader/Knot) Adding C:\Users\79522\Desktop\Delta\.gradle\loom-cache\remapped_mods\remapped\net\fabricmc\fabric-api\fabric-recipe-api-v1-46549a5a\8.1.1+640e77ae04\fabric-recipe-api-v1-46549a5a-8.1.1+640e77ae04.jar to classpath.
[12:30:41] [main/DEBUG] (FabricLoader/Knot) Adding C:\Users\79522\Desktop\Delta\.gradle\loom-cache\remapped_mods\remapped\net\fabricmc\fabric-api\fabric-block-api-v1-46549a5a\1.0.31+7feeb73304\fabric-block-api-v1-46549a5a-1.0.31+7feeb73304.jar to classpath.
[12:30:41] [main/DEBUG] (FabricLoader/Knot) Adding C:\Users\79522\Desktop\Delta\.gradle\loom-cache\remapped_mods\remapped\net\fabricmc\fabric-api\fabric-entity-events-v1-46549a5a\2.0.15+62245bef04\fabric-entity-events-v1-46549a5a-2.0.15+62245bef04.jar to classpath.
[12:30:41] [main/DEBUG] (FabricLoader/Knot) Adding C:\Users\79522\Desktop\Delta\.gradle\loom-cache\remapped_mods\remapped\net\fabricmc\fabric-api\fabric-api-46549a5a\0.119.4+1.21.4\fabric-api-46549a5a-0.119.4+1.21.4.jar to classpath.
[12:30:41] [main/DEBUG] (FabricLoader/Entrypoint) Registering new-style initializer net.fabricmc.fabric.impl.attachment.client.AttachmentSyncClient for mod fabric-data-attachment-api-v1 (key client)
[12:30:41] [main/DEBUG] (FabricLoader/Entrypoint) Registering new-style initializer net.fabricmc.fabric.impl.attachment.AttachmentEntrypoint for mod fabric-data-attachment-api-v1 (key main)
[12:30:41] [main/DEBUG] (FabricLoader/Entrypoint) Registering new-style initializer net.fabricmc.fabric.impl.attachment.sync.AttachmentSync for mod fabric-data-attachment-api-v1 (key main)
[12:30:41] [main/DEBUG] (FabricLoader/Entrypoint) Registering new-style initializer net.fabricmc.fabric.impl.tag.convention.v2.TranslationConventionLogWarnings for mod fabric-convention-tags-v2 (key main)
[12:30:41] [main/DEBUG] (FabricLoader/Entrypoint) Registering new-style initializer net.fabricmc.fabric.impl.tag.TagInit for mod fabric-tag-api-v1 (key main)
[12:30:41] [main/DEBUG] (FabricLoader/Entrypoint) Registering new-style initializer net.fabricmc.fabric.impl.tag.convention.ConventionLogWarnings for mod fabric-convention-tags-v1 (key main)
[12:30:41] [main/DEBUG] (FabricLoader/Entrypoint) Registering new-style initializer net.fabricmc.fabric.impl.event.interaction.InteractionEventsRouter for mod fabric-events-interaction-v0 (key main)
[12:30:41] [main/DEBUG] (FabricLoader/Entrypoint) Registering new-style initializer software.bernie.geckolib.GeckoLibClient for mod geckolib (key client)
[12:30:41] [main/DEBUG] (FabricLoader/Entrypoint) Registering new-style initializer software.bernie.geckolib.GeckoLib for mod geckolib (key main)
[12:30:41] [main/DEBUG] (FabricLoader/Entrypoint) Registering new-style initializer platform.Initializer for mod delta (key client)
[12:30:41] [main/DEBUG] (FabricLoader/Entrypoint) Registering new-style initializer net.fabricmc.fabric.impl.lookup.ApiLookupImpl for mod fabric-api-lookup-api-v1 (key main)
[12:30:41] [main/DEBUG] (FabricLoader/Entrypoint) Registering new-style initializer net.fabricmc.fabric.impl.resource.conditions.ResourceConditionsImpl for mod fabric-resource-conditions-api-v1 (key main)
[12:30:41] [main/DEBUG] (FabricLoader/Entrypoint) Registering new-style initializer net.fabricmc.fabric.impl.gametest.FabricGameTestModInitializer for mod fabric-gametest-api-v1 (key main)
[12:30:41] [main/DEBUG] (FabricLoader/Entrypoint) Registering new-style initializer net.fabricmc.fabric.impl.client.indigo.Indigo for mod fabric-renderer-indigo (key client)
[12:30:41] [main/DEBUG] (FabricLoader/Entrypoint) Registering new-style initializer net.fabricmc.fabric.impl.loot.v2.LootInitializer for mod fabric-loot-api-v2 (key main)
[12:30:41] [main/DEBUG] (FabricLoader/Entrypoint) Registering new-style initializer net.fabricmc.fabric.impl.client.registry.sync.FabricRegistryClientInit for mod fabric-registry-sync-v0 (key client)
[12:30:41] [main/DEBUG] (FabricLoader/Entrypoint) Registering new-style initializer net.fabricmc.fabric.impl.registry.sync.FabricRegistryInit for mod fabric-registry-sync-v0 (key main)
[12:30:41] [main/DEBUG] (FabricLoader/Entrypoint) Registering new-style initializer net.fabricmc.fabric.impl.screenhandler.client.ClientNetworking for mod fabric-screen-handler-api-v1 (key client)
[12:30:41] [main/DEBUG] (FabricLoader/Entrypoint) Registering new-style initializer net.fabricmc.fabric.impl.screenhandler.Networking for mod fabric-screen-handler-api-v1 (key main)
[12:30:41] [main/DEBUG] (FabricLoader/Entrypoint) Registering new-style initializer net.fabricmc.fabric.impl.command.v1.LegacyHandler for mod fabric-command-api-v1 (key main)
[12:30:41] [main/DEBUG] (FabricLoader/Entrypoint) Registering new-style initializer net.fabricmc.fabric.impl.client.event.lifecycle.ClientLifecycleEventsImpl for mod fabric-lifecycle-events-v1 (key client)
[12:30:41] [main/DEBUG] (FabricLoader/Entrypoint) Registering new-style initializer net.fabricmc.fabric.impl.event.lifecycle.LifecycleEventsImpl for mod fabric-lifecycle-events-v1 (key main)
[12:30:41] [main/DEBUG] (FabricLoader/Entrypoint) Registering new-style initializer net.fabricmc.fabric.impl.networking.client.ClientNetworkingImpl::clientInit for mod fabric-networking-api-v1 (key client)
[12:30:41] [main/DEBUG] (FabricLoader/Entrypoint) Registering new-style initializer net.fabricmc.fabric.impl.networking.CommonPacketsImpl::init for mod fabric-networking-api-v1 (key main)
[12:30:41] [main/DEBUG] (FabricLoader/Entrypoint) Registering new-style initializer net.fabricmc.fabric.impl.networking.NetworkingImpl::init for mod fabric-networking-api-v1 (key main)
[12:30:41] [main/DEBUG] (FabricLoader/Entrypoint) Registering new-style initializer net.fabricmc.fabric.impl.recipe.ingredient.client.CustomIngredientSyncClient for mod fabric-recipe-api-v1 (key client)
[12:30:41] [main/DEBUG] (FabricLoader/Entrypoint) Registering new-style initializer net.fabricmc.fabric.impl.recipe.ingredient.CustomIngredientInit for mod fabric-recipe-api-v1 (key main)
[12:30:41] [main/DEBUG] (FabricLoader/Entrypoint) Registering new-style initializer net.fabricmc.fabric.impl.recipe.ingredient.CustomIngredientSync for mod fabric-recipe-api-v1 (key main)
[12:30:42] [main/INFO] (FabricLoader/Mixin) SpongePowered MIXIN Subsystem Version=0.8.7 Source=file:/C:/Users/79522/.gradle/caches/modules-2/files-2.1/net.fabricmc/sponge-mixin/0.17.3+mixin.0.8.7/41c4a3984a80f4679e759fb9f495587acc5cdac7/sponge-mixin-0.17.3+mixin.0.8.7.jar Service=Knot/Fabric Env=CLIENT
[12:30:42] [main/DEBUG] (FabricLoader/Mixin) Initialising Mixin Platform Manager
[12:30:42] [main/DEBUG] (FabricLoader/Mixin) Adding mixin platform agents for container ContainerHandleURI(file:///C:/Users/79522/.gradle/caches/modules-2/files-2.1/net.fabricmc/fabric-loader/0.19.3/354dfaa02d0552e11867f85dff7cdbfaf813ba3e/fabric-loader-0.19.3.jar)
[12:30:42] [main/DEBUG] (FabricLoader/Mixin) Instancing new MixinPlatformAgentDefault for ContainerHandleURI(file:///C:/Users/79522/.gradle/caches/modules-2/files-2.1/net.fabricmc/fabric-loader/0.19.3/354dfaa02d0552e11867f85dff7cdbfaf813ba3e/fabric-loader-0.19.3.jar)
[12:30:42] [main/DEBUG] (FabricLoader/Mixin) MixinPlatformAgentDefault accepted container ContainerHandleURI(file:///C:/Users/79522/.gradle/caches/modules-2/files-2.1/net.fabricmc/fabric-loader/0.19.3/354dfaa02d0552e11867f85dff7cdbfaf813ba3e/fabric-loader-0.19.3.jar)
[12:30:42] [main/DEBUG] (FabricLoader/Mixin) Instancing new MixinPlatformAgentDefault for ContainerHandleURI(file:///C:/Users/79522/.gradle/caches/modules-2/files-2.1/net.fabricmc/fabric-loader/0.19.3/354dfaa02d0552e11867f85dff7cdbfaf813ba3e/fabric-loader-0.19.3.jar)
[12:30:42] [main/DEBUG] (FabricLoader/Mixin) MixinPlatformAgentDefault accepted container ContainerHandleURI(file:///C:/Users/79522/.gradle/caches/modules-2/files-2.1/net.fabricmc/fabric-loader/0.19.3/354dfaa02d0552e11867f85dff7cdbfaf813ba3e/fabric-loader-0.19.3.jar)
[12:30:42] [main/DEBUG] (FabricLoader/Mixin) Processing prepare() for PlatformAgent[MixinPlatformAgentDefault:ContainerHandleURI(file:///C:/Users/79522/.gradle/caches/modules-2/files-2.1/net.fabricmc/fabric-loader/0.19.3/354dfaa02d0552e11867f85dff7cdbfaf813ba3e/fabric-loader-0.19.3.jar)]
[12:30:42] [main/DEBUG] (FabricLoader/Mixin) Processing prepare() for PlatformAgent[MixinPlatformAgentDefault:ContainerHandleURI(file:///C:/Users/79522/.gradle/caches/modules-2/files-2.1/net.fabricmc/fabric-loader/0.19.3/354dfaa02d0552e11867f85dff7cdbfaf813ba3e/fabric-loader-0.19.3.jar)]
[12:30:43] [main/INFO] (FabricLoader/Mixin) Loaded Fabric development mappings for mixin remapper!
[12:30:43] [main/DEBUG] (FabricLoader/Mixin) Compatibility level JAVA_21 specified by fabric-data-attachment-api-v1.mixins.json is higher than the maximum level supported by this version of mixin (JAVA_13).
[12:30:44] [main/INFO] (FabricLoader/Mixin) Compatibility level set to JAVA_21
[12:30:44] [main/DEBUG] (FabricLoader/Mixin) Mixin config fabric-data-attachment-api-v1.mixins.json does not specify "minVersion" or "requiredFeatures" property
[12:30:44] [main/DEBUG] (FabricLoader/Mixin) Mixin config fabric-data-attachment-api-v1.client.mixins.json does not specify "minVersion" or "requiredFeatures" property
[12:30:44] [main/DEBUG] (FabricLoader/Mixin) Mixin config fabric-convention-tags-api-v2.mixins.json does not specify "minVersion" or "requiredFeatures" property
[12:30:44] [main/DEBUG] (FabricLoader/Mixin) Mixin config fabric-tag-api-v1.mixins.json does not specify "minVersion" or "requiredFeatures" property
[12:30:44] [main/DEBUG] (FabricLoader/Mixin) Mixin config fabric-rendering-fluids-v1.mixins.json does not specify "minVersion" or "requiredFeatures" property
[12:30:44] [main/DEBUG] (FabricLoader/Mixin) Mixin config fabric-transfer-api-v1.mixins.json does not specify "minVersion" or "requiredFeatures" property
[12:30:44] [main/DEBUG] (FabricLoader/Mixin) Mixin config fabric-message-api-v1.mixins.json does not specify "minVersion" or "requiredFeatures" property
[12:30:44] [main/DEBUG] (FabricLoader/Mixin) Mixin config fabric-message-api-v1.client.mixins.json does not specify "minVersion" or "requiredFeatures" property
[12:30:44] [main/DEBUG] (FabricLoader/Mixin) Mixin config fabric-content-registries-v0.mixins.json does not specify "minVersion" or "requiredFeatures" property
[12:30:44] [main/DEBUG] (FabricLoader/Mixin) Mixin config fabric-screen-api-v1.mixins.json does not specify "minVersion" or "requiredFeatures" property
[12:30:44] [main/DEBUG] (FabricLoader/Mixin) Mixin config fabric-events-interaction-v0.mixins.json does not specify "minVersion" or "requiredFeatures" property
[12:30:44] [main/DEBUG] (FabricLoader/Mixin) Mixin config fabric-events-interaction-v0.client.mixins.json does not specify "minVersion" or "requiredFeatures" property
[12:30:44] [main/DEBUG] (FabricLoader/Mixin) Mixin config fabric-item-api-v1.mixins.json does not specify "minVersion" or "requiredFeatures" property
[12:30:44] [main/DEBUG] (FabricLoader/Mixin) Mixin config fabric-item-api-v1.client.mixins.json does not specify "minVersion" or "requiredFeatures" property
[12:30:44] [main/DEBUG] (FabricLoader/Mixin) Compatibility level JAVA_17 specified by geckolib.mixins.json is higher than the maximum level supported by this version of mixin (JAVA_13).
[12:30:44] [main/DEBUG] (FabricLoader/Mixin) Mixin config fabric-model-loading-api-v1.mixins.json does not specify "minVersion" or "requiredFeatures" property
[12:30:44] [main/DEBUG] (FabricLoader/Mixin) Mixin config fabric-api-lookup-api-v1.mixins.json does not specify "minVersion" or "requiredFeatures" property
[12:30:44] [main/DEBUG] (FabricLoader/Mixin) Mixin config fabric-command-api-v2.mixins.json does not specify "minVersion" or "requiredFeatures" property
[12:30:44] [main/DEBUG] (FabricLoader/Mixin) Mixin config fabric-command-api-v2.client.mixins.json does not specify "minVersion" or "requiredFeatures" property
[12:30:44] [main/DEBUG] (FabricLoader/Mixin) Mixin config fabric-block-view-api-v2.mixins.json does not specify "minVersion" or "requiredFeatures" property
[12:30:44] [main/DEBUG] (FabricLoader/Mixin) Mixin config fabric-block-view-api-v2.client.mixins.json does not specify "minVersion" or "requiredFeatures" property
[12:30:44] [main/DEBUG] (FabricLoader/Mixin) Mixin config fabric-resource-loader-v0.mixins.json does not specify "minVersion" or "requiredFeatures" property
[12:30:44] [main/DEBUG] (FabricLoader/Mixin) Mixin config fabric-resource-loader-v0.client.mixins.json does not specify "minVersion" or "requiredFeatures" property
[12:30:44] [main/DEBUG] (FabricLoader/Mixin) Mixin config fabric-client-gametest-api-v1.mixins.json does not specify "minVersion" or "requiredFeatures" property
[12:30:44] [main/DEBUG] (FabricLoader/Mixin) Mixin config fabric-rendering-data-attachment-v1.mixins.json does not specify "minVersion" or "requiredFeatures" property
[12:30:44] [main/DEBUG] (FabricLoader/Mixin) Mixin config fabric-rendering-data-attachment-v1.client.mixins.json does not specify "minVersion" or "requiredFeatures" property
[12:30:44] [main/DEBUG] (FabricLoader/Mixin) Mixin config fabric-resource-conditions-api-v1.mixins.json does not specify "minVersion" or "requiredFeatures" property
[12:30:44] [main/DEBUG] (FabricLoader/Mixin) Mixin config fabric-loot-api-v3.mixins.json does not specify "minVersion" or "requiredFeatures" property
[12:30:44] [main/DEBUG] (FabricLoader/Mixin) Mixin config fabric-gametest-api-v1.mixins.json does not specify "minVersion" or "requiredFeatures" property
[12:30:44] [main/DEBUG] (FabricLoader/Mixin) Mixin config fabric-renderer-indigo.mixins.json does not specify "minVersion" or "requiredFeatures" property
[12:30:44] [main/DEBUG] (FabricLoader/Mixin) Mixin config fabric-loot-api-v2.mixins.json does not specify "minVersion" or "requiredFeatures" property
[12:30:44] [main/DEBUG] (FabricLoader/Mixin) Mixin config fabric-registry-sync-v0.mixins.json does not specify "minVersion" or "requiredFeatures" property
[12:30:44] [main/DEBUG] (FabricLoader/Mixin) Mixin config fabric-registry-sync-v0.client.mixins.json does not specify "minVersion" or "requiredFeatures" property
[12:30:44] [main/DEBUG] (FabricLoader/Mixin) Mixin config fabric-dimensions-v1.mixins.json does not specify "minVersion" or "requiredFeatures" property
[12:30:44] [main/DEBUG] (FabricLoader/Mixin) Mixin config fabric-item-group-api-v1.mixins.json does not specify "minVersion" or "requiredFeatures" property
[12:30:44] [main/DEBUG] (FabricLoader/Mixin) Mixin config fabric-item-group-api-v1.client.mixins.json does not specify "minVersion" or "requiredFeatures" property
[12:30:44] [main/DEBUG] (FabricLoader/Mixin) Mixin config fabric-biome-api-v1.mixins.json does not specify "minVersion" or "requiredFeatures" property
[12:30:44] [main/DEBUG] (FabricLoader/Mixin) Mixin config fabric-screen-handler-api-v1.mixins.json does not specify "minVersion" or "requiredFeatures" property
[12:30:44] [main/DEBUG] (FabricLoader/Mixin) Mixin config fabric-sound-api-v1.mixins.json does not specify "minVersion" or "requiredFeatures" property
[12:30:44] [main/DEBUG] (FabricLoader/Mixin) Mixin config fabric-particles-v1.client.mixins.json does not specify "minVersion" or "requiredFeatures" property
[12:30:44] [main/DEBUG] (FabricLoader/Mixin) Mixin config fabric-blockrenderlayer-v1.mixins.json does not specify "minVersion" or "requiredFeatures" property
[12:30:44] [main/DEBUG] (FabricLoader/Mixin) Mixin config fabric-crash-report-info-v1.mixins.json does not specify "minVersion" or "requiredFeatures" property
[12:30:44] [main/DEBUG] (FabricLoader/Mixin) Mixin config fabric-data-generation-api-v1.mixins.json does not specify "minVersion" or "requiredFeatures" property
[12:30:44] [main/DEBUG] (FabricLoader/Mixin) Mixin config fabric-data-generation-api-v1.client.mixins.json does not specify "minVersion" or "requiredFeatures" property
[12:30:44] [main/DEBUG] (FabricLoader/Mixin) Mixin config fabric-renderer-api-v1.mixins.json does not specify "minVersion" or "requiredFeatures" property
[12:30:44] [main/DEBUG] (FabricLoader/Mixin) Mixin config fabric-renderer-api-v1.debughud.mixins.json does not specify "minVersion" or "requiredFeatures" property
[12:30:44] [main/DEBUG] (FabricLoader/Mixin) Mixin config fabric-rendering-v1.mixins.json does not specify "minVersion" or "requiredFeatures" property
[12:30:44] [main/DEBUG] (FabricLoader/Mixin) Mixin config fabric-game-rule-api-v1.mixins.json does not specify "minVersion" or "requiredFeatures" property
[12:30:44] [main/DEBUG] (FabricLoader/Mixin) Mixin config fabric-game-rule-api-v1.client.mixins.json does not specify "minVersion" or "requiredFeatures" property
[12:30:44] [main/DEBUG] (FabricLoader/Mixin) Mixin config fabric-lifecycle-events-v1.mixins.json does not specify "minVersion" or "requiredFeatures" property
[12:30:44] [main/DEBUG] (FabricLoader/Mixin) Mixin config fabric-lifecycle-events-v1.client.mixins.json does not specify "minVersion" or "requiredFeatures" property
[12:30:44] [main/DEBUG] (FabricLoader/Mixin) Mixin config fabric-object-builder-v1.mixins.json does not specify "minVersion" or "requiredFeatures" property
[12:30:44] [main/DEBUG] (FabricLoader/Mixin) Mixin config fabric-object-builder-v1.client.mixins.json does not specify "minVersion" or "requiredFeatures" property
[12:30:44] [main/DEBUG] (FabricLoader/Mixin) Mixin config fabric-key-binding-api-v1.mixins.json does not specify "minVersion" or "requiredFeatures" property
[12:30:44] [main/DEBUG] (FabricLoader/Mixin) Mixin config fabric-networking-api-v1.mixins.json does not specify "minVersion" or "requiredFeatures" property
[12:30:44] [main/DEBUG] (FabricLoader/Mixin) Mixin config fabric-networking-api-v1.client.mixins.json does not specify "minVersion" or "requiredFeatures" property
[12:30:44] [main/DEBUG] (FabricLoader/Mixin) Mixin config fabric-recipe-api-v1.mixins.json does not specify "minVersion" or "requiredFeatures" property
[12:30:44] [main/DEBUG] (FabricLoader/Mixin) Mixin config fabric-block-api-v1.mixins.json does not specify "minVersion" or "requiredFeatures" property
[12:30:44] [main/DEBUG] (FabricLoader/Mixin) Mixin config fabric-entity-events-v1.mixins.json does not specify "minVersion" or "requiredFeatures" property
[12:30:44] [main/DEBUG] (FabricLoader/Knot) Adding C:\Users\79522\Desktop\Delta\.gradle\loom-cache\minecraftMaven\net\minecraft\minecraft-merged-8137bcb425\1.21.4-net.fabricmc.yarn.1_21_4.1.21.4+build.8-v2\minecraft-merged-8137bcb425-1.21.4-net.fabricmc.yarn.1_21_4.1.21.4+build.8-v2.jar to classpath.
[12:30:44] [main/DEBUG] (FabricLoader/Knot) Adding C:\Users\79522\Desktop\Delta\build\classes\java\main to classpath.
[12:30:44] [main/DEBUG] (FabricLoader/Knot) Adding C:\Users\79522\Desktop\Delta\build\resources\main to classpath.
[12:30:44] [main/DEBUG] (FabricLoader/Knot) Adding C:\Users\79522\.gradle\caches\fabric-loom\1.21.4\net.fabricmc.yarn.1_21_4.1.21.4+build.8-v2\mappings.jar to classpath.
[12:30:44] [main/DEBUG] (FabricLoader/Knot) Adding C:\Users\79522\.gradle\caches\modules-2\files-2.1\org.reflections\reflections\0.10.2\b638d7ca0e0fe0146b60a0e7ba232ad852a73b31\reflections-0.10.2.jar to classpath.
[12:30:44] [main/DEBUG] (FabricLoader/Knot) Adding C:\Users\79522\.gradle\caches\modules-2\files-2.1\com.google.code.findbugs\jsr305\3.0.2\25ea2e8b0c338a877313bd4672d3fe056ea78f0d\jsr305-3.0.2.jar to classpath.
[12:30:44] [main/DEBUG] (FabricLoader/Knot) Adding C:\Users\79522\.gradle\caches\modules-2\files-2.1\com.google.errorprone\error_prone_annotations\2.27.0\91b2c29d8a6148b5e2e4930f070d4840e2e48e34\error_prone_annotations-2.27.0.jar to classpath.
[12:30:44] [main/DEBUG] (FabricLoader/Knot) Adding C:\Users\79522\.gradle\caches\modules-2\files-2.1\org.apache.commons\commons-lang3\3.18.0\fb14946f0e39748a6571de0635acbe44e7885491\commons-lang3-3.18.0.jar to classpath.
[12:30:44] [main/DEBUG] (FabricLoader/Knot) Adding C:\Users\79522\.gradle\caches\modules-2\files-2.1\org.java-websocket\Java-WebSocket\1.5.6\c615d65b5bc3c06de14efca813f33e80d73aab01\Java-WebSocket-1.5.6.jar to classpath.
[12:30:44] [main/DEBUG] (FabricLoader/Knot) Adding C:\Users\79522\.gradle\caches\modules-2\files-2.1\org.javassist\javassist\3.28.0-GA\9a958811a88381bb159cc2f5ed79c34a45c4af7a\javassist-3.28.0-GA.jar to classpath.
[12:30:44] [main/DEBUG] (FabricLoader/Knot) Adding C:\Users\79522\.gradle\caches\modules-2\files-2.1\org.json\json\20250107\a1b5f0b5a1ce018b93a691c57ffc7d141b3a10f1\json-20250107.jar to classpath.
[12:30:44] [main/DEBUG] (FabricLoader/Knot) Adding C:\Users\79522\.gradle\caches\modules-2\files-2.1\org.jsoup\jsoup\1.18.3\fb42d6cc9898ced4b73175eac49c61a40f35325\jsoup-1.18.3.jar to classpath.
[12:30:44] [main/DEBUG] (FabricLoader/Knot) Adding C:\Users\79522\.gradle\caches\modules-2\files-2.1\io.github.llamalad7\mixinextras-fabric\0.5.4\5e167154bcb9942111313a5e186e16cd7265f858\mixinextras-fabric-0.5.4.jar to classpath.
[12:30:44] [main/DEBUG] (FabricLoader/Knot) Adding C:\Users\79522\.gradle\caches\modules-2\files-2.1\net.fabricmc\dev-launch-injector\0.2.1+build.8\da8bef7e6e2f952da707f282bdb46882a0fce5e3\dev-launch-injector-0.2.1+build.8.jar to classpath.
[12:30:44] [main/DEBUG] (FabricLoader/Knot) Adding C:\Users\79522\.gradle\caches\modules-2\files-2.1\com.fasterxml.jackson.core\jackson-annotations\2.13.4\858c6cc78e1f08a885b1613e1d817c829df70a6e\jackson-annotations-2.13.4.jar to classpath.
[12:30:44] [main/DEBUG] (FabricLoader/Knot) Adding C:\Users\79522\.gradle\caches\modules-2\files-2.1\com.fasterxml.jackson.core\jackson-core\2.13.4\cf934c681294b97ef6d80082faeefbe1edadf56\jackson-core-2.13.4.jar to classpath.
[12:30:44] [main/DEBUG] (FabricLoader/Knot) Adding C:\Users\79522\.gradle\caches\modules-2\files-2.1\com.fasterxml.jackson.core\jackson-databind\2.13.4.2\325c06bdfeb628cfb80ebaaf1a26cc1eb558a585\jackson-databind-2.13.4.2.jar to classpath.
[12:30:44] [main/DEBUG] (FabricLoader/Knot) Adding C:\Users\79522\.gradle\caches\modules-2\files-2.1\com.github.oshi\oshi-core\6.6.5\e1099981fd15dc4236c4499d82aba1276fb43a9a\oshi-core-6.6.5.jar to classpath.
[12:30:44] [main/DEBUG] (FabricLoader/Knot) Adding C:\Users\79522\.gradle\caches\modules-2\files-2.1\com.github.stephenc.jcip\jcip-annotations\1.0-1\ef31541dd28ae2cefdd17c7ebf352d93e9058c63\jcip-annotations-1.0-1.jar to classpath.
[12:30:44] [main/DEBUG] (FabricLoader/Knot) Adding C:\Users\79522\.gradle\caches\modules-2\files-2.1\com.google.guava\failureaccess\1.0.2\c4a06a64e650562f30b7bf9aaec1bfed43aca12b\failureaccess-1.0.2.jar to classpath.
[12:30:44] [main/DEBUG] (FabricLoader/Knot) Adding C:\Users\79522\.gradle\caches\modules-2\files-2.1\com.google.guava\guava\33.3.1-jre\852f8b363da0111e819460021ca693cacca3e8db\guava-33.3.1-jre.jar to classpath.
[12:30:44] [main/DEBUG] (FabricLoader/Knot) Adding C:\Users\79522\.gradle\caches\modules-2\files-2.1\com.ibm.icu\icu4j\76.1\215f3a8e936d4069344bd75f2b1368fd58112894\icu4j-76.1.jar to classpath.
[12:30:44] [main/DEBUG] (FabricLoader/Knot) Adding C:\Users\79522\.gradle\caches\modules-2\files-2.1\com.microsoft.azure\msal4j\1.17.2\a6211e3d71d0388929babaa0ff0951b30d001852\msal4j-1.17.2.jar to classpath.
[12:30:44] [main/DEBUG] (FabricLoader/Knot) Adding C:\Users\79522\.gradle\caches\modules-2\files-2.1\com.mojang\blocklist\1.0.10\5c685c5ffa94c4cd39496c7184c1d122e515ecef\blocklist-1.0.10.jar to classpath.
[12:30:44] [main/DEBUG] (FabricLoader/Knot) Adding C:\Users\79522\.gradle\caches\modules-2\files-2.1\com.mojang\brigadier\1.3.10\d15b53a14cf20fdcaa98f731af5dda654452c010\brigadier-1.3.10.jar to classpath.
[12:30:44] [main/DEBUG] (FabricLoader/Knot) Adding C:\Users\79522\.gradle\caches\modules-2\files-2.1\com.mojang\datafixerupper\8.0.16\67d4de6d7f95d89bcf5862995fb854ebaec02a34\datafixerupper-8.0.16.jar to classpath.
[12:30:44] [main/DEBUG] (FabricLoader/Knot) Adding C:\Users\79522\.gradle\caches\modules-2\files-2.1\com.mojang\jtracy\1.0.29\6f07dcb6a2e595c7ee2ca43b67e5d1c018ca0770\jtracy-1.0.29.jar to classpath.
[12:30:44] [main/DEBUG] (FabricLoader/Knot) Adding C:\Users\79522\.gradle\caches\modules-2\files-2.1\com.mojang\jtracy\1.0.29\e05332cb31c7ae582dc8d8bd1bffd47c2ff7636f\jtracy-1.0.29-natives-windows.jar to classpath.
[12:30:44] [main/DEBUG] (FabricLoader/Knot) Adding C:\Users\79522\.gradle\caches\modules-2\files-2.1\com.mojang\patchy\2.2.10\da05971b07cbb379d002cf7eaec6a2048211fefc\patchy-2.2.10.jar to classpath.
[12:30:44] [main/DEBUG] (FabricLoader/Knot) Adding C:\Users\79522\.gradle\caches\modules-2\files-2.1\com.mojang\text2speech\1.17.9\3cad216e3a7f0c19b4b394388bc9ffc446f13b14\text2speech-1.17.9.jar to classpath.
[12:30:44] [main/DEBUG] (FabricLoader/Knot) Adding C:\Users\79522\.gradle\caches\modules-2\files-2.1\com.nimbusds\content-type\2.3\e3aa0be212d7a42839a8f3f506f5b990bcce0222\content-type-2.3.jar to classpath.
[12:30:44] [main/DEBUG] (FabricLoader/Knot) Adding C:\Users\79522\.gradle\caches\modules-2\files-2.1\com.nimbusds\lang-tag\1.7\97c73ecd70bc7e8eefb26c5eea84f251a63f1031\lang-tag-1.7.jar to classpath.
[12:30:44] [main/DEBUG] (FabricLoader/Knot) Adding C:\Users\79522\.gradle\caches\modules-2\files-2.1\com.nimbusds\nimbus-jose-jwt\9.40\42b1dfa0360e4062951b070bac52dd8d96fd7b38\nimbus-jose-jwt-9.40.jar to classpath.
[12:30:44] [main/DEBUG] (FabricLoader/Knot) Adding C:\Users\79522\.gradle\caches\modules-2\files-2.1\com.nimbusds\oauth2-oidc-sdk\11.18\7c7ec4f4066625ff07a711ad856fa04da1ff9de\oauth2-oidc-sdk-11.18.jar to classpath.
[12:30:44] [main/DEBUG] (FabricLoader/Knot) Adding C:\Users\79522\.gradle\caches\modules-2\files-2.1\commons-codec\commons-codec\1.17.1\973638b7149d333563584137ebf13a691bb60579\commons-codec-1.17.1.jar to classpath.
[12:30:44] [main/DEBUG] (FabricLoader/Knot) Adding C:\Users\79522\.gradle\caches\modules-2\files-2.1\commons-io\commons-io\2.17.0\ddcc8433eb019fb48fe25207c0278143f3e1d7e2\commons-io-2.17.0.jar to classpath.
[12:30:44] [main/DEBUG] (FabricLoader/Knot) Adding C:\Users\79522\.gradle\caches\modules-2\files-2.1\commons-logging\commons-logging\1.3.4\b9fc14968d63a8b8a8a2c1885fe3e90564239708\commons-logging-1.3.4.jar to classpath.
[12:30:44] [main/DEBUG] (FabricLoader/Knot) Adding C:\Users\79522\.gradle\caches\modules-2\files-2.1\io.netty\netty-buffer\4.1.115.Final\d5daf1030e5c36d198caf7562da2441a97ec0df6\netty-buffer-4.1.115.Final.jar to classpath.
[12:30:44] [main/DEBUG] (FabricLoader/Knot) Adding C:\Users\79522\.gradle\caches\modules-2\files-2.1\io.netty\netty-codec\4.1.115.Final\d326bf3a4c785b272da3db6941779a1bd5448378\netty-codec-4.1.115.Final.jar to classpath.
[12:30:44] [main/DEBUG] (FabricLoader/Knot) Adding C:\Users\79522\.gradle\caches\modules-2\files-2.1\io.netty\netty-common\4.1.115.Final\9da10a9f72e3f87e181d91b525174007a6fc4f11\netty-common-4.1.115.Final.jar to classpath.
[12:30:44] [main/DEBUG] (FabricLoader/Knot) Adding C:\Users\79522\.gradle\caches\modules-2\files-2.1\io.netty\netty-handler\4.1.115.Final\d54dbf68b9d88a98240107758c6b63da5e46e23a\netty-handler-4.1.115.Final.jar to classpath.
[12:30:44] [main/DEBUG] (FabricLoader/Knot) Adding C:\Users\79522\.gradle\caches\modules-2\files-2.1\io.netty\netty-resolver\4.1.115.Final\e33b4d476c03975957f5d8d0319d592bf2bc5e96\netty-resolver-4.1.115.Final.jar to classpath.
[12:30:44] [main/DEBUG] (FabricLoader/Knot) Adding C:\Users\79522\.gradle\caches\modules-2\files-2.1\io.netty\netty-transport-classes-epoll\4.1.115.Final\11fea00408ecbd8b8d1f0698d708e37db4a01841\netty-transport-classes-epoll-4.1.115.Final.jar to classpath.
[12:30:44] [main/DEBUG] (FabricLoader/Knot) Adding C:\Users\79522\.gradle\caches\modules-2\files-2.1\io.netty\netty-transport-native-unix-common\4.1.115.Final\dc96c67d06cd6b5eb677f2728f27bf2e3d9a7284\netty-transport-native-unix-common-4.1.115.Final.jar to classpath.
[12:30:44] [main/DEBUG] (FabricLoader/Knot) Adding C:\Users\79522\.gradle\caches\modules-2\files-2.1\io.netty\netty-transport\4.1.115.Final\39cef77c1a25908ac1abf4960c2e789f0bf70ff9\netty-transport-4.1.115.Final.jar to classpath.
[12:30:44] [main/DEBUG] (FabricLoader/Knot) Adding C:\Users\79522\.gradle\caches\modules-2\files-2.1\it.unimi.dsi\fastutil\8.5.15\1e885b40c9563ab0d3899b871fd0b30e958705dc\fastutil-8.5.15.jar to classpath.
[12:30:44] [main/DEBUG] (FabricLoader/Knot) Adding C:\Users\79522\.gradle\caches\modules-2\files-2.1\net.java.dev.jna\jna-platform\5.15.0\86b502cad57d45da172b5e3231c537b042e296ef\jna-platform-5.15.0.jar to classpath.
[12:30:44] [main/DEBUG] (FabricLoader/Knot) Adding C:\Users\79522\.gradle\caches\modules-2\files-2.1\net.java.dev.jna\jna\5.15.0\1ee1d80ff44f08280188f7c0e740d57207841ac\jna-5.15.0.jar to classpath.
[12:30:44] [main/DEBUG] (FabricLoader/Knot) Adding C:\Users\79522\.gradle\caches\modules-2\files-2.1\net.minidev\accessors-smart\2.5.1\19b820261eb2e7de7d5bde11d1c06e4501dd7e5f\accessors-smart-2.5.1.jar to classpath.
[12:30:44] [main/DEBUG] (FabricLoader/Knot) Adding C:\Users\79522\.gradle\caches\modules-2\files-2.1\net.minidev\json-smart\2.5.1\4c11d2808d009132dfbbf947ebf37de6bf266c8e\json-smart-2.5.1.jar to classpath.
[12:30:44] [main/DEBUG] (FabricLoader/Knot) Adding C:\Users\79522\.gradle\caches\modules-2\files-2.1\net.sf.jopt-simple\jopt-simple\5.0.4\4fdac2fbe92dfad86aa6e9301736f6b4342a3f5c\jopt-simple-5.0.4.jar to classpath.
[12:30:44] [main/DEBUG] (FabricLoader/Knot) Adding C:\Users\79522\.gradle\caches\modules-2\files-2.1\org.apache.commons\commons-compress\1.27.1\a19151084758e2fbb6b41eddaa88e7b8ff4e6599\commons-compress-1.27.1.jar to classpath.
[12:30:44] [main/DEBUG] (FabricLoader/Knot) Adding C:\Users\79522\.gradle\caches\modules-2\files-2.1\org.apache.httpcomponents\httpclient\4.5.14\1194890e6f56ec29177673f2f12d0b8e627dec98\httpclient-4.5.14.jar to classpath.
[12:30:44] [main/DEBUG] (FabricLoader/Knot) Adding C:\Users\79522\.gradle\caches\modules-2\files-2.1\org.apache.httpcomponents\httpcore\4.4.16\51cf043c87253c9f58b539c9f7e44c8894223850\httpcore-4.4.16.jar to classpath.
[12:30:44] [main/DEBUG] (FabricLoader/Knot) Adding C:\Users\79522\.gradle\caches\modules-2\files-2.1\org.jcraft\jorbis\0.0.17\8872d22b293e8f5d7d56ff92be966e6dc28ebdc6\jorbis-0.0.17.jar to classpath.
[12:30:44] [main/DEBUG] (FabricLoader/Knot) Adding C:\Users\79522\.gradle\caches\modules-2\files-2.1\org.joml\joml\1.10.8\fc0a71dad90a2cf41d82a76156a0e700af8e4f8d\joml-1.10.8.jar to classpath.
[12:30:44] [main/DEBUG] (FabricLoader/Knot) Adding C:\Users\79522\.gradle\caches\modules-2\files-2.1\org.lwjgl\lwjgl-freetype\3.3.3\a0db6c84a8becc8ca05f9dbfa985edc348a824c7\lwjgl-freetype-3.3.3.jar to classpath.
[12:30:44] [main/DEBUG] (FabricLoader/Knot) Adding C:\Users\79522\.gradle\caches\modules-2\files-2.1\org.lwjgl\lwjgl-freetype\3.3.3\81091b006dbb43fab04c8c638e9ac87c51b4096d\lwjgl-freetype-3.3.3-natives-windows.jar to classpath.
[12:30:44] [main/DEBUG] (FabricLoader/Knot) Adding C:\Users\79522\.gradle\caches\modules-2\files-2.1\org.lwjgl\lwjgl-freetype\3.3.3\82028265a0a2ff33523ca75137ada7dc176e5210\lwjgl-freetype-3.3.3-natives-windows-arm64.jar to classpath.
[12:30:44] [main/DEBUG] (FabricLoader/Knot) Adding C:\Users\79522\.gradle\caches\modules-2\files-2.1\org.lwjgl\lwjgl-freetype\3.3.3\15a8c1de7f51d07a92eae7ce1222557073a0c0c3\lwjgl-freetype-3.3.3-natives-windows-x86.jar to classpath.
[12:30:44] [main/DEBUG] (FabricLoader/Knot) Adding C:\Users\79522\.gradle\caches\modules-2\files-2.1\org.lwjgl\lwjgl-glfw\3.3.3\efa1eb78c5ccd840e9f329717109b5e892d72f8e\lwjgl-glfw-3.3.3.jar to classpath.
[12:30:44] [main/DEBUG] (FabricLoader/Knot) Adding C:\Users\79522\.gradle\caches\modules-2\files-2.1\org.lwjgl\lwjgl-glfw\3.3.3\e449e28b4891fc423c54c85fbc5bb0b9efece67a\lwjgl-glfw-3.3.3-natives-windows.jar to classpath.
[12:30:44] [main/DEBUG] (FabricLoader/Knot) Adding C:\Users\79522\.gradle\caches\modules-2\files-2.1\org.lwjgl\lwjgl-glfw\3.3.3\f27018dc74f6289574502b46cce55d52817554e2\lwjgl-glfw-3.3.3-natives-windows-arm64.jar to classpath.
[12:30:44] [main/DEBUG] (FabricLoader/Knot) Adding C:\Users\79522\.gradle\caches\modules-2\files-2.1\org.lwjgl\lwjgl-glfw\3.3.3\32334f3fd5270a59bad9939a93115acb6de36dcf\lwjgl-glfw-3.3.3-natives-windows-x86.jar to classpath.
[12:30:44] [main/DEBUG] (FabricLoader/Knot) Adding C:\Users\79522\.gradle\caches\modules-2\files-2.1\org.lwjgl\lwjgl-jemalloc\3.3.3\b543467b7ff3c6920539a88ee602d34098628be5\lwjgl-jemalloc-3.3.3.jar to classpath.
[12:30:44] [main/DEBUG] (FabricLoader/Knot) Adding C:\Users\79522\.gradle\caches\modules-2\files-2.1\org.lwjgl\lwjgl-jemalloc\3.3.3\426222fc027602a5f21b9c0fe79cde6a4c7a011f\lwjgl-jemalloc-3.3.3-natives-windows.jar to classpath.
[12:30:44] [main/DEBUG] (FabricLoader/Knot) Adding C:\Users\79522\.gradle\caches\modules-2\files-2.1\org.lwjgl\lwjgl-jemalloc\3.3.3\ba1f3fed0ee4be0217eaa41c5bbfb4b9b1383c33\lwjgl-jemalloc-3.3.3-natives-windows-arm64.jar to classpath.
[12:30:44] [main/DEBUG] (FabricLoader/Knot) Adding C:\Users\79522\.gradle\caches\modules-2\files-2.1\org.lwjgl\lwjgl-jemalloc\3.3.3\f6063b6e0f23be483c5c88d84ce51b39dc69126c\lwjgl-jemalloc-3.3.3-natives-windows-x86.jar to classpath.
[12:30:44] [main/DEBUG] (FabricLoader/Knot) Adding C:\Users\79522\.gradle\caches\modules-2\files-2.1\org.lwjgl\lwjgl-openal\3.3.3\daada81ceb5fc0c291fbfdd4433cb8d9423577f2\lwjgl-openal-3.3.3.jar to classpath.
[12:30:44] [main/DEBUG] (FabricLoader/Knot) Adding C:\Users\79522\.gradle\caches\modules-2\files-2.1\org.lwjgl\lwjgl-openal\3.3.3\cf83862ae95d98496b26915024c7e666d8ab1c8f\lwjgl-openal-3.3.3-natives-windows.jar to classpath.
[12:30:44] [main/DEBUG] (FabricLoader/Knot) Adding C:\Users\79522\.gradle\caches\modules-2\files-2.1\org.lwjgl\lwjgl-openal\3.3.3\8e0615235116b9e4160dfe87bec90f5f6378bf72\lwjgl-openal-3.3.3-natives-windows-arm64.jar to classpath.
[12:30:44] [main/DEBUG] (FabricLoader/Knot) Adding C:\Users\79522\.gradle\caches\modules-2\files-2.1\org.lwjgl\lwjgl-openal\3.3.3\87b8d5050e3adb46bb58fe1cb2669a4a48fce10d\lwjgl-openal-3.3.3-natives-windows-x86.jar to classpath.
[12:30:44] [main/DEBUG] (FabricLoader/Knot) Adding C:\Users\79522\.gradle\caches\modules-2\files-2.1\org.lwjgl\lwjgl-opengl\3.3.3\2f6b0147078396a58979125a4c947664e98293a\lwjgl-opengl-3.3.3.jar to classpath.
[12:30:44] [main/DEBUG] (FabricLoader/Knot) Adding C:\Users\79522\.gradle\caches\modules-2\files-2.1\org.lwjgl\lwjgl-opengl\3.3.3\e6c1eec8be8a71951b830a4d69efc01c6531900c\lwjgl-opengl-3.3.3-natives-windows.jar to classpath.
[12:30:44] [main/DEBUG] (FabricLoader/Knot) Adding C:\Users\79522\.gradle\caches\modules-2\files-2.1\org.lwjgl\lwjgl-opengl\3.3.3\65e956d3735a1abdc82eff4baec1b61174697d4b\lwjgl-opengl-3.3.3-natives-windows-arm64.jar to classpath.
[12:30:44] [main/DEBUG] (FabricLoader/Knot) Adding C:\Users\79522\.gradle\caches\modules-2\files-2.1\org.lwjgl\lwjgl-opengl\3.3.3\d32d833dcaa2f355a886eaf21f0408b5f03241d\lwjgl-opengl-3.3.3-natives-windows-x86.jar to classpath.
[12:30:44] [main/DEBUG] (FabricLoader/Knot) Adding C:\Users\79522\.gradle\caches\modules-2\files-2.1\org.lwjgl\lwjgl-stb\3.3.3\25dd6161988d7e65f71d5065c99902402ee32746\lwjgl-stb-3.3.3.jar to classpath.
[12:30:44] [main/DEBUG] (FabricLoader/Knot) Adding C:\Users\79522\.gradle\caches\modules-2\files-2.1\org.lwjgl\lwjgl-stb\3.3.3\1d9facdf6541de114b0f963be33505b7679c78cb\lwjgl-stb-3.3.3-natives-windows.jar to classpath.
[12:30:44] [main/DEBUG] (FabricLoader/Knot) Adding C:\Users\79522\.gradle\caches\modules-2\files-2.1\org.lwjgl\lwjgl-stb\3.3.3\a584ab44de569708871f0a79561f4d8c37487f2c\lwjgl-stb-3.3.3-natives-windows-arm64.jar to classpath.
[12:30:44] [main/DEBUG] (FabricLoader/Knot) Adding C:\Users\79522\.gradle\caches\modules-2\files-2.1\org.lwjgl\lwjgl-stb\3.3.3\b5c874687b9aac1a936501d4ed2c49567fd1b575\lwjgl-stb-3.3.3-natives-windows-x86.jar to classpath.
[12:30:44] [main/DEBUG] (FabricLoader/Knot) Adding C:\Users\79522\.gradle\caches\modules-2\files-2.1\org.lwjgl\lwjgl-tinyfd\3.3.3\82d755ca94b102e9ca77283b9e2dc46d1b15fbe5\lwjgl-tinyfd-3.3.3.jar to classpath.
[12:30:44] [main/DEBUG] (FabricLoader/Knot) Adding C:\Users\79522\.gradle\caches\modules-2\files-2.1\org.lwjgl\lwjgl-tinyfd\3.3.3\a6697981b0449a5087c1d546fc08b4f73e8f98c9\lwjgl-tinyfd-3.3.3-natives-windows.jar to classpath.
[12:30:44] [main/DEBUG] (FabricLoader/Knot) Adding C:\Users\79522\.gradle\caches\modules-2\files-2.1\org.lwjgl\lwjgl-tinyfd\3.3.3\a88c494f3006eb91a7433b12a3a55a9a6c20788b\lwjgl-tinyfd-3.3.3-natives-windows-arm64.jar to classpath.
[12:30:44] [main/DEBUG] (FabricLoader/Knot) Adding C:\Users\79522\.gradle\caches\modules-2\files-2.1\org.lwjgl\lwjgl-tinyfd\3.3.3\c336c84ee88cccb495c6ffa112395509e7378e8a\lwjgl-tinyfd-3.3.3-natives-windows-x86.jar to classpath.
[12:30:44] [main/DEBUG] (FabricLoader/Knot) Adding C:\Users\79522\.gradle\caches\modules-2\files-2.1\org.lwjgl\lwjgl\3.3.3\29589b5f87ed335a6c7e7ee6a5775f81f97ecb84\lwjgl-3.3.3.jar to classpath.
[12:30:44] [main/DEBUG] (FabricLoader/Knot) Adding C:\Users\79522\.gradle\caches\modules-2\files-2.1\org.lwjgl\lwjgl\3.3.3\a5ed18a2b82fc91b81f40d717cb1f64c9dcb0540\lwjgl-3.3.3-natives-windows.jar to classpath.
[12:30:44] [main/DEBUG] (FabricLoader/Knot) Adding C:\Users\79522\.gradle\caches\modules-2\files-2.1\org.lwjgl\lwjgl\3.3.3\e9aca8c5479b520a2a7f0d542a118140e812c5e8\lwjgl-3.3.3-natives-windows-arm64.jar to classpath.
[12:30:44] [main/DEBUG] (FabricLoader/Knot) Adding C:\Users\79522\.gradle\caches\modules-2\files-2.1\org.lwjgl\lwjgl\3.3.3\9e670718e050aeaeea0c2d5b907cffb142f2e58f\lwjgl-3.3.3-natives-windows-x86.jar to classpath.
[12:30:44] [main/DEBUG] (FabricLoader/Knot) Adding C:\Users\79522\.gradle\caches\modules-2\files-2.1\org.lz4\lz4-java\1.8.0\4b986a99445e49ea5fbf5d149c4b63f6ed6c6780\lz4-java-1.8.0.jar to classpath.
[12:30:44] [main/DEBUG] (FabricLoader/Knot) Adding C:\Users\79522\.gradle\caches\modules-2\files-2.1\io.netty\netty-transport-native-epoll\4.1.115.Final\a6cc58c4a259bad159cbb06120cea9b3474e86a0\netty-transport-native-epoll-4.1.115.Final-linux-x86_64.jar to classpath.
[12:30:44] [main/DEBUG] (FabricLoader/Knot) Adding C:\Users\79522\.gradle\caches\modules-2\files-2.1\io.netty\netty-transport-native-epoll\4.1.115.Final\a80b32f98ceb4e27958c0ceaf22ddad9ea6c0d4e\netty-transport-native-epoll-4.1.115.Final-linux-aarch_64.jar to classpath.
[12:30:44] [main/DEBUG] (FabricLoader/Knot) Adding C:\Users\79522\Desktop\Delta\.gradle\loom-cache\remapped_mods\remapped\software\bernie\geckolib\geckolib-fabric-1.21.4-46549a5a\4.8.5\geckolib-fabric-1.21.4-46549a5a-4.8.5.jar to classpath.
[12:30:44] [main/DEBUG] (FabricLoader/Knot) Adding C:\Users\79522\Desktop\Delta\.gradle\loom-cache\remapped_mods\remapped\net\fabricmc\fabric-api\fabric-api-46549a5a\0.119.4+1.21.4\fabric-api-46549a5a-0.119.4+1.21.4.jar to classpath.
[12:30:44] [main/DEBUG] (FabricLoader/Knot) Adding C:\Users\79522\Desktop\Delta\.gradle\loom-cache\remapped_mods\remapped\net\fabricmc\fabric-api\fabric-transfer-api-v1-46549a5a\5.4.9+efa825c904\fabric-transfer-api-v1-46549a5a-5.4.9+efa825c904.jar to classpath.
[12:30:44] [main/DEBUG] (FabricLoader/Knot) Adding C:\Users\79522\Desktop\Delta\.gradle\loom-cache\remapped_mods\remapped\net\fabricmc\fabric-api\fabric-api-lookup-api-v1-46549a5a\1.6.86+b1caf1e904\fabric-api-lookup-api-v1-46549a5a-1.6.86+b1caf1e904.jar to classpath.
[12:30:44] [main/DEBUG] (FabricLoader/Knot) Adding C:\Users\79522\Desktop\Delta\.gradle\loom-cache\remapped_mods\remapped\net\fabricmc\fabric-api\fabric-blockrenderlayer-v1-46549a5a\2.0.8+7feeb73304\fabric-blockrenderlayer-v1-46549a5a-2.0.8+7feeb73304.jar to classpath.
[12:30:44] [main/DEBUG] (FabricLoader/Knot) Adding C:\Users\79522\Desktop\Delta\.gradle\loom-cache\remapped_mods\remapped\net\fabricmc\fabric-api\fabric-client-tags-api-v1-46549a5a\1.1.29+20ea1e2304\fabric-client-tags-api-v1-46549a5a-1.1.29+20ea1e2304.jar to classpath.
[12:30:44] [main/DEBUG] (FabricLoader/Knot) Adding C:\Users\79522\Desktop\Delta\.gradle\loom-cache\remapped_mods\remapped\net\fabricmc\fabric-api\fabric-command-api-v1-46549a5a\1.2.62+f71b366f04\fabric-command-api-v1-46549a5a-1.2.62+f71b366f04.jar to classpath.
[12:30:44] [main/DEBUG] (FabricLoader/Knot) Adding C:\Users\79522\Desktop\Delta\.gradle\loom-cache\remapped_mods\remapped\net\fabricmc\fabric-api\fabric-commands-v0-46549a5a\0.2.79+df3654b304\fabric-commands-v0-46549a5a-0.2.79+df3654b304.jar to classpath.
[12:30:44] [main/DEBUG] (FabricLoader/Knot) Adding C:\Users\79522\Desktop\Delta\.gradle\loom-cache\remapped_mods\remapped\net\fabricmc\fabric-api\fabric-command-api-v2-46549a5a\2.2.41+e496eb1504\fabric-command-api-v2-46549a5a-2.2.41+e496eb1504.jar to classpath.
[12:30:44] [main/DEBUG] (FabricLoader/Knot) Adding C:\Users\79522\Desktop\Delta\.gradle\loom-cache\remapped_mods\remapped\net\fabricmc\fabric-api\fabric-content-registries-v0-46549a5a\9.1.19+25d1a67604\fabric-content-registries-v0-46549a5a-9.1.19+25d1a67604.jar to classpath.
[12:30:44] [main/DEBUG] (FabricLoader/Knot) Adding C:\Users\79522\Desktop\Delta\.gradle\loom-cache\remapped_mods\remapped\net\fabricmc\fabric-api\fabric-data-generation-api-v1-46549a5a\22.3.1+0f4e5f5504\fabric-data-generation-api-v1-46549a5a-22.3.1+0f4e5f5504.jar to classpath.
[12:30:44] [main/DEBUG] (FabricLoader/Knot) Adding C:\Users\79522\Desktop\Delta\.gradle\loom-cache\remapped_mods\remapped\net\fabricmc\fabric-api\fabric-convention-tags-v1-46549a5a\2.1.20+7f945d5b04\fabric-convention-tags-v1-46549a5a-2.1.20+7f945d5b04.jar to classpath.
[12:30:44] [main/DEBUG] (FabricLoader/Knot) Adding C:\Users\79522\Desktop\Delta\.gradle\loom-cache\remapped_mods\remapped\net\fabricmc\fabric-api\fabric-convention-tags-v2-46549a5a\2.14.1+aebda09404\fabric-convention-tags-v2-46549a5a-2.14.1+aebda09404.jar to classpath.
[12:30:44] [main/DEBUG] (FabricLoader/Knot) Adding C:\Users\79522\Desktop\Delta\.gradle\loom-cache\remapped_mods\remapped\net\fabricmc\fabric-api\fabric-data-attachment-api-v1-46549a5a\1.6.2+e99da0f704\fabric-data-attachment-api-v1-46549a5a-1.6.2+e99da0f704.jar to classpath.
[12:30:44] [main/DEBUG] (FabricLoader/Knot) Adding C:\Users\79522\Desktop\Delta\.gradle\loom-cache\remapped_mods\remapped\net\fabricmc\fabric-api\fabric-entity-events-v1-46549a5a\2.0.15+62245bef04\fabric-entity-events-v1-46549a5a-2.0.15+62245bef04.jar to classpath.
[12:30:44] [main/DEBUG] (FabricLoader/Knot) Adding C:\Users\79522\Desktop\Delta\.gradle\loom-cache\remapped_mods\remapped\net\fabricmc\fabric-api\fabric-events-interaction-v0-46549a5a\4.0.4+a4eebcf004\fabric-events-interaction-v0-46549a5a-4.0.4+a4eebcf004.jar to classpath.
[12:30:44] [main/DEBUG] (FabricLoader/Knot) Adding C:\Users\79522\Desktop\Delta\.gradle\loom-cache\remapped_mods\remapped\net\fabricmc\fabric-api\fabric-gametest-api-v1-46549a5a\2.0.26+7feeb73304\fabric-gametest-api-v1-46549a5a-2.0.26+7feeb73304.jar to classpath.
[12:30:44] [main/DEBUG] (FabricLoader/Knot) Adding C:\Users\79522\Desktop\Delta\.gradle\loom-cache\remapped_mods\remapped\net\fabricmc\fabric-api\fabric-item-api-v1-46549a5a\11.4.0+189dd6fe04\fabric-item-api-v1-46549a5a-11.4.0+189dd6fe04.jar to classpath.
[12:30:44] [main/DEBUG] (FabricLoader/Knot) Adding C:\Users\79522\Desktop\Delta\.gradle\loom-cache\remapped_mods\remapped\net\fabricmc\fabric-api\fabric-item-group-api-v1-46549a5a\4.2.2+fcb9601404\fabric-item-group-api-v1-46549a5a-4.2.2+fcb9601404.jar to classpath.
[12:30:44] [main/DEBUG] (FabricLoader/Knot) Adding C:\Users\79522\Desktop\Delta\.gradle\loom-cache\remapped_mods\remapped\net\fabricmc\fabric-api\fabric-lifecycle-events-v1-46549a5a\2.5.4+bf2a60eb04\fabric-lifecycle-events-v1-46549a5a-2.5.4+bf2a60eb04.jar to classpath.
[12:30:44] [main/DEBUG] (FabricLoader/Knot) Adding C:\Users\79522\Desktop\Delta\.gradle\loom-cache\remapped_mods\remapped\net\fabricmc\fabric-api\fabric-loot-api-v2-46549a5a\3.0.38+3f89f5a504\fabric-loot-api-v2-46549a5a-3.0.38+3f89f5a504.jar to classpath.
[12:30:44] [main/DEBUG] (FabricLoader/Knot) Adding C:\Users\79522\Desktop\Delta\.gradle\loom-cache\remapped_mods\remapped\net\fabricmc\fabric-api\fabric-loot-api-v3-46549a5a\1.0.26+203e6b2304\fabric-loot-api-v3-46549a5a-1.0.26+203e6b2304.jar to classpath.
[12:30:44] [main/DEBUG] (FabricLoader/Knot) Adding C:\Users\79522\Desktop\Delta\.gradle\loom-cache\remapped_mods\remapped\net\fabricmc\fabric-api\fabric-message-api-v1-46549a5a\6.0.26+238a33c004\fabric-message-api-v1-46549a5a-6.0.26+238a33c004.jar to classpath.
[12:30:44] [main/DEBUG] (FabricLoader/Knot) Adding C:\Users\79522\Desktop\Delta\.gradle\loom-cache\remapped_mods\remapped\net\fabricmc\fabric-api\fabric-model-loading-api-v1-46549a5a\4.3.0+ae23723504\fabric-model-loading-api-v1-46549a5a-4.3.0+ae23723504.jar to classpath.
[12:30:44] [main/DEBUG] (FabricLoader/Knot) Adding C:\Users\79522\Desktop\Delta\.gradle\loom-cache\remapped_mods\remapped\net\fabricmc\fabric-api\fabric-recipe-api-v1-46549a5a\8.1.1+640e77ae04\fabric-recipe-api-v1-46549a5a-8.1.1+640e77ae04.jar to classpath.
[12:30:44] [main/DEBUG] (FabricLoader/Knot) Adding C:\Users\79522\Desktop\Delta\.gradle\loom-cache\remapped_mods\remapped\net\fabricmc\fabric-api\fabric-screen-handler-api-v1-46549a5a\1.3.118+7feeb73304\fabric-screen-handler-api-v1-46549a5a-1.3.118+7feeb73304.jar to classpath.
[12:30:44] [main/DEBUG] (FabricLoader/Knot) Adding C:\Users\79522\Desktop\Delta\.gradle\loom-cache\remapped_mods\remapped\net\fabricmc\fabric-api\fabric-registry-sync-v0-46549a5a\6.1.11+4a9c1ece04\fabric-registry-sync-v0-46549a5a-6.1.11+4a9c1ece04.jar to classpath.
[12:30:44] [main/DEBUG] (FabricLoader/Knot) Adding C:\Users\79522\Desktop\Delta\.gradle\loom-cache\remapped_mods\remapped\net\fabricmc\fabric-api\fabric-networking-api-v1-46549a5a\4.4.0+db5e668204\fabric-networking-api-v1-46549a5a-4.4.0+db5e668204.jar to classpath.
[12:30:44] [main/DEBUG] (FabricLoader/Knot) Adding C:\Users\79522\Desktop\Delta\.gradle\loom-cache\remapped_mods\remapped\net\fabricmc\fabric-api\fabric-object-builder-api-v1-46549a5a\18.0.14+38b0d59804\fabric-object-builder-api-v1-46549a5a-18.0.14+38b0d59804.jar to classpath.
[12:30:44] [main/DEBUG] (FabricLoader/Knot) Adding C:\Users\79522\Desktop\Delta\.gradle\loom-cache\remapped_mods\remapped\net\fabricmc\fabric-api\fabric-particles-v1-46549a5a\4.0.14+7feeb73304\fabric-particles-v1-46549a5a-4.0.14+7feeb73304.jar to classpath.
[12:30:44] [main/DEBUG] (FabricLoader/Knot) Adding C:\Users\79522\Desktop\Delta\.gradle\loom-cache\remapped_mods\remapped\net\fabricmc\fabric-api\fabric-renderer-indigo-46549a5a\2.0.3+50f0feb204\fabric-renderer-indigo-46549a5a-2.0.3+50f0feb204.jar to classpath.
[12:30:44] [main/DEBUG] (FabricLoader/Knot) Adding C:\Users\79522\Desktop\Delta\.gradle\loom-cache\remapped_mods\remapped\net\fabricmc\fabric-api\fabric-renderer-api-v1-46549a5a\5.0.3+50f0feb204\fabric-renderer-api-v1-46549a5a-5.0.3+50f0feb204.jar to classpath.
[12:30:44] [main/DEBUG] (FabricLoader/Knot) Adding C:\Users\79522\Desktop\Delta\.gradle\loom-cache\remapped_mods\remapped\net\fabricmc\fabric-api\fabric-rendering-fluids-v1-46549a5a\3.1.19+7feeb73304\fabric-rendering-fluids-v1-46549a5a-3.1.19+7feeb73304.jar to classpath.
[12:30:44] [main/DEBUG] (FabricLoader/Knot) Adding C:\Users\79522\Desktop\Delta\.gradle\loom-cache\remapped_mods\remapped\net\fabricmc\fabric-api\fabric-rendering-v1-46549a5a\10.2.1+0d31b09f04\fabric-rendering-v1-46549a5a-10.2.1+0d31b09f04.jar to classpath.
[12:30:44] [main/DEBUG] (FabricLoader/Knot) Adding C:\Users\79522\Desktop\Delta\.gradle\loom-cache\remapped_mods\remapped\net\fabricmc\fabric-api\fabric-tag-api-v1-46549a5a\1.0.7+7d48d43904\fabric-tag-api-v1-46549a5a-1.0.7+7d48d43904.jar to classpath.
[12:30:44] [main/DEBUG] (FabricLoader/Knot) Adding C:\Users\79522\Desktop\Delta\.gradle\loom-cache\remapped_mods\remapped\net\fabricmc\fabric-api\fabric-resource-loader-v0-46549a5a\3.1.1+360374ac04\fabric-resource-loader-v0-46549a5a-3.1.1+360374ac04.jar to classpath.
[12:30:44] [main/DEBUG] (FabricLoader/Knot) Adding C:\Users\79522\Desktop\Delta\.gradle\loom-cache\remapped_mods\remapped\net\fabricmc\fabric-api\fabric-screen-api-v1-46549a5a\2.0.38+7feeb73304\fabric-screen-api-v1-46549a5a-2.0.38+7feeb73304.jar to classpath.
[12:30:44] [main/DEBUG] (FabricLoader/Knot) Adding C:\Users\79522\Desktop\Delta\.gradle\loom-cache\remapped_mods\remapped\net\fabricmc\fabric-api\fabric-api-base-46549a5a\0.4.54+b47eab6b04\fabric-api-base-46549a5a-0.4.54+b47eab6b04.jar to classpath.
[12:30:44] [main/DEBUG] (FabricLoader/Knot) Adding C:\Users\79522\Desktop\Delta\.gradle\loom-cache\remapped_mods\remapped\net\fabricmc\fabric-api\fabric-biome-api-v1-46549a5a\15.0.6+b1c29d8e04\fabric-biome-api-v1-46549a5a-15.0.6+b1c29d8e04.jar to classpath.
[12:30:44] [main/DEBUG] (FabricLoader/Knot) Adding C:\Users\79522\Desktop\Delta\.gradle\loom-cache\remapped_mods\remapped\net\fabricmc\fabric-api\fabric-block-api-v1-46549a5a\1.0.31+7feeb73304\fabric-block-api-v1-46549a5a-1.0.31+7feeb73304.jar to classpath.
[12:30:44] [main/DEBUG] (FabricLoader/Knot) Adding C:\Users\79522\Desktop\Delta\.gradle\loom-cache\remapped_mods\remapped\net\fabricmc\fabric-api\fabric-rendering-data-attachment-v1-46549a5a\0.3.58+73761d2e04\fabric-rendering-data-attachment-v1-46549a5a-0.3.58+73761d2e04.jar to classpath.
[12:30:44] [main/DEBUG] (FabricLoader/Knot) Adding C:\Users\79522\Desktop\Delta\.gradle\loom-cache\remapped_mods\remapped\net\fabricmc\fabric-api\fabric-block-view-api-v2-46549a5a\1.0.20+9c49cc8c04\fabric-block-view-api-v2-46549a5a-1.0.20+9c49cc8c04.jar to classpath.
[12:30:44] [main/DEBUG] (FabricLoader/Knot) Adding C:\Users\79522\Desktop\Delta\.gradle\loom-cache\remapped_mods\remapped\net\fabricmc\fabric-api\fabric-client-gametest-api-v1-46549a5a\4.1.1+6816ccd404\fabric-client-gametest-api-v1-46549a5a-4.1.1+6816ccd404.jar to classpath.
[12:30:44] [main/DEBUG] (FabricLoader/Knot) Adding C:\Users\79522\Desktop\Delta\.gradle\loom-cache\remapped_mods\remapped\net\fabricmc\fabric-api\fabric-crash-report-info-v1-46549a5a\0.3.6+7feeb73304\fabric-crash-report-info-v1-46549a5a-0.3.6+7feeb73304.jar to classpath.
[12:30:44] [main/DEBUG] (FabricLoader/Knot) Adding C:\Users\79522\Desktop\Delta\.gradle\loom-cache\remapped_mods\remapped\net\fabricmc\fabric-api\fabric-dimensions-v1-46549a5a\4.0.10+7feeb73304\fabric-dimensions-v1-46549a5a-4.0.10+7feeb73304.jar to classpath.
[12:30:44] [main/DEBUG] (FabricLoader/Knot) Adding C:\Users\79522\Desktop\Delta\.gradle\loom-cache\remapped_mods\remapped\net\fabricmc\fabric-api\fabric-game-rule-api-v1-46549a5a\1.0.63+7d48d43904\fabric-game-rule-api-v1-46549a5a-1.0.63+7d48d43904.jar to classpath.
[12:30:44] [main/DEBUG] (FabricLoader/Knot) Adding C:\Users\79522\Desktop\Delta\.gradle\loom-cache\remapped_mods\remapped\net\fabricmc\fabric-api\fabric-keybindings-v0-46549a5a\0.2.55+df3654b304\fabric-keybindings-v0-46549a5a-0.2.55+df3654b304.jar to classpath.
[12:30:44] [main/DEBUG] (FabricLoader/Knot) Adding C:\Users\79522\Desktop\Delta\.gradle\loom-cache\remapped_mods\remapped\net\fabricmc\fabric-api\fabric-key-binding-api-v1-46549a5a\1.0.57+7d48d43904\fabric-key-binding-api-v1-46549a5a-1.0.57+7d48d43904.jar to classpath.
[12:30:44] [main/DEBUG] (FabricLoader/Knot) Adding C:\Users\79522\Desktop\Delta\.gradle\loom-cache\remapped_mods\remapped\net\fabricmc\fabric-api\fabric-resource-conditions-api-v1-46549a5a\5.0.13+203e6b2304\fabric-resource-conditions-api-v1-46549a5a-5.0.13+203e6b2304.jar to classpath.
[12:30:44] [main/DEBUG] (FabricLoader/Knot) Adding C:\Users\79522\Desktop\Delta\.gradle\loom-cache\remapped_mods\remapped\net\fabricmc\fabric-api\fabric-sound-api-v1-46549a5a\1.0.32+7feeb73304\fabric-sound-api-v1-46549a5a-1.0.32+7feeb73304.jar to classpath.
[12:30:44] [main/DEBUG] (FabricLoader/Knot) Adding C:\Users\79522\Desktop\Delta\.gradle\loom-cache\remapped_mods\remapped\net\fabricmc\fabric-api\fabric-transitive-access-wideners-v1-46549a5a\6.3.2+56e78b9b04\fabric-transitive-access-wideners-v1-46549a5a-6.3.2+56e78b9b04.jar to classpath.
[12:30:44] [main/DEBUG] (FabricLoader/Entrypoint) No subscribers for entrypoint 'preLaunch'
[12:30:44] [main/DEBUG] (FabricLoader/Mixin) Preparing mixins for MixinEnvironment[DEFAULT]
[12:30:44] [main/DEBUG] (FabricLoader/Mixin) Selecting config fabric-data-attachment-api-v1.mixins.json
[12:30:44] [main/DEBUG] (FabricLoader/Mixin) Remapping refMap fabric-data-attachment-api-v1-refmap.json using remapper chain
[12:30:44] [main/DEBUG] (FabricLoader/Mixin) Selecting config fabric-data-attachment-api-v1.client.mixins.json
[12:30:44] [main/DEBUG] (FabricLoader/Mixin) Remapping refMap client-fabric-data-attachment-api-v1-refmap.json using remapper chain
[12:30:44] [main/DEBUG] (FabricLoader/Mixin) Selecting config fabric-convention-tags-api-v2.mixins.json
[12:30:44] [main/DEBUG] (FabricLoader/Mixin) Remapping refMap fabric-convention-tags-v2-refmap.json using remapper chain
[12:30:44] [main/DEBUG] (FabricLoader/Mixin) Selecting config fabric-tag-api-v1.mixins.json
[12:30:44] [main/DEBUG] (FabricLoader/Mixin) Remapping refMap fabric-tag-api-v1-refmap.json using remapper chain
[12:30:44] [main/DEBUG] (FabricLoader/Mixin) Selecting config fabric-rendering-fluids-v1.mixins.json
[12:30:44] [main/DEBUG] (FabricLoader/Mixin) Remapping refMap client-fabric-rendering-fluids-v1-refmap.json using remapper chain
[12:30:44] [main/DEBUG] (FabricLoader/Mixin) Selecting config fabric-transfer-api-v1.mixins.json
[12:30:44] [main/DEBUG] (FabricLoader/Mixin) Remapping refMap fabric-transfer-api-v1-refmap.json using remapper chain
[12:30:44] [main/DEBUG] (FabricLoader/Mixin) Selecting config fabric-message-api-v1.mixins.json
[12:30:44] [main/DEBUG] (FabricLoader/Mixin) Remapping refMap fabric-message-api-v1-refmap.json using remapper chain
[12:30:44] [main/DEBUG] (FabricLoader/Mixin) Selecting config fabric-message-api-v1.client.mixins.json
[12:30:44] [main/DEBUG] (FabricLoader/Mixin) Remapping refMap client-fabric-message-api-v1-refmap.json using remapper chain
[12:30:44] [main/DEBUG] (FabricLoader/Mixin) Selecting config fabric-content-registries-v0.mixins.json
[12:30:44] [main/DEBUG] (FabricLoader/Mixin) Remapping refMap fabric-content-registries-v0-refmap.json using remapper chain
[12:30:44] [main/DEBUG] (FabricLoader/Mixin) Selecting config fabric-screen-api-v1.mixins.json
[12:30:44] [main/DEBUG] (FabricLoader/Mixin) Remapping refMap client-fabric-screen-api-v1-refmap.json using remapper chain
[12:30:44] [main/DEBUG] (FabricLoader/Mixin) Selecting config fabric-events-interaction-v0.mixins.json
[12:30:44] [main/DEBUG] (FabricLoader/Mixin) Remapping refMap fabric-events-interaction-v0-refmap.json using remapper chain
[12:30:44] [main/DEBUG] (FabricLoader/Mixin) Selecting config fabric-events-interaction-v0.client.mixins.json
[12:30:44] [main/DEBUG] (FabricLoader/Mixin) Remapping refMap client-fabric-events-interaction-v0-refmap.json using remapper chain
[12:30:44] [main/DEBUG] (FabricLoader/Mixin) Selecting config fabric-item-api-v1.mixins.json
[12:30:44] [main/DEBUG] (FabricLoader/Mixin) Remapping refMap fabric-item-api-v1-refmap.json using remapper chain
[12:30:44] [main/DEBUG] (FabricLoader/Mixin) Selecting config fabric-item-api-v1.client.mixins.json
[12:30:44] [main/DEBUG] (FabricLoader/Mixin) Remapping refMap client-fabric-item-api-v1-refmap.json using remapper chain
[12:30:44] [main/DEBUG] (FabricLoader/Mixin) Selecting config geckolib.mixins.json
[12:30:44] [main/DEBUG] (FabricLoader/Mixin) Remapping refMap geckolib.refmap.json using remapper chain
[12:30:44] [main/DEBUG] (FabricLoader/Mixin) Selecting config delta.mixins.json
[12:30:44] [main/DEBUG] (FabricLoader/Mixin) Remapping refMap delta-refmap.json using remapper chain
[12:30:44] [main/DEBUG] (FabricLoader/Mixin) Selecting config fabric-model-loading-api-v1.mixins.json
[12:30:44] [main/DEBUG] (FabricLoader/Mixin) Remapping refMap client-fabric-model-loading-api-v1-refmap.json using remapper chain
[12:30:44] [main/DEBUG] (FabricLoader/Mixin) Selecting config fabric-api-lookup-api-v1.mixins.json
[12:30:44] [main/DEBUG] (FabricLoader/Mixin) Remapping refMap fabric-api-lookup-api-v1-refmap.json using remapper chain
[12:30:44] [main/DEBUG] (FabricLoader/Mixin) Selecting config fabric-command-api-v2.mixins.json
[12:30:44] [main/DEBUG] (FabricLoader/Mixin) Remapping refMap fabric-command-api-v2-refmap.json using remapper chain
[12:30:44] [main/DEBUG] (FabricLoader/Mixin) Selecting config fabric-command-api-v2.client.mixins.json
[12:30:44] [main/DEBUG] (FabricLoader/Mixin) Remapping refMap client-fabric-command-api-v2-refmap.json using remapper chain
[12:30:44] [main/DEBUG] (FabricLoader/Mixin) Selecting config fabric-block-view-api-v2.mixins.json
[12:30:44] [main/DEBUG] (FabricLoader/Mixin) Remapping refMap fabric-block-view-api-v2-refmap.json using remapper chain
[12:30:44] [main/DEBUG] (FabricLoader/Mixin) Selecting config fabric-block-view-api-v2.client.mixins.json
[12:30:44] [main/DEBUG] (FabricLoader/Mixin) Remapping refMap client-fabric-block-view-api-v2-refmap.json using remapper chain
[12:30:44] [main/DEBUG] (FabricLoader/Mixin) Selecting config fabric-resource-loader-v0.mixins.json
[12:30:44] [main/DEBUG] (FabricLoader/Mixin) Remapping refMap fabric-resource-loader-v0-refmap.json using remapper chain
[12:30:44] [main/DEBUG] (FabricLoader/Mixin) Selecting config fabric-resource-loader-v0.client.mixins.json
[12:30:44] [main/DEBUG] (FabricLoader/Mixin) Remapping refMap client-fabric-resource-loader-v0-refmap.json using remapper chain
[12:30:44] [main/DEBUG] (FabricLoader/Mixin) Selecting config fabric-client-gametest-api-v1.mixins.json
[12:30:44] [main/DEBUG] (FabricLoader/Mixin) Remapping refMap client-fabric-client-gametest-api-v1-refmap.json using remapper chain
[12:30:44] [main/DEBUG] (FabricLoader/Mixin) Selecting config fabric-rendering-data-attachment-v1.mixins.json
[12:30:44] [main/DEBUG] (FabricLoader/Mixin) Remapping refMap fabric-rendering-data-attachment-v1-refmap.json using remapper chain
[12:30:44] [main/DEBUG] (FabricLoader/Mixin) Selecting config fabric-rendering-data-attachment-v1.client.mixins.json
[12:30:44] [main/DEBUG] (FabricLoader/Mixin) Remapping refMap client-fabric-rendering-data-attachment-v1-refmap.json using remapper chain
[12:30:44] [main/DEBUG] (FabricLoader/Mixin) Selecting config fabric-resource-conditions-api-v1.mixins.json
[12:30:44] [main/DEBUG] (FabricLoader/Mixin) Remapping refMap fabric-resource-conditions-api-v1-refmap.json using remapper chain
[12:30:44] [main/DEBUG] (FabricLoader/Mixin) Selecting config fabric-loot-api-v3.mixins.json
[12:30:44] [main/DEBUG] (FabricLoader/Mixin) Remapping refMap fabric-loot-api-v3-refmap.json using remapper chain
[12:30:44] [main/DEBUG] (FabricLoader/Mixin) Selecting config fabric-gametest-api-v1.mixins.json
[12:30:44] [main/DEBUG] (FabricLoader/Mixin) Remapping refMap fabric-gametest-api-v1-refmap.json using remapper chain
[12:30:44] [main/DEBUG] (FabricLoader/Mixin) Selecting config fabric-renderer-indigo.mixins.json
[12:30:44] [main/DEBUG] (FabricLoader/Mixin) Remapping refMap client-fabric-renderer-indigo-refmap.json using remapper chain
[12:30:44] [main/DEBUG] (FabricLoader/Mixin) Selecting config fabric-loot-api-v2.mixins.json
[12:30:44] [main/DEBUG] (FabricLoader/Mixin) Remapping refMap fabric-loot-api-v2-refmap.json using remapper chain
[12:30:44] [main/DEBUG] (FabricLoader/Mixin) Selecting config fabric-registry-sync-v0.mixins.json
[12:30:44] [main/DEBUG] (FabricLoader/Mixin) Remapping refMap fabric-registry-sync-v0-refmap.json using remapper chain
[12:30:44] [main/DEBUG] (FabricLoader/Mixin) Selecting config fabric-registry-sync-v0.client.mixins.json
[12:30:44] [main/DEBUG] (FabricLoader/Mixin) Remapping refMap client-fabric-registry-sync-v0-refmap.json using remapper chain
[12:30:44] [main/DEBUG] (FabricLoader/Mixin) Selecting config fabric-dimensions-v1.mixins.json
[12:30:44] [main/DEBUG] (FabricLoader/Mixin) Remapping refMap fabric-dimensions-v1-refmap.json using remapper chain
[12:30:44] [main/DEBUG] (FabricLoader/Mixin) Selecting config fabric-item-group-api-v1.mixins.json
[12:30:44] [main/DEBUG] (FabricLoader/Mixin) Remapping refMap fabric-item-group-api-v1-refmap.json using remapper chain
[12:30:44] [main/DEBUG] (FabricLoader/Mixin) Selecting config fabric-item-group-api-v1.client.mixins.json
[12:30:44] [main/DEBUG] (FabricLoader/Mixin) Remapping refMap client-fabric-item-group-api-v1-refmap.json using remapper chain
[12:30:44] [main/DEBUG] (FabricLoader/Mixin) Selecting config fabric-biome-api-v1.mixins.json
[12:30:44] [main/DEBUG] (FabricLoader/Mixin) Remapping refMap fabric-biome-api-v1-refmap.json using remapper chain
[12:30:44] [main/DEBUG] (FabricLoader/Mixin) Selecting config fabric-screen-handler-api-v1.mixins.json
[12:30:44] [main/DEBUG] (FabricLoader/Mixin) Remapping refMap fabric-screen-handler-api-v1-refmap.json using remapper chain
[12:30:44] [main/DEBUG] (FabricLoader/Mixin) Selecting config fabric-sound-api-v1.mixins.json
[12:30:44] [main/DEBUG] (FabricLoader/Mixin) Remapping refMap client-fabric-sound-api-v1-refmap.json using remapper chain
[12:30:44] [main/DEBUG] (FabricLoader/Mixin) Selecting config fabric-particles-v1.client.mixins.json
[12:30:44] [main/DEBUG] (FabricLoader/Mixin) Remapping refMap client-fabric-particles-v1-refmap.json using remapper chain
[12:30:44] [main/DEBUG] (FabricLoader/Mixin) Selecting config fabric-blockrenderlayer-v1.mixins.json
[12:30:44] [main/DEBUG] (FabricLoader/Mixin) Remapping refMap client-fabric-blockrenderlayer-v1-refmap.json using remapper chain
[12:30:44] [main/DEBUG] (FabricLoader/Mixin) Selecting config fabric-crash-report-info-v1.mixins.json
[12:30:44] [main/DEBUG] (FabricLoader/Mixin) Remapping refMap fabric-crash-report-info-v1-refmap.json using remapper chain
[12:30:44] [main/DEBUG] (FabricLoader/Mixin) Selecting config fabric-data-generation-api-v1.mixins.json
[12:30:45] [main/DEBUG] (FabricLoader/Mixin) Remapping refMap fabric-data-generation-api-v1-refmap.json using remapper chain
[12:30:45] [main/DEBUG] (FabricLoader/Mixin) Selecting config fabric-data-generation-api-v1.client.mixins.json
[12:30:45] [main/DEBUG] (FabricLoader/Mixin) Remapping refMap client-fabric-data-generation-api-v1-refmap.json using remapper chain
[12:30:45] [main/DEBUG] (FabricLoader/Mixin) Selecting config fabric-renderer-api-v1.mixins.json
[12:30:45] [main/DEBUG] (FabricLoader/Mixin) Remapping refMap client-fabric-renderer-api-v1-refmap.json using remapper chain
[12:30:45] [main/DEBUG] (FabricLoader/Mixin) Selecting config fabric-renderer-api-v1.debughud.mixins.json
[12:30:45] [main/DEBUG] (FabricLoader/Mixin) Remapping refMap client-fabric-renderer-api-v1-refmap.json using remapper chain
[12:30:45] [main/DEBUG] (FabricLoader/Mixin) Selecting config fabric-rendering-v1.mixins.json
[12:30:45] [main/DEBUG] (FabricLoader/Mixin) Remapping refMap client-fabric-rendering-v1-refmap.json using remapper chain
[12:30:45] [main/DEBUG] (FabricLoader/Mixin) Selecting config fabric-game-rule-api-v1.mixins.json
[12:30:45] [main/DEBUG] (FabricLoader/Mixin) Remapping refMap fabric-game-rule-api-v1-refmap.json using remapper chain
[12:30:45] [main/DEBUG] (FabricLoader/Mixin) Selecting config fabric-game-rule-api-v1.client.mixins.json
[12:30:45] [main/DEBUG] (FabricLoader/Mixin) Remapping refMap client-fabric-game-rule-api-v1-refmap.json using remapper chain
[12:30:45] [main/DEBUG] (FabricLoader/Mixin) Selecting config fabric-lifecycle-events-v1.mixins.json
[12:30:45] [main/DEBUG] (FabricLoader/Mixin) Remapping refMap fabric-lifecycle-events-v1-refmap.json using remapper chain
[12:30:45] [main/DEBUG] (FabricLoader/Mixin) Selecting config fabric-lifecycle-events-v1.client.mixins.json
[12:30:45] [main/DEBUG] (FabricLoader/Mixin) Remapping refMap client-fabric-lifecycle-events-v1-refmap.json using remapper chain
[12:30:45] [main/DEBUG] (FabricLoader/Mixin) Selecting config fabric-object-builder-v1.mixins.json
[12:30:45] [main/DEBUG] (FabricLoader/Mixin) Remapping refMap fabric-object-builder-api-v1-refmap.json using remapper chain
[12:30:45] [main/DEBUG] (FabricLoader/Mixin) Selecting config fabric-object-builder-v1.client.mixins.json
[12:30:45] [main/DEBUG] (FabricLoader/Mixin) Remapping refMap client-fabric-object-builder-api-v1-refmap.json using remapper chain
[12:30:45] [main/DEBUG] (FabricLoader/Mixin) Selecting config fabric-key-binding-api-v1.mixins.json
[12:30:45] [main/DEBUG] (FabricLoader/Mixin) Remapping refMap client-fabric-key-binding-api-v1-refmap.json using remapper chain
[12:30:45] [main/DEBUG] (FabricLoader/Mixin) Selecting config mixinextras.init.mixins.json
[12:30:45] [main/DEBUG] (FabricLoader/MixinExtras|Service) com.llamalad7.mixinextras.service.MixinExtrasServiceImpl(version=0.5.4) is taking over from null
[12:30:45] [main/DEBUG] (FabricLoader/Mixin) Registering new injector for @Inject with org.spongepowered.asm.mixin.injection.struct.CallbackInjectionInfo
[12:30:45] [main/DEBUG] (FabricLoader/Mixin) Registering new injector for @ModifyArg with org.spongepowered.asm.mixin.injection.struct.ModifyArgInjectionInfo
[12:30:45] [main/DEBUG] (FabricLoader/Mixin) Registering new injector for @ModifyArgs with org.spongepowered.asm.mixin.injection.struct.ModifyArgsInjectionInfo
[12:30:45] [main/DEBUG] (FabricLoader/Mixin) Registering new injector for @Redirect with org.spongepowered.asm.mixin.injection.struct.RedirectInjectionInfo
[12:30:45] [main/DEBUG] (FabricLoader/Mixin) Registering new injector for @ModifyVariable with org.spongepowered.asm.mixin.injection.struct.ModifyVariableInjectionInfo
[12:30:45] [main/DEBUG] (FabricLoader/Mixin) Registering new injector for @ModifyConstant with org.spongepowered.asm.mixin.injection.struct.ModifyConstantInjectionInfo
[12:30:45] [main/DEBUG] (FabricLoader/Mixin) Selecting config fabric-networking-api-v1.mixins.json
[12:30:45] [main/DEBUG] (FabricLoader/Mixin) Remapping refMap fabric-networking-api-v1-refmap.json using remapper chain
[12:30:45] [main/DEBUG] (FabricLoader/Mixin) Selecting config fabric-networking-api-v1.client.mixins.json
[12:30:45] [main/DEBUG] (FabricLoader/Mixin) Remapping refMap client-fabric-networking-api-v1-refmap.json using remapper chain
[12:30:45] [main/DEBUG] (FabricLoader/Mixin) Selecting config fabric-recipe-api-v1.mixins.json
[12:30:45] [main/DEBUG] (FabricLoader/Mixin) Remapping refMap fabric-recipe-api-v1-refmap.json using remapper chain
[12:30:45] [main/DEBUG] (FabricLoader/Mixin) Selecting config fabric-block-api-v1.mixins.json
[12:30:45] [main/DEBUG] (FabricLoader/Mixin) Remapping refMap fabric-block-api-v1-refmap.json using remapper chain
[12:30:45] [main/DEBUG] (FabricLoader/Mixin) Selecting config fabric-entity-events-v1.mixins.json
[12:30:45] [main/DEBUG] (FabricLoader/Mixin) Remapping refMap fabric-entity-events-v1-refmap.json using remapper chain
[12:30:45] [main/DEBUG] (FabricLoader/Mixin) Preparing delta.mixins.json (89)
[12:30:46] [main/DEBUG] (FabricLoader/Mixin) Preparing fabric-data-attachment-api-v1.mixins.json (14)
[12:30:47] [main/DEBUG] (FabricLoader/Mixin) Preparing fabric-data-attachment-api-v1.client.mixins.json (1)
[12:30:47] [main/DEBUG] (FabricLoader/Mixin) Preparing fabric-convention-tags-api-v2.mixins.json (1)
[12:30:47] [main/DEBUG] (FabricLoader/Mixin) Preparing fabric-tag-api-v1.mixins.json (5)
[12:30:47] [main/DEBUG] (FabricLoader/Mixin) Preparing fabric-rendering-fluids-v1.mixins.json (1)
[12:30:47] [main/DEBUG] (FabricLoader/Mixin) Preparing fabric-transfer-api-v1.mixins.json (15)
[12:30:47] [main/DEBUG] (FabricLoader/Mixin) Preparing fabric-message-api-v1.mixins.json (2)
[12:30:47] [main/DEBUG] (FabricLoader/Mixin) Preparing fabric-message-api-v1.client.mixins.json (2)
[12:30:47] [main/DEBUG] (FabricLoader/Mixin) Preparing fabric-content-registries-v0.mixins.json (17)
[12:30:47] [main/DEBUG] (FabricLoader/Mixin) Preparing fabric-screen-api-v1.mixins.json (7)
[12:30:47] [main/DEBUG] (FabricLoader/Mixin) Preparing fabric-events-interaction-v0.mixins.json (5)
[12:30:47] [main/DEBUG] (FabricLoader/Mixin) Preparing fabric-events-interaction-v0.client.mixins.json (3)
[12:30:47] [main/DEBUG] (FabricLoader/Mixin) Preparing fabric-item-api-v1.mixins.json (16)
[12:30:47] [main/DEBUG] (FabricLoader/Mixin) Preparing fabric-item-api-v1.client.mixins.json (3)
[12:30:47] [main/DEBUG] (FabricLoader/Mixin) Preparing geckolib.mixins.json (6)
[12:30:47] [main/DEBUG] (FabricLoader/Mixin) Preparing fabric-model-loading-api-v1.mixins.json (8)
[12:30:47] [main/DEBUG] (FabricLoader/Mixin) Preparing fabric-api-lookup-api-v1.mixins.json (2)
[12:30:47] [main/DEBUG] (FabricLoader/Mixin) Preparing fabric-command-api-v2.mixins.json (5)
[12:30:47] [main/DEBUG] (FabricLoader/Mixin) Preparing fabric-command-api-v2.client.mixins.json (2)
[12:30:47] [main/DEBUG] (FabricLoader/Mixin) Preparing fabric-block-view-api-v2.mixins.json (3)
[12:30:47] [main/DEBUG] (FabricLoader/Mixin) Preparing fabric-block-view-api-v2.client.mixins.json (2)
[12:30:47] [main/DEBUG] (FabricLoader/Mixin) Preparing fabric-resource-loader-v0.mixins.json (15)
[12:30:47] [main/DEBUG] (FabricLoader/Mixin) Preparing fabric-resource-loader-v0.client.mixins.json (8)
[12:30:47] [main/DEBUG] (FabricLoader/Mixin) Preparing fabric-client-gametest-api-v1.mixins.json (26)
[12:30:48] [main/DEBUG] (FabricLoader/Mixin) Preparing fabric-rendering-data-attachment-v1.mixins.json (2)
[12:30:48] [main/DEBUG] (FabricLoader/Mixin) Preparing fabric-rendering-data-attachment-v1.client.mixins.json (1)
[12:30:48] [main/DEBUG] (FabricLoader/Mixin) Preparing fabric-resource-conditions-api-v1.mixins.json (8)
[12:30:48] [main/DEBUG] (FabricLoader/Mixin) Preparing fabric-loot-api-v3.mixins.json (7)
[12:30:48] [main/DEBUG] (FabricLoader/Mixin) Preparing fabric-gametest-api-v1.mixins.json (8)
[12:30:48] [main/DEBUG] (FabricLoader/Mixin) Preparing fabric-renderer-indigo.mixins.json (5)
[12:30:48] [main/DEBUG] (FabricLoader/Mixin) Preparing fabric-loot-api-v2.mixins.json (2)
[12:30:48] [main/DEBUG] (FabricLoader/Mixin) Preparing fabric-registry-sync-v0.mixins.json (16)
[12:30:48] [main/DEBUG] (FabricLoader/Mixin) Preparing fabric-registry-sync-v0.client.mixins.json (5)
[12:30:48] [main/DEBUG] (FabricLoader/Mixin) Preparing fabric-dimensions-v1.mixins.json (4)
[12:30:48] [main/DEBUG] (FabricLoader/Mixin) Preparing fabric-item-group-api-v1.mixins.json (3)
[12:30:48] [main/DEBUG] (FabricLoader/Mixin) Preparing fabric-item-group-api-v1.client.mixins.json (1)
[12:30:48] [main/DEBUG] (FabricLoader/Mixin) Preparing fabric-biome-api-v1.mixins.json (9)
[12:30:48] [main/DEBUG] (FabricLoader/Mixin) Preparing fabric-screen-handler-api-v1.mixins.json (2)
[12:30:48] [main/DEBUG] (FabricLoader/Mixin) Preparing fabric-sound-api-v1.mixins.json (2)
[12:30:48] [main/DEBUG] (FabricLoader/Mixin) Preparing fabric-particles-v1.client.mixins.json (4)
[12:30:48] [main/DEBUG] (FabricLoader/Mixin) Preparing fabric-blockrenderlayer-v1.mixins.json (1)
[12:30:48] [main/DEBUG] (FabricLoader/Mixin) Preparing fabric-crash-report-info-v1.mixins.json (2)
[12:30:48] [main/DEBUG] (FabricLoader/Mixin) Preparing fabric-data-generation-api-v1.mixins.json (10)
[12:30:48] [main/DEBUG] (FabricLoader/Mixin) Preparing fabric-data-generation-api-v1.client.mixins.json (4)
[12:30:48] [main/DEBUG] (FabricLoader/Mixin) Preparing fabric-renderer-api-v1.mixins.json (5)
[12:30:48] [main/DEBUG] (FabricLoader/Mixin) Preparing fabric-renderer-api-v1.debughud.mixins.json (1)
[12:30:48] [main/DEBUG] (FabricLoader/Mixin) Preparing fabric-rendering-v1.mixins.json (17)
[12:30:51] [main/DEBUG] (FabricLoader/Mixin) Preparing fabric-game-rule-api-v1.mixins.json (6)
[12:30:51] [main/DEBUG] (FabricLoader/Mixin) Preparing fabric-game-rule-api-v1.client.mixins.json (3)
[12:30:51] [main/DEBUG] (FabricLoader/Mixin) Preparing fabric-lifecycle-events-v1.mixins.json (10)
[12:30:52] [main/DEBUG] (FabricLoader/Mixin) Preparing fabric-lifecycle-events-v1.client.mixins.json (7)
[12:30:52] [main/DEBUG] (FabricLoader/Mixin) Preparing fabric-object-builder-v1.mixins.json (9)
[12:30:52] [main/DEBUG] (FabricLoader/Mixin) Preparing fabric-object-builder-v1.client.mixins.json (4)
[12:30:52] [main/DEBUG] (FabricLoader/Mixin) Preparing fabric-key-binding-api-v1.mixins.json (2)
[12:30:52] [main/DEBUG] (FabricLoader/Mixin) Preparing mixinextras.init.mixins.json (0)
[12:30:52] [main/DEBUG] (FabricLoader/Mixin) Preparing fabric-networking-api-v1.mixins.json (18)
[12:30:52] [main/DEBUG] (FabricLoader/Mixin) Preparing fabric-networking-api-v1.client.mixins.json (9)
[12:30:52] [main/DEBUG] (FabricLoader/Mixin) Preparing fabric-recipe-api-v1.mixins.json (5)
[12:30:53] [main/DEBUG] (FabricLoader/Mixin) Preparing fabric-block-api-v1.mixins.json (4)
[12:30:53] [main/DEBUG] (FabricLoader/Mixin) Preparing fabric-entity-events-v1.mixins.json (7)
[12:30:53] [main/DEBUG] (FabricLoader/Mixin) Inner class net/fabricmc/fabric/mixin/transfer/ChiseledBookshelfBlockEntityMixin$1 in net/fabricmc/fabric/mixin/transfer/ChiseledBookshelfBlockEntityMixin on net/minecraft/block/entity/ChiseledBookshelfBlockEntity gets unique name net/minecraft/block/entity/ChiseledBookshelfBlockEntity$Anonymous$a08ab8b2fc87350bbf669dbd469efcde
[12:30:53] [main/DEBUG] (FabricLoader/Mixin) Inner class net/fabricmc/fabric/mixin/registry/sync/SimpleRegistryMixin$1 in net/fabricmc/fabric/mixin/registry/sync/SimpleRegistryMixin on net/minecraft/registry/SimpleRegistry gets unique name net/minecraft/registry/SimpleRegistry$Anonymous$8f163231c72d3935abe03facbece27ce
[12:30:53] [main/DEBUG] (FabricLoader/Mixin) Inner class net/fabricmc/fabric/mixin/itemgroup/ItemGroupsMixin$1ItemGroupPosition in net/fabricmc/fabric/mixin/itemgroup/ItemGroupsMixin on net/minecraft/item/ItemGroups gets unique name net/minecraft/item/ItemGroups$1ItemGroupPosition$226c57ef75f733cf86d0df2b43c33e70
[12:30:53] [main/DEBUG] (FabricLoader/Mixin) Prepared 431 mixins in 8,797 sec (20,4ms avg) (0ms load, 0ms transform, 0ms plugin)
[12:30:54] [main/DEBUG] (io.netty.util.internal.logging.InternalLoggerFactory) Using SLF4J as the default logging framework
[12:30:54] [main/DEBUG] (io.netty.util.ResourceLeakDetector) -Dio.netty.leakDetection.level: simple
[12:30:54] [main/DEBUG] (io.netty.util.ResourceLeakDetector) -Dio.netty.leakDetection.targetRecords: 4
[12:30:56] [main/INFO] (FabricLoader/MixinExtras|Service) Initializing MixinExtras via com.llamalad7.mixinextras.service.MixinExtrasServiceImpl(version=0.5.4).
[12:30:56] [main/DEBUG] (FabricLoader/Mixin) Registering new injector for @SugarWrapper with com.llamalad7.mixinextras.sugar.impl.SugarWrapperInjectionInfo
[12:30:56] [main/DEBUG] (FabricLoader/Mixin) Registering new injector for @FactoryRedirectWrapper with com.llamalad7.mixinextras.wrapper.factory.FactoryRedirectWrapperInjectionInfo
[12:30:56] [main/DEBUG] (FabricLoader/Mixin) Registering new injector for @ExpressionInjectorWrapper with com.llamalad7.mixinextras.expression.impl.wrapper.ExpressionInjectorWrapperInjectionInfo
[12:30:56] [main/DEBUG] (FabricLoader/Mixin) Mixing TaggedChoiceMixin from fabric-dimensions-v1.mixins.json into com.mojang.datafixers.types.templates.TaggedChoice
[12:30:56] [main/DEBUG] (FabricLoader/Mixin) fabric-dimensions-v1.mixins.json:TaggedChoiceMixin from mod fabric-dimensions-v1->@Inject::onApply(Lcom/mojang/datafixers/util/Pair;Lorg/spongepowered/asm/mixin/injection/callback/CallbackInfoReturnable;)V does use it's CallbackInfoReturnable
[12:30:56] [main/DEBUG] (FabricLoader/Mixin) Mixing TaggedChoiceTypeMixin from fabric-dimensions-v1.mixins.json into com.mojang.datafixers.types.templates.TaggedChoice$TaggedChoiceType
[12:30:56] [main/DEBUG] (FabricLoader/Mixin) fabric-dimensions-v1.mixins.json:TaggedChoiceTypeMixin from mod fabric-dimensions-v1->@Inject::onGetCodec(Ljava/lang/Object;Lorg/spongepowered/asm/mixin/injection/callback/CallbackInfoReturnable;)V does use it's CallbackInfoReturnable
[12:30:57] [main/DEBUG] (FabricLoader/Mixin) Mixing Schema2832Mixin from fabric-dimensions-v1.mixins.json into net.minecraft.datafixer.schema.Schema2832
[12:30:59] [main/DEBUG] (FabricLoader/Mixin) Mixing SystemDetailsMixin from fabric-crash-report-info-v1.mixins.json into net.minecraft.util.SystemDetails
[12:30:59] [main/DEBUG] (FabricLoader/Mixin) Renaming synthetic method lambda$appendMods$1(Lnet/fabricmc/loader/api/ModContainer;)Ljava/lang/String; to md1d5659$fabric-crash-report-info-v1$lambda$appendMods$1$0 in fabric-crash-report-info-v1.mixins.json:SystemDetailsMixin from mod fabric-crash-report-info-v1
[12:30:59] [main/DEBUG] (FabricLoader/Mixin) Renaming synthetic method lambda$fillSystemDetails$0()Ljava/lang/String; to md1d5659$fabric-crash-report-info-v1$lambda$fillSystemDetails$0$1 in fabric-crash-report-info-v1.mixins.json:SystemDetailsMixin from mod fabric-crash-report-info-v1
[12:30:59] [main/DEBUG] (FabricLoader/Mixin) fabric-crash-report-info-v1.mixins.json:SystemDetailsMixin from mod fabric-crash-report-info-v1->@Inject::fillSystemDetails(Lorg/spongepowered/asm/mixin/injection/callback/CallbackInfo;)V doesn't use it's CallbackInfo
[12:30:59] [main/DEBUG] (FabricLoader/Mixin) fabric-crash-report-info-v1.mixins.json:SystemDetailsMixin from mod fabric-crash-report-info-v1->@Inject::fillSystemDetails(Lorg/spongepowered/asm/mixin/injection/callback/CallbackInfo;)V has 0 override(s) in child classes
[12:30:59] [main/DEBUG] (FabricLoader/Mixin) fabric-crash-report-info-v1.mixins.json:SystemDetailsMixin from mod fabric-crash-report-info-v1->@Inject::fillSystemDetails(Lorg/spongepowered/asm/mixin/injection/callback/CallbackInfo;)V won't be passed a CallbackInfo as a result
[12:31:07] [main/DEBUG] (FabricLoader/Mixin) Mixing BootstrapMixin from fabric-registry-sync-v0.mixins.json into net.minecraft.Bootstrap
[12:31:07] [main/DEBUG] (FabricLoader/Mixin) Renaming synthetic method lambda$initialize$1(Lnet/minecraft/fluid/Fluid;)Ljava/util/Collection; to md1d5659$fabric-registry-sync-v0$lambda$initialize$1$0 in fabric-registry-sync-v0.mixins.json:BootstrapMixin from mod fabric-registry-sync-v0
[12:31:07] [main/DEBUG] (FabricLoader/Mixin) Renaming synthetic method lambda$initialize$0(Lnet/minecraft/block/Block;)Ljava/util/Collection; to md1d5659$fabric-registry-sync-v0$lambda$initialize$0$1 in fabric-registry-sync-v0.mixins.json:BootstrapMixin from mod fabric-registry-sync-v0
[12:31:07] [main/DEBUG] (FabricLoader/Mixin) fabric-registry-sync-v0.mixins.json:BootstrapMixin from mod fabric-registry-sync-v0->@Inject::initialize(Lorg/spongepowered/asm/mixin/injection/callback/CallbackInfo;)V doesn't use it's CallbackInfo
[12:31:07] [main/DEBUG] (FabricLoader/Mixin) Mixing RegistryMixin from fabric-registry-sync-v0.mixins.json into net.minecraft.registry.Registry
[12:31:07] [main/DEBUG] (FabricLoader/Mixin) Mixing RegistriesMixin from fabric-item-api-v1.mixins.json into net.minecraft.registry.Registries
[12:31:07] [main/DEBUG] (FabricLoader/Mixin) Mixing RegistriesAccessor from fabric-registry-sync-v0.mixins.json into net.minecraft.registry.Registries
[12:31:07] [main/DEBUG] (FabricLoader/Mixin) Renaming @Accessor method getROOT()Lnet/minecraft/registry/MutableRegistry; to getROOT$fabric-registry-sync-v0_$md$1d5659$0 in fabric-registry-sync-v0.mixins.json:RegistriesAccessor from mod fabric-registry-sync-v0
[12:31:07] [main/DEBUG] (FabricLoader/Mixin) Mixing RegistriesMixin from fabric-registry-sync-v0.mixins.json into net.minecraft.registry.Registries
[12:31:07] [main/DEBUG] (FabricLoader/Mixin) fabric-item-api-v1.mixins.json:RegistriesMixin from mod fabric-item-api-v1->@Inject::modifyDefaultItemComponents(Lorg/spongepowered/asm/mixin/injection/callback/CallbackInfo;)V doesn't use it's CallbackInfo
[12:31:07] [main/DEBUG] (FabricLoader/Mixin) fabric-registry-sync-v0.mixins.json:RegistriesMixin from mod fabric-registry-sync-v0->@Inject::init(Lorg/spongepowered/asm/mixin/injection/callback/CallbackInfo;)V does use it's CallbackInfo
[12:31:07] [main/DEBUG] (FabricLoader/Mixin) Mixing SimpleRegistryMixin from fabric-tag-api-v1.mixins.json into net.minecraft.registry.SimpleRegistry
[12:31:07] [main/DEBUG] (FabricLoader/Mixin) Mixing SimpleRegistryAccessor from fabric-registry-sync-v0.mixins.json into net.minecraft.registry.SimpleRegistry
[12:31:07] [main/DEBUG] (FabricLoader/Mixin) Mixing SimpleRegistryMixin from fabric-registry-sync-v0.mixins.json into net.minecraft.registry.SimpleRegistry
[12:31:07] [main/DEBUG] (FabricLoader/Mixin) Renaming synthetic method lambda$init$4([Lnet/fabricmc/fabric/api/event/registry/RegistryIdRemapCallback;)Lnet/fabricmc/fabric/api/event/registry/RegistryIdRemapCallback; to md1d5659$fabric-registry-sync-v0$lambda$init$4$0 in fabric-registry-sync-v0.mixins.json:SimpleRegistryMixin from mod fabric-registry-sync-v0
[12:31:07] [main/DEBUG] (FabricLoader/Mixin) Renaming synthetic method lambda$init$3([Lnet/fabricmc/fabric/api/event/registry/RegistryIdRemapCallback;Lnet/fabricmc/fabric/api/event/registry/RegistryIdRemapCallback$RemapState;)V to md1d5659$fabric-registry-sync-v0$lambda$init$3$1 in fabric-registry-sync-v0.mixins.json:SimpleRegistryMixin from mod fabric-registry-sync-v0
[12:31:07] [main/DEBUG] (FabricLoader/Mixin) Renaming synthetic method lambda$init$2(ILnet/minecraft/util/Identifier;Ljava/lang/Object;)V to md1d5659$fabric-registry-sync-v0$lambda$init$2$2 in fabric-registry-sync-v0.mixins.json:SimpleRegistryMixin from mod fabric-registry-sync-v0
[12:31:07] [main/DEBUG] (FabricLoader/Mixin) Renaming synthetic method lambda$init$1([Lnet/fabricmc/fabric/api/event/registry/RegistryEntryAddedCallback;)Lnet/fabricmc/fabric/api/event/registry/RegistryEntryAddedCallback; to md1d5659$fabric-registry-sync-v0$lambda$init$1$3 in fabric-registry-sync-v0.mixins.json:SimpleRegistryMixin from mod fabric-registry-sync-v0
[12:31:07] [main/DEBUG] (FabricLoader/Mixin) Renaming synthetic method lambda$init$0([Lnet/fabricmc/fabric/api/event/registry/RegistryEntryAddedCallback;ILnet/minecraft/util/Identifier;Ljava/lang/Object;)V to md1d5659$fabric-registry-sync-v0$lambda$init$0$4 in fabric-registry-sync-v0.mixins.json:SimpleRegistryMixin from mod fabric-registry-sync-v0
[12:31:07] [main/DEBUG] (FabricLoader/Mixin) fabric-registry-sync-v0.mixins.json:SimpleRegistryMixin from mod fabric-registry-sync-v0->@Inject::init(Lnet/minecraft/registry/RegistryKey;Lcom/mojang/serialization/Lifecycle;ZLorg/spongepowered/asm/mixin/injection/callback/CallbackInfo;)V doesn't use it's CallbackInfo
[12:31:07] [main/DEBUG] (FabricLoader/Mixin) fabric-registry-sync-v0.mixins.json:SimpleRegistryMixin from mod fabric-registry-sync-v0->@Inject::init(Lnet/minecraft/registry/RegistryKey;Lcom/mojang/serialization/Lifecycle;ZLorg/spongepowered/asm/mixin/injection/callback/CallbackInfo;)V has 0 override(s) in child classes
[12:31:07] [main/DEBUG] (FabricLoader/Mixin) fabric-registry-sync-v0.mixins.json:SimpleRegistryMixin from mod fabric-registry-sync-v0->@Inject::init(Lnet/minecraft/registry/RegistryKey;Lcom/mojang/serialization/Lifecycle;ZLorg/spongepowered/asm/mixin/injection/callback/CallbackInfo;)V won't be passed a CallbackInfo as a result
[12:31:07] [main/DEBUG] (FabricLoader/Mixin) fabric-registry-sync-v0.mixins.json:SimpleRegistryMixin from mod fabric-registry-sync-v0->@Inject::set(Lnet/minecraft/registry/RegistryKey;Ljava/lang/Object;Lnet/minecraft/registry/entry/RegistryEntryInfo;Lorg/spongepowered/asm/mixin/injection/callback/CallbackInfoReturnable;)V does use it's CallbackInfoReturnable
[12:31:07] [main/DEBUG] (FabricLoader/Mixin) Mixing RegistryKeysMixin from fabric-registry-sync-v0.mixins.json into net.minecraft.registry.RegistryKeys
[12:31:07] [main/DEBUG] (FabricLoader/Mixin) Mixing ArgumentTypesAccessor from fabric-command-api-v2.mixins.json into net.minecraft.command.argument.ArgumentTypes
[12:31:07] [main/DEBUG] (FabricLoader/Mixin) Renaming @Accessor method fabric_getClassMap()Ljava/util/Map; to fabric_getClassMap$fabric-command-api-v2_$md$1d5659$0 in fabric-command-api-v2.mixins.json:ArgumentTypesAccessor from mod fabric-command-api-v2
[12:31:07] [main/DEBUG] (FabricLoader/Mixin) Mixing ArgumentTypesMixin from fabric-gametest-api-v1.mixins.json into net.minecraft.command.argument.ArgumentTypes
[12:31:07] [main/DEBUG] (FabricLoader/Mixin) fabric-gametest-api-v1.mixins.json:ArgumentTypesMixin from mod fabric-gametest-api-v1->@Inject::register(Lnet/minecraft/registry/Registry;Lorg/spongepowered/asm/mixin/injection/callback/CallbackInfoReturnable;)V doesn't use it's CallbackInfoReturnable
[12:31:07] [main/DEBUG] (FabricLoader/Mixin) Mixing ItemGroupsMixin from fabric-item-group-api-v1.mixins.json into net.minecraft.item.ItemGroups
[12:31:07] [main/DEBUG] (FabricLoader/Mixin) Renaming synthetic method lambda$paginateGroups$0(Lnet/minecraft/registry/entry/RegistryEntry$Reference;Lnet/minecraft/registry/entry/RegistryEntry$Reference;)I to md1d5659$fabric-item-group-api-v1$lambda$paginateGroups$0$0 in fabric-item-group-api-v1.mixins.json:ItemGroupsMixin from mod fabric-item-group-api-v1
[12:31:08] [main/DEBUG] (FabricLoader/Mixin) fabric-item-group-api-v1.mixins.json:ItemGroupsMixin from mod fabric-item-group-api-v1->@Inject::deferDuplicateCheck(Lorg/spongepowered/asm/mixin/injection/callback/CallbackInfo;)V does use it's CallbackInfo
[12:31:08] [main/DEBUG] (FabricLoader/Mixin) fabric-item-group-api-v1.mixins.json:ItemGroupsMixin from mod fabric-item-group-api-v1->@Inject::paginateGroups(Lorg/spongepowered/asm/mixin/injection/callback/CallbackInfo;)V doesn't use it's CallbackInfo
[12:31:08] [main/DEBUG] (FabricLoader/Mixin) Mixing ItemGroupAccessor from fabric-item-group-api-v1.mixins.json into net.minecraft.item.ItemGroup
[12:31:08] [main/DEBUG] (FabricLoader/Mixin) Mixing ItemGroupMixin from fabric-item-group-api-v1.mixins.json into net.minecraft.item.ItemGroup
[12:31:08] [main/DEBUG] (FabricLoader/Mixin) Renaming synthetic method lambda$getStacks$0(Lnet/minecraft/item/ItemGroup;)Ljava/lang/IllegalStateException; to md1d5659$fabric-item-group-api-v1$lambda$getStacks$0$0 in fabric-item-group-api-v1.mixins.json:ItemGroupMixin from mod fabric-item-group-api-v1
[12:31:08] [main/DEBUG] (FabricLoader/Mixin) fabric-item-group-api-v1.mixins.json:ItemGroupMixin from mod fabric-item-group-api-v1->@Inject::getStacks(Lnet/minecraft/item/ItemGroup$DisplayContext;Lorg/spongepowered/asm/mixin/injection/callback/CallbackInfo;)V doesn't use it's CallbackInfo
[12:31:08] [main/DEBUG] (FabricLoader/Mixin) fabric-item-group-api-v1.mixins.json:ItemGroupMixin from mod fabric-item-group-api-v1->@Inject::getStacks(Lnet/minecraft/item/ItemGroup$DisplayContext;Lorg/spongepowered/asm/mixin/injection/callback/CallbackInfo;)V has 0 override(s) in child classes
[12:31:08] [main/DEBUG] (FabricLoader/Mixin) fabric-item-group-api-v1.mixins.json:ItemGroupMixin from mod fabric-item-group-api-v1->@Inject::getStacks(Lnet/minecraft/item/ItemGroup$DisplayContext;Lorg/spongepowered/asm/mixin/injection/callback/CallbackInfo;)V won't be passed a CallbackInfo as a result
[12:31:08] [main/DEBUG] (FabricLoader/Mixin) Mixing FireBlockMixin from fabric-content-registries-v0.mixins.json into net.minecraft.block.FireBlock
[12:31:08] [main/DEBUG] (FabricLoader/Mixin) fabric-content-registries-v0.mixins.json:FireBlockMixin from mod fabric-content-registries-v0->@Inject::afterConstruct(Lnet/minecraft/block/AbstractBlock$Settings;Lorg/spongepowered/asm/mixin/injection/callback/CallbackInfo;)V doesn't use it's CallbackInfo
[12:31:08] [main/DEBUG] (FabricLoader/Mixin) fabric-content-registries-v0.mixins.json:FireBlockMixin from mod fabric-content-registries-v0->@Inject::afterConstruct(Lnet/minecraft/block/AbstractBlock$Settings;Lorg/spongepowered/asm/mixin/injection/callback/CallbackInfo;)V has 0 override(s) in child classes
[12:31:08] [main/DEBUG] (FabricLoader/Mixin) fabric-content-registries-v0.mixins.json:FireBlockMixin from mod fabric-content-registries-v0->@Inject::afterConstruct(Lnet/minecraft/block/AbstractBlock$Settings;Lorg/spongepowered/asm/mixin/injection/callback/CallbackInfo;)V won't be passed a CallbackInfo as a result
[12:31:08] [main/DEBUG] (FabricLoader/Mixin) fabric-content-registries-v0.mixins.json:FireBlockMixin from mod fabric-content-registries-v0->@Inject::getFabricBurnChance(Lnet/minecraft/block/BlockState;Lorg/spongepowered/asm/mixin/injection/callback/CallbackInfoReturnable;)V does use it's CallbackInfoReturnable
[12:31:08] [main/DEBUG] (FabricLoader/Mixin) fabric-content-registries-v0.mixins.json:FireBlockMixin from mod fabric-content-registries-v0->@Inject::getFabricSpreadChance(Lnet/minecraft/block/BlockState;Lorg/spongepowered/asm/mixin/injection/callback/CallbackInfoReturnable;)V does use it's CallbackInfoReturnable
[12:31:08] [main/DEBUG] (FabricLoader/Mixin) Mixing BlockMixin from fabric-block-api-v1.mixins.json into net.minecraft.block.Block
[12:31:08] [main/DEBUG] (FabricLoader/Mixin) Mixing AbstractBlockMixin from fabric-content-registries-v0.mixins.json into net.minecraft.block.AbstractBlock
[12:31:08] [main/DEBUG] (FabricLoader/Mixin) Mixing AbstractBlockAccessor from fabric-object-builder-v1.mixins.json into net.minecraft.block.AbstractBlock
[12:31:08] [main/DEBUG] (FabricLoader/Mixin) Mixing BlockViewMixin from fabric-block-view-api-v2.mixins.json into net.minecraft.world.BlockView
[12:31:08] [main/DEBUG] (FabricLoader/Mixin) Mixing mixin.EntityMixin from delta.mixins.json into net.minecraft.entity.Entity
[12:31:08] [main/DEBUG] (FabricLoader/Mixin) Mixing accessors.EntityInvoker from delta.mixins.json into net.minecraft.entity.Entity
[12:31:08] [main/DEBUG] (FabricLoader/Mixin) Mixing invokers.EntityCollisionPredictionInvoker from delta.mixins.json into net.minecraft.entity.Entity
[12:31:08] [main/DEBUG] (FabricLoader/Mixin) Renaming @Invoker method findCollisionsForMovement(Lnet/minecraft/entity/Entity;Lnet/minecraft/world/World;Ljava/util/List;Lnet/minecraft/util/math/Box;)Ljava/util/List; to findCollisionsForMovement$delta_$md$1d5659$0 in delta.mixins.json:invokers.EntityCollisionPredictionInvoker from mod delta
[12:31:08] [main/DEBUG] (FabricLoader/Mixin) Renaming @Invoker method adjustMovementForCollisions(Lnet/minecraft/entity/Entity;Lnet/minecraft/util/math/Vec3d;Lnet/minecraft/util/math/Box;Lnet/minecraft/world/World;Ljava/util/List;)Lnet/minecraft/util/math/Vec3d; to adjustMovementForCollisions$delta_$md$1d5659$1 in delta.mixins.json:invokers.EntityCollisionPredictionInvoker from mod delta
[12:31:08] [main/DEBUG] (FabricLoader/Mixin) Mixing invokers.EntityMovementInvoker from delta.mixins.json into net.minecraft.entity.Entity
[12:31:08] [main/DEBUG] (FabricLoader/Mixin) Mixing AttachmentTargetsMixin from fabric-data-attachment-api-v1.mixins.json into net.minecraft.entity.Entity
[12:31:08] [main/DEBUG] (FabricLoader/Mixin) Renaming synthetic method lambda$fabric_readAttachmentsFromNbt$0(Lnet/minecraft/registry/RegistryWrapper$WrapperLookup;Lnet/fabricmc/fabric/api/attachment/v1/AttachmentType;Ljava/lang/Object;)V to md1d5659$fabric-data-attachment-api-v1$lambda$fabric_readAttachmentsFromNbt$0$2 in fabric-data-attachment-api-v1.mixins.json:AttachmentTargetsMixin from mod fabric-data-attachment-api-v1
[12:31:08] [main/DEBUG] (FabricLoader/Mixin) Mixing EntityMixin from fabric-data-attachment-api-v1.mixins.json into net.minecraft.entity.Entity
[12:31:08] [main/DEBUG] (FabricLoader/Mixin) Renaming synthetic method lambda$fabric_syncChange$0(Lnet/fabricmc/fabric/api/attachment/v1/AttachmentSyncPredicate;Lnet/fabricmc/fabric/impl/attachment/sync/s2c/AttachmentSyncPayloadS2C;Lnet/minecraft/server/network/ServerPlayerEntity;)V to md1d5659$fabric-data-attachment-api-v1$lambda$fabric_syncChange$0$3 in fabric-data-attachment-api-v1.mixins.json:EntityMixin from mod fabric-data-attachment-api-v1
[12:31:08] [main/DEBUG] (FabricLoader/Mixin) Mixing EntityMixin from fabric-entity-events-v1.mixins.json into net.minecraft.entity.Entity
[12:31:08] [main/DEBUG] (FabricLoader/Mixin) delta.mixins.json:mixin.EntityMixin from mod delta->@Inject::getBoundingBox(Lorg/spongepowered/asm/mixin/injection/callback/CallbackInfoReturnable;)V does use it's CallbackInfoReturnable
[12:31:08] [main/DEBUG] (FabricLoader/Mixin) delta.mixins.json:mixin.EntityMixin from mod delta->@Inject::onIsGlowing(Lorg/spongepowered/asm/mixin/injection/callback/CallbackInfoReturnable;)V does use it's CallbackInfoReturnable
[12:31:08] [main/DEBUG] (FabricLoader/Mixin) delta.mixins.json:mixin.EntityMixin from mod delta->@Inject::onIsGlowing(Lorg/spongepowered/asm/mixin/injection/callback/CallbackInfoReturnable;)V does use it's CallbackInfoReturnable
[12:31:08] [main/DEBUG] (FabricLoader/Mixin) delta.mixins.json:mixin.EntityMixin from mod delta->@Inject::onBubbleColumnSurfaceCollision(ZLorg/spongepowered/asm/mixin/injection/callback/CallbackInfo;)V does use it's CallbackInfo
[12:31:08] [main/DEBUG] (FabricLoader/Mixin) fabric-data-attachment-api-v1.mixins.json:EntityMixin from mod fabric-data-attachment-api-v1->@Inject::readEntityAttachments(Lnet/minecraft/nbt/NbtCompound;Lorg/spongepowered/asm/mixin/injection/callback/CallbackInfo;)V doesn't use it's CallbackInfo
[12:31:08] [main/DEBUG] (FabricLoader/Mixin) fabric-data-attachment-api-v1.mixins.json:EntityMixin from mod fabric-data-attachment-api-v1->@Inject::readEntityAttachments(Lnet/minecraft/nbt/NbtCompound;Lorg/spongepowered/asm/mixin/injection/callback/CallbackInfo;)V has 0 override(s) in child classes
[12:31:08] [main/DEBUG] (FabricLoader/Mixin) fabric-data-attachment-api-v1.mixins.json:EntityMixin from mod fabric-data-attachment-api-v1->@Inject::readEntityAttachments(Lnet/minecraft/nbt/NbtCompound;Lorg/spongepowered/asm/mixin/injection/callback/CallbackInfo;)V won't be passed a CallbackInfo as a result
[12:31:08] [main/DEBUG] (FabricLoader/Mixin) fabric-data-attachment-api-v1.mixins.json:EntityMixin from mod fabric-data-attachment-api-v1->@Inject::writeEntityAttachments(Lnet/minecraft/nbt/NbtCompound;Lorg/spongepowered/asm/mixin/injection/callback/CallbackInfoReturnable;)V doesn't use it's CallbackInfoReturnable
[12:31:08] [main/DEBUG] (FabricLoader/Mixin) fabric-data-attachment-api-v1.mixins.json:EntityMixin from mod fabric-data-attachment-api-v1->@Inject::writeEntityAttachments(Lnet/minecraft/nbt/NbtCompound;Lorg/spongepowered/asm/mixin/injection/callback/CallbackInfoReturnable;)V has 0 override(s) in child classes
[12:31:08] [main/DEBUG] (FabricLoader/Mixin) fabric-data-attachment-api-v1.mixins.json:EntityMixin from mod fabric-data-attachment-api-v1->@Inject::writeEntityAttachments(Lnet/minecraft/nbt/NbtCompound;Lorg/spongepowered/asm/mixin/injection/callback/CallbackInfoReturnable;)V won't be passed a CallbackInfoReturnable as a result
[12:31:08] [main/DEBUG] (FabricLoader/Mixin) Mixing mixin.PlayerEntityMixin from delta.mixins.json into net.minecraft.entity.player.PlayerEntity
[12:31:08] [main/DEBUG] (FabricLoader/Mixin) Mixing PlayerEntityMixin from fabric-entity-events-v1.mixins.json into net.minecraft.entity.player.PlayerEntity
[12:31:08] [main/DEBUG] (FabricLoader/Mixin) delta.mixins.json:mixin.PlayerEntityMixin from mod delta->@Inject::removePushFromFluids(Lorg/spongepowered/asm/mixin/injection/callback/CallbackInfoReturnable;)V does use it's CallbackInfoReturnable
[12:31:08] [main/DEBUG] (FabricLoader/Mixin) fabric-entity-events-v1.mixins.json:PlayerEntityMixin from mod fabric-entity-events-v1->@Inject::onTrySleep(Lnet/minecraft/util/math/BlockPos;Lorg/spongepowered/asm/mixin/injection/callback/CallbackInfoReturnable;)V does use it's CallbackInfoReturnable
[12:31:08] [main/DEBUG] (FabricLoader/Mixin) fabric-entity-events-v1.mixins.json:PlayerEntityMixin from mod fabric-entity-events-v1->@Inject::onIsSleepingLongEnough(Lorg/spongepowered/asm/mixin/injection/callback/CallbackInfoReturnable;)V does use it's CallbackInfoReturnable
[12:31:08] [main/DEBUG] (FabricLoader/Mixin) Mixing mixin.LivingEntityMixin from delta.mixins.json into net.minecraft.entity.LivingEntity
[12:31:08] [main/DEBUG] (FabricLoader/Mixin) Mixing accessors.LivingEntityAccessor from delta.mixins.json into net.minecraft.entity.LivingEntity
[12:31:08] [main/DEBUG] (FabricLoader/Mixin) Mixing accessors.LivingEntityGravityInvoker from delta.mixins.json into net.minecraft.entity.LivingEntity
[12:31:08] [main/DEBUG] (FabricLoader/Mixin) Mixing LivingEntityMixin from fabric-item-api-v1.mixins.json into net.minecraft.entity.LivingEntity
[12:31:08] [main/DEBUG] (FabricLoader/Mixin) Mixing LivingEntityMixin from fabric-lifecycle-events-v1.mixins.json into net.minecraft.entity.LivingEntity
[12:31:08] [main/DEBUG] (FabricLoader/Mixin) Mixing LivingEntityMixin from fabric-entity-events-v1.mixins.json into net.minecraft.entity.LivingEntity
[12:31:08] [main/DEBUG] (FabricLoader/Mixin) Mixing elytra.LivingEntityMixin from fabric-entity-events-v1.mixins.json into net.minecraft.entity.LivingEntity
[12:31:08] [main/DEBUG] (FabricLoader/Mixin) delta.mixins.json:mixin.LivingEntityMixin from mod delta->@Inject::consumeItem(Lorg/spongepowered/asm/mixin/injection/callback/CallbackInfo;)V doesn't use it's CallbackInfo
[12:31:08] [main/DEBUG] (FabricLoader/Mixin) delta.mixins.json:mixin.LivingEntityMixin from mod delta->@Inject::consumeItem(Lorg/spongepowered/asm/mixin/injection/callback/CallbackInfo;)V has 0 override(s) in child classes
[12:31:08] [main/DEBUG] (FabricLoader/Mixin) delta.mixins.json:mixin.LivingEntityMixin from mod delta->@Inject::consumeItem(Lorg/spongepowered/asm/mixin/injection/callback/CallbackInfo;)V won't be passed a CallbackInfo as a result
[12:31:08] [main/DEBUG] (FabricLoader/Mixin) delta.mixins.json:mixin.LivingEntityMixin from mod delta->@Inject::jump(Lorg/spongepowered/asm/mixin/injection/callback/CallbackInfo;)V does use it's CallbackInfo
[12:31:08] [main/DEBUG] (FabricLoader/Mixin) delta.mixins.json:mixin.LivingEntityMixin from mod delta->@Inject::removePushFromEntity(Lorg/spongepowered/asm/mixin/injection/callback/CallbackInfoReturnable;)V does use it's CallbackInfoReturnable
[12:31:08] [main/DEBUG] (FabricLoader/Mixin) delta.mixins.json:mixin.LivingEntityMixin from mod delta->@Inject::travelMidAir(Lnet/minecraft/util/math/Vec3d;Lorg/spongepowered/asm/mixin/injection/callback/CallbackInfo;)V doesn't use it's CallbackInfo
[12:31:08] [main/DEBUG] (FabricLoader/Mixin) delta.mixins.json:mixin.LivingEntityMixin from mod delta->@Inject::travelMidAir(Lnet/minecraft/util/math/Vec3d;Lorg/spongepowered/asm/mixin/injection/callback/CallbackInfo;)V has 0 override(s) in child classes
[12:31:08] [main/DEBUG] (FabricLoader/Mixin) delta.mixins.json:mixin.LivingEntityMixin from mod delta->@Inject::travelMidAir(Lnet/minecraft/util/math/Vec3d;Lorg/spongepowered/asm/mixin/injection/callback/CallbackInfo;)V won't be passed a CallbackInfo as a result
[12:31:08] [main/DEBUG] (FabricLoader/Mixin) fabric-item-api-v1.mixins.json:LivingEntityMixin from mod fabric-item-api-v1->@Inject::onGetPreferredEquipmentSlot(Lnet/minecraft/item/ItemStack;Lorg/spongepowered/asm/mixin/injection/callback/CallbackInfoReturnable;)V does use it's CallbackInfoReturnable
[12:31:08] [main/DEBUG] (FabricLoader/Mixin) fabric-lifecycle-events-v1.mixins.json:LivingEntityMixin from mod fabric-lifecycle-events-v1->@Inject::getEquipmentChanges(Lorg/spongepowered/asm/mixin/injection/callback/CallbackInfoReturnable;)V doesn't use it's CallbackInfoReturnable
[12:31:08] [main/DEBUG] (FabricLoader/Mixin) fabric-lifecycle-events-v1.mixins.json:LivingEntityMixin from mod fabric-lifecycle-events-v1->@Inject::getEquipmentChanges(Lorg/spongepowered/asm/mixin/injection/callback/CallbackInfoReturnable;)V has 0 override(s) in child classes
[12:31:08] [main/DEBUG] (FabricLoader/Mixin) fabric-lifecycle-events-v1.mixins.json:LivingEntityMixin from mod fabric-lifecycle-events-v1->@Inject::getEquipmentChanges(Lorg/spongepowered/asm/mixin/injection/callback/CallbackInfoReturnable;)V won't be passed a CallbackInfoReturnable as a result
[12:31:08] [main/DEBUG] (FabricLoader/Mixin) fabric-entity-events-v1.mixins.json:LivingEntityMixin from mod fabric-entity-events-v1->@Inject::notifyDeath(Lnet/minecraft/entity/damage/DamageSource;Lorg/spongepowered/asm/mixin/injection/callback/CallbackInfo;)V doesn't use it's CallbackInfo
[12:31:08] [main/DEBUG] (FabricLoader/Mixin) fabric-entity-events-v1.mixins.json:LivingEntityMixin from mod fabric-entity-events-v1->@Inject::notifyDeath(Lnet/minecraft/entity/damage/DamageSource;Lorg/spongepowered/asm/mixin/injection/callback/CallbackInfo;)V has 0 override(s) in child classes
[12:31:08] [main/DEBUG] (FabricLoader/Mixin) fabric-entity-events-v1.mixins.json:LivingEntityMixin from mod fabric-entity-events-v1->@Inject::notifyDeath(Lnet/minecraft/entity/damage/DamageSource;Lorg/spongepowered/asm/mixin/injection/callback/CallbackInfo;)V won't be passed a CallbackInfo as a result
[12:31:08] [main/DEBUG] (FabricLoader/Mixin) fabric-entity-events-v1.mixins.json:LivingEntityMixin from mod fabric-entity-events-v1->@Inject::beforeDamage(Lnet/minecraft/server/world/ServerWorld;Lnet/minecraft/entity/damage/DamageSource;FLorg/spongepowered/asm/mixin/injection/callback/CallbackInfoReturnable;)V does use it's CallbackInfoReturnable
[12:31:08] [main/DEBUG] (FabricLoader/Mixin) fabric-entity-events-v1.mixins.json:LivingEntityMixin from mod fabric-entity-events-v1->@Inject::afterDamage(Lnet/minecraft/server/world/ServerWorld;Lnet/minecraft/entity/damage/DamageSource;FLorg/spongepowered/asm/mixin/injection/callback/CallbackInfoReturnable;FZ)V doesn't use it's CallbackInfoReturnable
[12:31:08] [main/DEBUG] (FabricLoader/Mixin) fabric-entity-events-v1.mixins.json:LivingEntityMixin from mod fabric-entity-events-v1->@Inject::afterDamage(Lnet/minecraft/server/world/ServerWorld;Lnet/minecraft/entity/damage/DamageSource;FLorg/spongepowered/asm/mixin/injection/callback/CallbackInfoReturnable;FZ)V has 0 override(s) in child classes
[12:31:08] [main/DEBUG] (FabricLoader/Mixin) fabric-entity-events-v1.mixins.json:LivingEntityMixin from mod fabric-entity-events-v1->@Inject::afterDamage(Lnet/minecraft/server/world/ServerWorld;Lnet/minecraft/entity/damage/DamageSource;FLorg/spongepowered/asm/mixin/injection/callback/CallbackInfoReturnable;FZ)V won't be passed a CallbackInfoReturnable as a result
[12:31:08] [main/DEBUG] (FabricLoader/Mixin) fabric-entity-events-v1.mixins.json:LivingEntityMixin from mod fabric-entity-events-v1->@Inject::onSleep(Lnet/minecraft/util/math/BlockPos;Lorg/spongepowered/asm/mixin/injection/callback/CallbackInfo;)V doesn't use it's CallbackInfo
[12:31:08] [main/DEBUG] (FabricLoader/Mixin) fabric-entity-events-v1.mixins.json:LivingEntityMixin from mod fabric-entity-events-v1->@Inject::onSleep(Lnet/minecraft/util/math/BlockPos;Lorg/spongepowered/asm/mixin/injection/callback/CallbackInfo;)V has 0 override(s) in child classes
[12:31:08] [main/DEBUG] (FabricLoader/Mixin) fabric-entity-events-v1.mixins.json:LivingEntityMixin from mod fabric-entity-events-v1->@Inject::onSleep(Lnet/minecraft/util/math/BlockPos;Lorg/spongepowered/asm/mixin/injection/callback/CallbackInfo;)V won't be passed a CallbackInfo as a result
[12:31:08] [main/DEBUG] (FabricLoader/Mixin) fabric-entity-events-v1.mixins.json:LivingEntityMixin from mod fabric-entity-events-v1->@Inject::onWakeUp(Lorg/spongepowered/asm/mixin/injection/callback/CallbackInfo;)V doesn't use it's CallbackInfo
[12:31:08] [main/DEBUG] (FabricLoader/Mixin) fabric-entity-events-v1.mixins.json:LivingEntityMixin from mod fabric-entity-events-v1->@Inject::onWakeUp(Lorg/spongepowered/asm/mixin/injection/callback/CallbackInfo;)V has 0 override(s) in child classes
[12:31:08] [main/DEBUG] (FabricLoader/Mixin) fabric-entity-events-v1.mixins.json:LivingEntityMixin from mod fabric-entity-events-v1->@Inject::onWakeUp(Lorg/spongepowered/asm/mixin/injection/callback/CallbackInfo;)V won't be passed a CallbackInfo as a result
[12:31:08] [main/DEBUG] (FabricLoader/Mixin) fabric-entity-events-v1.mixins.json:LivingEntityMixin from mod fabric-entity-events-v1->@Inject::onIsSleepingInBed(Lnet/minecraft/util/math/BlockPos;Lorg/spongepowered/asm/mixin/injection/callback/CallbackInfoReturnable;)V does use it's CallbackInfoReturnable
[12:31:08] [main/DEBUG] (FabricLoader/Mixin) fabric-entity-events-v1.mixins.json:elytra.LivingEntityMixin from mod fabric-entity-events-v1->@Inject::injectElytraTick(Lorg/spongepowered/asm/mixin/injection/callback/CallbackInfo;)V does use it's CallbackInfo
[12:31:08] [main/DEBUG] (FabricLoader/Mixin) fabric-entity-events-v1.mixins.json:elytra.LivingEntityMixin from mod fabric-entity-events-v1->@Inject::injectElytraCheck(Lorg/spongepowered/asm/mixin/injection/callback/CallbackInfoReturnable;)V does use it's CallbackInfoReturnable
[12:31:08] [main/DEBUG] (FabricLoader/Mixin) Mixing WorldViewMixin from fabric-block-view-api-v2.mixins.json into net.minecraft.world.WorldView
[12:31:08] [main/DEBUG] (FabricLoader/Mixin) Mixing WorldViewMixin from fabric-rendering-data-attachment-v1.mixins.json into net.minecraft.world.WorldView
[12:31:08] [main/DEBUG] (FabricLoader/Mixin) Mixing accessors.WorldAccessor from delta.mixins.json into net.minecraft.world.World
[12:31:08] [main/DEBUG] (FabricLoader/Mixin) Mixing mixin.WorldMixin from delta.mixins.json into net.minecraft.world.World
[12:31:08] [main/DEBUG] (FabricLoader/Mixin) Mixing AttachmentTargetsMixin from fabric-data-attachment-api-v1.mixins.json into net.minecraft.world.World
[12:31:08] [main/DEBUG] (FabricLoader/Mixin) Mixing WorldMixin from fabric-data-attachment-api-v1.mixins.json into net.minecraft.world.World
[12:31:08] [main/DEBUG] (FabricLoader/Mixin) Mixing WorldMixin from fabric-lifecycle-events-v1.mixins.json into net.minecraft.world.World
[12:31:08] [main/DEBUG] (FabricLoader/Mixin) Mixing ServerWorldMixin from fabric-data-attachment-api-v1.mixins.json into net.minecraft.server.world.ServerWorld
[12:31:08] [main/DEBUG] (FabricLoader/Mixin) Renaming synthetic method lambda$fabric_syncChange$2(Lnet/fabricmc/fabric/api/attachment/v1/AttachmentType;Lnet/fabricmc/fabric/impl/attachment/sync/s2c/AttachmentSyncPayloadS2C;Lnet/minecraft/server/network/ServerPlayerEntity;)V to md1d5659$fabric-data-attachment-api-v1$lambda$fabric_syncChange$2$0 in fabric-data-attachment-api-v1.mixins.json:ServerWorldMixin from mod fabric-data-attachment-api-v1
[12:31:08] [main/DEBUG] (FabricLoader/Mixin) Renaming synthetic method lambda$createAttachmentsPersistentState$1(Lnet/minecraft/server/world/ServerWorld;Lnet/minecraft/nbt/NbtCompound;Lnet/minecraft/registry/RegistryWrapper$WrapperLookup;)Lnet/fabricmc/fabric/impl/attachment/AttachmentPersistentState; to md1d5659$fabric-data-attachment-api-v1$lambda$createAttachmentsPersistentState$1$1 in fabric-data-attachment-api-v1.mixins.json:ServerWorldMixin from mod fabric-data-attachment-api-v1
[12:31:08] [main/DEBUG] (FabricLoader/Mixin) Renaming synthetic method lambda$createAttachmentsPersistentState$0(Lnet/minecraft/server/world/ServerWorld;)Lnet/fabricmc/fabric/impl/attachment/AttachmentPersistentState; to md1d5659$fabric-data-attachment-api-v1$lambda$createAttachmentsPersistentState$0$2 in fabric-data-attachment-api-v1.mixins.json:ServerWorldMixin from mod fabric-data-attachment-api-v1
[12:31:08] [main/DEBUG] (FabricLoader/Mixin) Mixing ServerWorldMixin from fabric-api-lookup-api-v1.mixins.json into net.minecraft.server.world.ServerWorld
[12:31:08] [main/DEBUG] (FabricLoader/Mixin) Renaming synthetic method lambda$fabric_invalidateCache$5(Ljava/util/Map$Entry;)Z to md1d5659$fabric-api-lookup-api-v1$lambda$fabric_invalidateCache$5$3 in fabric-api-lookup-api-v1.mixins.json:ServerWorldMixin from mod fabric-api-lookup-api-v1
[12:31:08] [main/DEBUG] (FabricLoader/Mixin) Renaming synthetic method lambda$fabric_invalidateCache$4(Ljava/lang/ref/WeakReference;)Z to md1d5659$fabric-api-lookup-api-v1$lambda$fabric_invalidateCache$4$4 in fabric-api-lookup-api-v1.mixins.json:ServerWorldMixin from mod fabric-api-lookup-api-v1
[12:31:08] [main/DEBUG] (FabricLoader/Mixin) Renaming synthetic method lambda$fabric_invalidateCache$3(Ljava/lang/ref/WeakReference;)V to md1d5659$fabric-api-lookup-api-v1$lambda$fabric_invalidateCache$3$5 in fabric-api-lookup-api-v1.mixins.json:ServerWorldMixin from mod fabric-api-lookup-api-v1
[12:31:08] [main/DEBUG] (FabricLoader/Mixin) Renaming synthetic method lambda$fabric_invalidateCache$2(Ljava/lang/ref/WeakReference;)Z to md1d5659$fabric-api-lookup-api-v1$lambda$fabric_invalidateCache$2$6 in fabric-api-lookup-api-v1.mixins.json:ServerWorldMixin from mod fabric-api-lookup-api-v1
[12:31:08] [main/DEBUG] (FabricLoader/Mixin) Renaming synthetic method lambda$fabric_registerCache$1(Ljava/lang/ref/WeakReference;)Z to md1d5659$fabric-api-lookup-api-v1$lambda$fabric_registerCache$1$7 in fabric-api-lookup-api-v1.mixins.json:ServerWorldMixin from mod fabric-api-lookup-api-v1
[12:31:08] [main/DEBUG] (FabricLoader/Mixin) Renaming synthetic method lambda$fabric_registerCache$0(Lnet/minecraft/util/math/BlockPos;)Ljava/util/List; to md1d5659$fabric-api-lookup-api-v1$lambda$fabric_registerCache$0$8 in fabric-api-lookup-api-v1.mixins.json:ServerWorldMixin from mod fabric-api-lookup-api-v1
[12:31:08] [main/DEBUG] (FabricLoader/Mixin) Mixing ServerWorldMixin from fabric-lifecycle-events-v1.mixins.json into net.minecraft.server.world.ServerWorld
[12:31:08] [main/DEBUG] (FabricLoader/Mixin) fabric-data-attachment-api-v1.mixins.json:ServerWorldMixin from mod fabric-data-attachment-api-v1->@Inject::createAttachmentsPersistentState(Lorg/spongepowered/asm/mixin/injection/callback/CallbackInfo;)V doesn't use it's CallbackInfo
[12:31:08] [main/DEBUG] (FabricLoader/Mixin) fabric-data-attachment-api-v1.mixins.json:ServerWorldMixin from mod fabric-data-attachment-api-v1->@Inject::createAttachmentsPersistentState(Lorg/spongepowered/asm/mixin/injection/callback/CallbackInfo;)V has 0 override(s) in child classes
[12:31:08] [main/DEBUG] (FabricLoader/Mixin) fabric-data-attachment-api-v1.mixins.json:ServerWorldMixin from mod fabric-data-attachment-api-v1->@Inject::createAttachmentsPersistentState(Lorg/spongepowered/asm/mixin/injection/callback/CallbackInfo;)V won't be passed a CallbackInfo as a result
[12:31:08] [main/DEBUG] (FabricLoader/Mixin) fabric-lifecycle-events-v1.mixins.json:ServerWorldMixin from mod fabric-lifecycle-events-v1->@Inject::startWorldTick(Ljava/util/function/BooleanSupplier;Lorg/spongepowered/asm/mixin/injection/callback/CallbackInfo;)V doesn't use it's CallbackInfo
[12:31:08] [main/DEBUG] (FabricLoader/Mixin) fabric-lifecycle-events-v1.mixins.json:ServerWorldMixin from mod fabric-lifecycle-events-v1->@Inject::startWorldTick(Ljava/util/function/BooleanSupplier;Lorg/spongepowered/asm/mixin/injection/callback/CallbackInfo;)V has 0 override(s) in child classes
[12:31:08] [main/DEBUG] (FabricLoader/Mixin) fabric-lifecycle-events-v1.mixins.json:ServerWorldMixin from mod fabric-lifecycle-events-v1->@Inject::startWorldTick(Ljava/util/function/BooleanSupplier;Lorg/spongepowered/asm/mixin/injection/callback/CallbackInfo;)V won't be passed a CallbackInfo as a result
[12:31:08] [main/DEBUG] (FabricLoader/Mixin) fabric-lifecycle-events-v1.mixins.json:ServerWorldMixin from mod fabric-lifecycle-events-v1->@Inject::endWorldTick(Ljava/util/function/BooleanSupplier;Lorg/spongepowered/asm/mixin/injection/callback/CallbackInfo;)V doesn't use it's CallbackInfo
[12:31:08] [main/DEBUG] (FabricLoader/Mixin) fabric-lifecycle-events-v1.mixins.json:ServerWorldMixin from mod fabric-lifecycle-events-v1->@Inject::endWorldTick(Ljava/util/function/BooleanSupplier;Lorg/spongepowered/asm/mixin/injection/callback/CallbackInfo;)V has 0 override(s) in child classes
[12:31:08] [main/DEBUG] (FabricLoader/Mixin) fabric-lifecycle-events-v1.mixins.json:ServerWorldMixin from mod fabric-lifecycle-events-v1->@Inject::endWorldTick(Ljava/util/function/BooleanSupplier;Lorg/spongepowered/asm/mixin/injection/callback/CallbackInfo;)V won't be passed a CallbackInfo as a result
[12:31:09] [main/DEBUG] (FabricLoader/Mixin) Mixing IdListMixin from fabric-registry-sync-v0.mixins.json into net.minecraft.util.collection.IdList
[12:31:09] [main/DEBUG] (FabricLoader/Mixin) Renaming synthetic method lambda$fabric_remapIds$0(Lit/unimi/dsi/fastutil/ints/Int2IntMap;Ljava/lang/Object;Ljava/lang/Integer;)Ljava/lang/Integer; to md1d5659$fabric-registry-sync-v0$lambda$fabric_remapIds$0$0 in fabric-registry-sync-v0.mixins.json:IdListMixin from mod fabric-registry-sync-v0
[12:31:09] [main/DEBUG] (FabricLoader/Mixin) Mixing BlocksMixin from fabric-registry-sync-v0.mixins.json into net.minecraft.block.Blocks
[12:31:09] [main/DEBUG] (FabricLoader/Mixin) Renaming synthetic method lambda$initShapeCache$0(ILnet/minecraft/util/Identifier;Lnet/minecraft/block/Block;)V to md1d5659$fabric-registry-sync-v0$lambda$initShapeCache$0$0 in fabric-registry-sync-v0.mixins.json:BlocksMixin from mod fabric-registry-sync-v0
[12:31:09] [main/DEBUG] (FabricLoader/Mixin) fabric-registry-sync-v0.mixins.json:BlocksMixin from mod fabric-registry-sync-v0->@Inject::initShapeCache(Lorg/spongepowered/asm/mixin/injection/callback/CallbackInfo;)V doesn't use it's CallbackInfo
[12:31:09] [main/DEBUG] (FabricLoader/Mixin) Mixing OxidizableMixin from fabric-content-registries-v0.mixins.json into net.minecraft.block.Oxidizable
[12:31:09] [main/DEBUG] (FabricLoader/Mixin) fabric-content-registries-v0.mixins.json:OxidizableMixin from mod fabric-content-registries-v0->@Inject::createOxidationLevelIncreasesMap(Lorg/spongepowered/asm/mixin/injection/callback/CallbackInfoReturnable;)V does use it's CallbackInfoReturnable
[12:31:09] [main/DEBUG] (FabricLoader/Mixin) Mixing BlockStateMixin from fabric-block-api-v1.mixins.json into net.minecraft.block.BlockState
[12:31:09] [main/DEBUG] (FabricLoader/Mixin) Mixing AbstractBlockStateMixin from fabric-content-registries-v0.mixins.json into net.minecraft.block.AbstractBlock$AbstractBlockState
[12:31:09] [main/DEBUG] (FabricLoader/Mixin) Mixing EntityTypeMixin from fabric-object-builder-v1.mixins.json into net.minecraft.entity.EntityType
[12:31:09] [main/DEBUG] (FabricLoader/Mixin) fabric-object-builder-v1.mixins.json:EntityTypeMixin from mod fabric-object-builder-api-v1->@Inject::onAlwaysUpdateVelocity(Lorg/spongepowered/asm/mixin/injection/callback/CallbackInfoReturnable;)V does use it's CallbackInfoReturnable
[12:31:09] [main/DEBUG] (FabricLoader/Mixin) fabric-object-builder-v1.mixins.json:EntityTypeMixin from mod fabric-object-builder-api-v1->@Inject::onCanPotentiallyExecuteCommands(Lorg/spongepowered/asm/mixin/injection/callback/CallbackInfoReturnable;)V does use it's CallbackInfoReturnable
[12:31:10] [main/DEBUG] (FabricLoader/Mixin) Mixing FluidMixin from fabric-transfer-api-v1.mixins.json into net.minecraft.fluid.Fluid
[12:31:10] [main/DEBUG] (FabricLoader/Mixin) fabric-transfer-api-v1.mixins.json:FluidMixin from mod fabric-transfer-api-v1->@Inject::hookGetBucketFillSound(Lorg/spongepowered/asm/mixin/injection/callback/CallbackInfoReturnable;)V does use it's CallbackInfoReturnable
[12:31:10] [main/DEBUG] (FabricLoader/Mixin) Mixing ComponentMapBuilderMixin from fabric-item-api-v1.mixins.json into net.minecraft.component.ComponentMap$Builder
[12:31:10] [main/DEBUG] (FabricLoader/Mixin) Mixing AttachmentTargetsMixin from fabric-data-attachment-api-v1.mixins.json into net.minecraft.block.entity.BlockEntity
[12:31:10] [main/DEBUG] (FabricLoader/Mixin) Mixing BlockEntityMixin from fabric-data-attachment-api-v1.mixins.json into net.minecraft.block.entity.BlockEntity
[12:31:10] [main/DEBUG] (FabricLoader/Mixin) Renaming synthetic method lambda$fabric_syncChange$0(Lnet/fabricmc/fabric/api/attachment/v1/AttachmentType;Lnet/fabricmc/fabric/impl/attachment/sync/s2c/AttachmentSyncPayloadS2C;Lnet/minecraft/server/network/ServerPlayerEntity;)V to md1d5659$fabric-data-attachment-api-v1$lambda$fabric_syncChange$0$0 in fabric-data-attachment-api-v1.mixins.json:BlockEntityMixin from mod fabric-data-attachment-api-v1
[12:31:10] [main/DEBUG] (FabricLoader/Mixin) Mixing BlockEntityMixin from fabric-block-view-api-v2.mixins.json into net.minecraft.block.entity.BlockEntity
[12:31:10] [main/DEBUG] (FabricLoader/Mixin) Mixing BlockEntityMixin from fabric-rendering-data-attachment-v1.mixins.json into net.minecraft.block.entity.BlockEntity
[12:31:10] [main/DEBUG] (FabricLoader/Mixin) fabric-data-attachment-api-v1.mixins.json:BlockEntityMixin from mod fabric-data-attachment-api-v1->@Inject::readBlockEntityAttachments(Lnet/minecraft/nbt/NbtCompound;Lnet/minecraft/registry/RegistryWrapper$WrapperLookup;Lorg/spongepowered/asm/mixin/injection/callback/CallbackInfo;)V doesn't use it's CallbackInfo
[12:31:10] [main/DEBUG] (FabricLoader/Mixin) fabric-data-attachment-api-v1.mixins.json:BlockEntityMixin from mod fabric-data-attachment-api-v1->@Inject::readBlockEntityAttachments(Lnet/minecraft/nbt/NbtCompound;Lnet/minecraft/registry/RegistryWrapper$WrapperLookup;Lorg/spongepowered/asm/mixin/injection/callback/CallbackInfo;)V has 0 override(s) in child classes
[12:31:10] [main/DEBUG] (FabricLoader/Mixin) fabric-data-attachment-api-v1.mixins.json:BlockEntityMixin from mod fabric-data-attachment-api-v1->@Inject::readBlockEntityAttachments(Lnet/minecraft/nbt/NbtCompound;Lnet/minecraft/registry/RegistryWrapper$WrapperLookup;Lorg/spongepowered/asm/mixin/injection/callback/CallbackInfo;)V won't be passed a CallbackInfo as a result
[12:31:10] [main/DEBUG] (FabricLoader/Mixin) fabric-data-attachment-api-v1.mixins.json:BlockEntityMixin from mod fabric-data-attachment-api-v1->@Inject::writeBlockEntityAttachments(Lnet/minecraft/registry/RegistryWrapper$WrapperLookup;Lorg/spongepowered/asm/mixin/injection/callback/CallbackInfoReturnable;)V does use it's CallbackInfoReturnable
[12:31:10] [main/DEBUG] (FabricLoader/Mixin) Mixing NamedScreenHandlerFactoryMixin from fabric-screen-handler-api-v1.mixins.json into net.minecraft.screen.NamedScreenHandlerFactory
[12:31:10] [main/DEBUG] (FabricLoader/Mixin) Mixing LockableContainerBlockEntityMixin from fabric-transfer-api-v1.mixins.json into net.minecraft.block.entity.LockableContainerBlockEntity
[12:31:10] [main/DEBUG] (FabricLoader/Mixin) Mixing DetectorRailBlockMixin from fabric-object-builder-v1.mixins.json into net.minecraft.block.DetectorRailBlock
[12:31:10] [main/DEBUG] (FabricLoader/Mixin) Renaming synthetic method lambda$getCustomComparatorOutput$0(Lnet/minecraft/entity/Entity;)Z to md1d5659$fabric-object-builder-api-v1$lambda$getCustomComparatorOutput$0$0 in fabric-object-builder-v1.mixins.json:DetectorRailBlockMixin from mod fabric-object-builder-api-v1
[12:31:10] [main/DEBUG] (FabricLoader/Mixin) fabric-object-builder-v1.mixins.json:DetectorRailBlockMixin from mod fabric-object-builder-api-v1->@Inject::getCustomComparatorOutput(Lnet/minecraft/block/BlockState;Lnet/minecraft/world/World;Lnet/minecraft/util/math/BlockPos;Lorg/spongepowered/asm/mixin/injection/callback/CallbackInfoReturnable;)V does use it's CallbackInfoReturnable
[12:31:10] [main/DEBUG] (FabricLoader/Mixin) Mixing mixin.StatusEffectInstanceMixin from delta.mixins.json into net.minecraft.entity.effect.StatusEffectInstance
[12:31:10] [main/DEBUG] (FabricLoader/Mixin) delta.mixins.json:mixin.StatusEffectInstanceMixin from mod delta->@Inject::onInit(Lorg/spongepowered/asm/mixin/injection/callback/CallbackInfo;)V doesn't use it's CallbackInfo
[12:31:10] [main/DEBUG] (FabricLoader/Mixin) delta.mixins.json:mixin.StatusEffectInstanceMixin from mod delta->@Inject::onInit(Lorg/spongepowered/asm/mixin/injection/callback/CallbackInfo;)V has 0 override(s) in child classes
[12:31:10] [main/DEBUG] (FabricLoader/Mixin) delta.mixins.json:mixin.StatusEffectInstanceMixin from mod delta->@Inject::onInit(Lorg/spongepowered/asm/mixin/injection/callback/CallbackInfo;)V won't be passed a CallbackInfo as a result
[12:31:10] [main/DEBUG] (FabricLoader/Mixin) Mixing MobEntityMixin from fabric-entity-events-v1.mixins.json into net.minecraft.entity.mob.MobEntity
[12:31:10] [main/DEBUG] (FabricLoader/Mixin) Mixing ChiseledBookshelfBlockEntityMixin from fabric-transfer-api-v1.mixins.json into net.minecraft.block.entity.ChiseledBookshelfBlockEntity
[12:31:11] [main/DEBUG] (FabricLoader/Mixin) fabric-transfer-api-v1.mixins.json:ChiseledBookshelfBlockEntityMixin from mod fabric-transfer-api-v1->@Inject::setStackBypass(ILnet/minecraft/item/ItemStack;Lorg/spongepowered/asm/mixin/injection/callback/CallbackInfo;)V does use it's CallbackInfo
[12:31:11] [main/DEBUG] (FabricLoader/Mixin) Mixing BlockEntityTypeAccessor from fabric-api-lookup-api-v1.mixins.json into net.minecraft.block.entity.BlockEntityType
[12:31:11] [main/DEBUG] (FabricLoader/Mixin) Mixing BlockEntityTypeMixin from fabric-object-builder-v1.mixins.json into net.minecraft.block.entity.BlockEntityType
[12:31:11] [main/DEBUG] (FabricLoader/Mixin) fabric-object-builder-v1.mixins.json:BlockEntityTypeMixin from mod fabric-object-builder-api-v1->@Inject::mutableBlocks(Lnet/minecraft/block/entity/BlockEntityType$BlockEntityFactory;Ljava/util/Set;Lorg/spongepowered/asm/mixin/injection/callback/CallbackInfo;)V doesn't use it's CallbackInfo
[12:31:11] [main/DEBUG] (FabricLoader/Mixin) fabric-object-builder-v1.mixins.json:BlockEntityTypeMixin from mod fabric-object-builder-api-v1->@Inject::mutableBlocks(Lnet/minecraft/block/entity/BlockEntityType$BlockEntityFactory;Ljava/util/Set;Lorg/spongepowered/asm/mixin/injection/callback/CallbackInfo;)V has 0 override(s) in child classes
[12:31:11] [main/DEBUG] (FabricLoader/Mixin) fabric-object-builder-v1.mixins.json:BlockEntityTypeMixin from mod fabric-object-builder-api-v1->@Inject::mutableBlocks(Lnet/minecraft/block/entity/BlockEntityType$BlockEntityFactory;Ljava/util/Set;Lorg/spongepowered/asm/mixin/injection/callback/CallbackInfo;)V won't be passed a CallbackInfo as a result
[12:31:11] [main/DEBUG] (FabricLoader/Mixin) Mixing AbstractFurnaceBlockEntityMixin from fabric-transfer-api-v1.mixins.json into net.minecraft.block.entity.AbstractFurnaceBlockEntity
[12:31:11] [main/DEBUG] (FabricLoader/Mixin) Mixing AbstractFurnaceBlockEntityMixin from fabric-item-api-v1.mixins.json into net.minecraft.block.entity.AbstractFurnaceBlockEntity
[12:31:11] [main/DEBUG] (FabricLoader/Mixin) fabric-transfer-api-v1.mixins.json:AbstractFurnaceBlockEntityMixin from mod fabric-transfer-api-v1->@Inject::setStackSuppressUpdate(ILnet/minecraft/item/ItemStack;Lorg/spongepowered/asm/mixin/injection/callback/CallbackInfo;)V does use it's CallbackInfo
[12:31:11] [main/DEBUG] (FabricLoader/Mixin) fabric-item-api-v1.mixins.json:AbstractFurnaceBlockEntityMixin from mod fabric-item-api-v1->@Inject::getStackRemainder(Lnet/minecraft/server/world/ServerWorld;Lnet/minecraft/util/math/BlockPos;Lnet/minecraft/block/BlockState;Lnet/minecraft/block/entity/AbstractFurnaceBlockEntity;Lorg/spongepowered/asm/mixin/injection/callback/CallbackInfo;ZZLnet/minecraft/item/ItemStack;Lnet/minecraft/item/ItemStack;ZZLnet/minecraft/recipe/RecipeEntry;Lnet/minecraft/recipe/input/SingleStackRecipeInput;I)V doesn't use it's CallbackInfo
[12:31:11] [main/DEBUG] (FabricLoader/Mixin) Mixing WoodTypeMixin from fabric-object-builder-v1.client.mixins.json into net.minecraft.block.WoodType
[12:31:11] [main/DEBUG] (FabricLoader/Mixin) fabric-object-builder-v1.client.mixins.json:WoodTypeMixin from mod fabric-object-builder-api-v1->@Inject::onReturnRegister(Lnet/minecraft/block/WoodType;Lorg/spongepowered/asm/mixin/injection/callback/CallbackInfoReturnable;)V doesn't use it's CallbackInfoReturnable
[12:31:11] [main/DEBUG] (FabricLoader/Mixin) Mixing JukeboxBlockEntityMixin from fabric-transfer-api-v1.mixins.json into net.minecraft.block.entity.JukeboxBlockEntity
[12:31:11] [main/DEBUG] (FabricLoader/Mixin) fabric-transfer-api-v1.mixins.json:JukeboxBlockEntityMixin from mod fabric-transfer-api-v1->@Inject::setStackBypass(Lnet/minecraft/item/ItemStack;Lorg/spongepowered/asm/mixin/injection/callback/CallbackInfo;)V does use it's CallbackInfo
[12:31:11] [main/DEBUG] (FabricLoader/Mixin) Mixing BrewingStandBlockEntityMixin from fabric-item-api-v1.mixins.json into net.minecraft.block.entity.BrewingStandBlockEntity
[12:31:11] [main/DEBUG] (FabricLoader/Mixin) fabric-item-api-v1.mixins.json:BrewingStandBlockEntityMixin from mod fabric-item-api-v1->@Inject::captureItemStack(Lnet/minecraft/world/World;Lnet/minecraft/util/math/BlockPos;Lnet/minecraft/util/collection/DefaultedList;Lorg/spongepowered/asm/mixin/injection/callback/CallbackInfo;Lnet/minecraft/item/ItemStack;)V doesn't use it's CallbackInfo
[12:31:11] [main/DEBUG] (FabricLoader/Mixin) Mixing ItemStackMixin from fabric-item-api-v1.mixins.json into net.minecraft.item.ItemStack
[12:31:11] [main/DEBUG] (FabricLoader/Mixin) Renaming synthetic method lambda$hookDamage$0(Lorg/apache/commons/lang3/mutable/MutableBoolean;Ljava/util/function/Consumer;)V to md1d5659$fabric-item-api-v1$lambda$hookDamage$0$0 in fabric-item-api-v1.mixins.json:ItemStackMixin from mod fabric-item-api-v1
[12:31:11] [main/DEBUG] (FabricLoader/Mixin) Mixing ItemStackMixin from fabric-item-api-v1.client.mixins.json into net.minecraft.item.ItemStack
[12:31:11] [main/DEBUG] (FabricLoader/Mixin) fabric-item-api-v1.client.mixins.json:ItemStackMixin from mod fabric-item-api-v1->@Inject::getTooltip(Lnet/minecraft/item/Item$TooltipContext;Lnet/minecraft/entity/player/PlayerEntity;Lnet/minecraft/item/tooltip/TooltipType;Lorg/spongepowered/asm/mixin/injection/callback/CallbackInfoReturnable;)V does use it's CallbackInfoReturnable
[12:31:11] [main/DEBUG] (FabricLoader/Mixin) Mixing AnvilScreenHandlerMixin from fabric-item-api-v1.mixins.json into net.minecraft.screen.AnvilScreenHandler
[12:31:11] [main/DEBUG] (FabricLoader/Mixin) Mixing HopperBlockEntityMixin from fabric-transfer-api-v1.mixins.json into net.minecraft.block.entity.HopperBlockEntity
[12:31:11] [main/DEBUG] (FabricLoader/Mixin) Renaming synthetic method lambda$hookExtract$1(Lnet/fabricmc/fabric/api/transfer/v1/item/ItemVariant;)Z to md1d5659$fabric-transfer-api-v1$lambda$hookExtract$1$0 in fabric-transfer-api-v1.mixins.json:HopperBlockEntityMixin from mod fabric-transfer-api-v1
[12:31:11] [main/DEBUG] (FabricLoader/Mixin) Renaming synthetic method lambda$hookInsert$0(Lnet/fabricmc/fabric/api/transfer/v1/item/ItemVariant;)Z to md1d5659$fabric-transfer-api-v1$lambda$hookInsert$0$1 in fabric-transfer-api-v1.mixins.json:HopperBlockEntityMixin from mod fabric-transfer-api-v1
[12:31:11] [main/DEBUG] (FabricLoader/Mixin) fabric-transfer-api-v1.mixins.json:HopperBlockEntityMixin from mod fabric-transfer-api-v1->@Inject::hookInsert(Lnet/minecraft/world/World;Lnet/minecraft/util/math/BlockPos;Lnet/minecraft/block/entity/HopperBlockEntity;Lorg/spongepowered/asm/mixin/injection/callback/CallbackInfoReturnable;)V does use it's CallbackInfoReturnable
[12:31:11] [main/DEBUG] (FabricLoader/Mixin) fabric-transfer-api-v1.mixins.json:HopperBlockEntityMixin from mod fabric-transfer-api-v1->@Inject::hookExtract(Lnet/minecraft/world/World;Lnet/minecraft/block/entity/Hopper;Lorg/spongepowered/asm/mixin/injection/callback/CallbackInfoReturnable;)V does use it's CallbackInfoReturnable
[12:31:11] [main/DEBUG] (FabricLoader/Mixin) Mixing DropperBlockMixin from fabric-transfer-api-v1.mixins.json into net.minecraft.block.DropperBlock
[12:31:11] [main/DEBUG] (FabricLoader/Mixin) Renaming synthetic method lambda$hookDispense$0(Lnet/fabricmc/fabric/api/transfer/v1/item/ItemVariant;)Z to md1d5659$fabric-transfer-api-v1$lambda$hookDispense$0$0 in fabric-transfer-api-v1.mixins.json:DropperBlockMixin from mod fabric-transfer-api-v1
[12:31:11] [main/DEBUG] (FabricLoader/Mixin) fabric-transfer-api-v1.mixins.json:DropperBlockMixin from mod fabric-transfer-api-v1->@Inject::hookDispense(Lnet/minecraft/server/world/ServerWorld;Lnet/minecraft/block/BlockState;Lnet/minecraft/util/math/BlockPos;Lorg/spongepowered/asm/mixin/injection/callback/CallbackInfo;)V does use it's CallbackInfo
[12:31:12] [main/DEBUG] (FabricLoader/Mixin) Mixing BannerBlockEntityMixin from fabric-data-attachment-api-v1.mixins.json into net.minecraft.block.entity.BannerBlockEntity
[12:31:12] [Datafixer Bootstrap/INFO] (com.mojang.datafixers.DataFixerBuilder) 243 Datafixer optimizations took 13684 milliseconds
[12:31:13] [main/DEBUG] (FabricLoader/Mixin) Mixing CrafterBlockMixin from fabric-transfer-api-v1.mixins.json into net.minecraft.block.CrafterBlock
[12:31:13] [main/DEBUG] (FabricLoader/Mixin) fabric-transfer-api-v1.mixins.json:CrafterBlockMixin from mod fabric-transfer-api-v1->@Inject::transferOrSpawnStack(Lnet/minecraft/server/world/ServerWorld;Lnet/minecraft/util/math/BlockPos;Lnet/minecraft/block/entity/CrafterBlockEntity;Lnet/minecraft/item/ItemStack;Lnet/minecraft/block/BlockState;Lnet/minecraft/recipe/RecipeEntry;Lorg/spongepowered/asm/mixin/injection/callback/CallbackInfo;)V doesn't use it's CallbackInfo
[12:31:13] [main/DEBUG] (FabricLoader/Mixin) fabric-transfer-api-v1.mixins.json:CrafterBlockMixin from mod fabric-transfer-api-v1->@Inject::transferOrSpawnStack(Lnet/minecraft/server/world/ServerWorld;Lnet/minecraft/util/math/BlockPos;Lnet/minecraft/block/entity/CrafterBlockEntity;Lnet/minecraft/item/ItemStack;Lnet/minecraft/block/BlockState;Lnet/minecraft/recipe/RecipeEntry;Lorg/spongepowered/asm/mixin/injection/callback/CallbackInfo;)V has 0 override(s) in child classes
[12:31:13] [main/DEBUG] (FabricLoader/Mixin) fabric-transfer-api-v1.mixins.json:CrafterBlockMixin from mod fabric-transfer-api-v1->@Inject::transferOrSpawnStack(Lnet/minecraft/server/world/ServerWorld;Lnet/minecraft/util/math/BlockPos;Lnet/minecraft/block/entity/CrafterBlockEntity;Lnet/minecraft/item/ItemStack;Lnet/minecraft/block/BlockState;Lnet/minecraft/recipe/RecipeEntry;Lorg/spongepowered/asm/mixin/injection/callback/CallbackInfo;)V won't be passed a CallbackInfo as a result
[12:31:13] [main/DEBUG] (FabricLoader/Mixin) fabric-transfer-api-v1.mixins.json:CrafterBlockMixin from mod fabric-transfer-api-v1->@Inject::transferOrSpawnStack(Lnet/minecraft/server/world/ServerWorld;Lnet/minecraft/util/math/BlockPos;Lnet/minecraft/block/entity/CrafterBlockEntity;Lnet/minecraft/item/ItemStack;Lnet/minecraft/block/BlockState;Lnet/minecraft/recipe/RecipeEntry;Lorg/spongepowered/asm/mixin/injection/callback/CallbackInfo;)V doesn't use it's CallbackInfo
[12:31:13] [main/DEBUG] (FabricLoader/Mixin) fabric-transfer-api-v1.mixins.json:CrafterBlockMixin from mod fabric-transfer-api-v1->@Inject::transferOrSpawnStack(Lnet/minecraft/server/world/ServerWorld;Lnet/minecraft/util/math/BlockPos;Lnet/minecraft/block/entity/CrafterBlockEntity;Lnet/minecraft/item/ItemStack;Lnet/minecraft/block/BlockState;Lnet/minecraft/recipe/RecipeEntry;Lorg/spongepowered/asm/mixin/injection/callback/CallbackInfo;)V has 0 override(s) in child classes
[12:31:13] [main/DEBUG] (FabricLoader/Mixin) fabric-transfer-api-v1.mixins.json:CrafterBlockMixin from mod fabric-transfer-api-v1->@Inject::transferOrSpawnStack(Lnet/minecraft/server/world/ServerWorld;Lnet/minecraft/util/math/BlockPos;Lnet/minecraft/block/entity/CrafterBlockEntity;Lnet/minecraft/item/ItemStack;Lnet/minecraft/block/BlockState;Lnet/minecraft/recipe/RecipeEntry;Lorg/spongepowered/asm/mixin/injection/callback/CallbackInfo;)V won't be passed a CallbackInfo as a result
[12:31:13] [main/DEBUG] (FabricLoader/Mixin) fabric-transfer-api-v1.mixins.json:CrafterBlockMixin from mod fabric-transfer-api-v1->@Inject::transferOrSpawnStack(Lnet/minecraft/server/world/ServerWorld;Lnet/minecraft/util/math/BlockPos;Lnet/minecraft/block/entity/CrafterBlockEntity;Lnet/minecraft/item/ItemStack;Lnet/minecraft/block/BlockState;Lnet/minecraft/recipe/RecipeEntry;Lorg/spongepowered/asm/mixin/injection/callback/CallbackInfo;)V doesn't use it's CallbackInfo
[12:31:13] [main/DEBUG] (FabricLoader/Mixin) fabric-transfer-api-v1.mixins.json:CrafterBlockMixin from mod fabric-transfer-api-v1->@Inject::transferOrSpawnStack(Lnet/minecraft/server/world/ServerWorld;Lnet/minecraft/util/math/BlockPos;Lnet/minecraft/block/entity/CrafterBlockEntity;Lnet/minecraft/item/ItemStack;Lnet/minecraft/block/BlockState;Lnet/minecraft/recipe/RecipeEntry;Lorg/spongepowered/asm/mixin/injection/callback/CallbackInfo;)V has 0 override(s) in child classes
[12:31:13] [main/DEBUG] (FabricLoader/Mixin) fabric-transfer-api-v1.mixins.json:CrafterBlockMixin from mod fabric-transfer-api-v1->@Inject::transferOrSpawnStack(Lnet/minecraft/server/world/ServerWorld;Lnet/minecraft/util/math/BlockPos;Lnet/minecraft/block/entity/CrafterBlockEntity;Lnet/minecraft/item/ItemStack;Lnet/minecraft/block/BlockState;Lnet/minecraft/recipe/RecipeEntry;Lorg/spongepowered/asm/mixin/injection/callback/CallbackInfo;)V won't be passed a CallbackInfo as a result
[12:31:13] [main/DEBUG] (FabricLoader/Mixin) fabric-transfer-api-v1.mixins.json:CrafterBlockMixin from mod fabric-transfer-api-v1->@Inject::transferOrSpawnStack(Lnet/minecraft/server/world/ServerWorld;Lnet/minecraft/util/math/BlockPos;Lnet/minecraft/block/entity/CrafterBlockEntity;Lnet/minecraft/item/ItemStack;Lnet/minecraft/block/BlockState;Lnet/minecraft/recipe/RecipeEntry;Lorg/spongepowered/asm/mixin/injection/callback/CallbackInfo;)V doesn't use it's CallbackInfo
[12:31:13] [main/DEBUG] (FabricLoader/Mixin) fabric-transfer-api-v1.mixins.json:CrafterBlockMixin from mod fabric-transfer-api-v1->@Inject::transferOrSpawnStack(Lnet/minecraft/server/world/ServerWorld;Lnet/minecraft/util/math/BlockPos;Lnet/minecraft/block/entity/CrafterBlockEntity;Lnet/minecraft/item/ItemStack;Lnet/minecraft/block/BlockState;Lnet/minecraft/recipe/RecipeEntry;Lorg/spongepowered/asm/mixin/injection/callback/CallbackInfo;)V has 0 override(s) in child classes
[12:31:13] [main/DEBUG] (FabricLoader/Mixin) fabric-transfer-api-v1.mixins.json:CrafterBlockMixin from mod fabric-transfer-api-v1->@Inject::transferOrSpawnStack(Lnet/minecraft/server/world/ServerWorld;Lnet/minecraft/util/math/BlockPos;Lnet/minecraft/block/entity/CrafterBlockEntity;Lnet/minecraft/item/ItemStack;Lnet/minecraft/block/BlockState;Lnet/minecraft/recipe/RecipeEntry;Lorg/spongepowered/asm/mixin/injection/callback/CallbackInfo;)V won't be passed a CallbackInfo as a result
[12:31:13] [main/DEBUG] (FabricLoader/Mixin) Mixing ItemMixin from fabric-transfer-api-v1.mixins.json into net.minecraft.item.Item
[12:31:13] [main/DEBUG] (FabricLoader/Mixin) Mixing ItemAccessor from fabric-item-api-v1.mixins.json into net.minecraft.item.Item
[12:31:13] [main/DEBUG] (FabricLoader/Mixin) Mixing ItemMixin from fabric-item-api-v1.mixins.json into net.minecraft.item.Item
[12:31:13] [main/DEBUG] (FabricLoader/Mixin) fabric-item-api-v1.mixins.json:ItemMixin from mod fabric-item-api-v1->@Inject::onConstruct(Lnet/minecraft/item/Item$Settings;Lorg/spongepowered/asm/mixin/injection/callback/CallbackInfo;)V doesn't use it's CallbackInfo
[12:31:13] [main/DEBUG] (FabricLoader/Mixin) fabric-item-api-v1.mixins.json:ItemMixin from mod fabric-item-api-v1->@Inject::onConstruct(Lnet/minecraft/item/Item$Settings;Lorg/spongepowered/asm/mixin/injection/callback/CallbackInfo;)V has 0 override(s) in child classes
[12:31:13] [main/DEBUG] (FabricLoader/Mixin) fabric-item-api-v1.mixins.json:ItemMixin from mod fabric-item-api-v1->@Inject::onConstruct(Lnet/minecraft/item/Item$Settings;Lorg/spongepowered/asm/mixin/injection/callback/CallbackInfo;)V won't be passed a CallbackInfo as a result
[12:31:14] [main/DEBUG] (FabricLoader/Mixin) Mixing AxeItemAccessor from fabric-content-registries-v0.mixins.json into net.minecraft.item.AxeItem
[12:31:14] [main/DEBUG] (FabricLoader/Mixin) Renaming @Accessor method getStrippedBlocks()Ljava/util/Map; to getStrippedBlocks$fabric-content-registries-v0_$md$1d5659$0 in fabric-content-registries-v0.mixins.json:AxeItemAccessor from mod fabric-content-registries-v0
[12:31:14] [main/DEBUG] (FabricLoader/Mixin) Renaming @Accessor method setStrippedBlocks(Ljava/util/Map;)V to setStrippedBlocks$fabric-content-registries-v0_$md$1d5659$1 in fabric-content-registries-v0.mixins.json:AxeItemAccessor from mod fabric-content-registries-v0
[12:31:14] [main/DEBUG] (FabricLoader/Mixin) Mixing ShovelItemAccessor from fabric-content-registries-v0.mixins.json into net.minecraft.item.ShovelItem
[12:31:14] [main/DEBUG] (FabricLoader/Mixin) Renaming @Accessor method getPathStates()Ljava/util/Map; to getPathStates$fabric-content-registries-v0_$md$1d5659$0 in fabric-content-registries-v0.mixins.json:ShovelItemAccessor from mod fabric-content-registries-v0
[12:31:14] [main/DEBUG] (FabricLoader/Mixin) Mixing HoeItemAccessor from fabric-content-registries-v0.mixins.json into net.minecraft.item.HoeItem
[12:31:14] [main/DEBUG] (FabricLoader/Mixin) Renaming @Accessor method getTillingActions()Ljava/util/Map; to getTillingActions$fabric-content-registries-v0_$md$1d5659$0 in fabric-content-registries-v0.mixins.json:HoeItemAccessor from mod fabric-content-registries-v0
[12:31:14] [main/DEBUG] (FabricLoader/Mixin) Mixing BucketItemAccessor from fabric-transfer-api-v1.mixins.json into net.minecraft.item.BucketItem
[12:31:14] [main/DEBUG] (FabricLoader/Mixin) Mixing BucketItemMixin from fabric-transfer-api-v1.mixins.json into net.minecraft.item.BucketItem
[12:31:14] [main/DEBUG] (FabricLoader/Mixin) Mixing ItemSettingsMixin from fabric-item-api-v1.mixins.json into net.minecraft.item.Item$Settings
[12:31:14] [main/DEBUG] (FabricLoader/Mixin) Mixing TagKeyMixin from fabric-convention-tags-api-v2.mixins.json into net.minecraft.registry.tag.TagKey
[12:31:14] [main/DEBUG] (FabricLoader/Mixin) Mixing BundleContentsComponentAccessor from fabric-transfer-api-v1.mixins.json into net.minecraft.component.type.BundleContentsComponent
[12:31:14] [main/DEBUG] (FabricLoader/Mixin) Renaming @Invoker method getOccupancy(Lnet/minecraft/item/ItemStack;)Lorg/apache/commons/lang3/math/Fraction; to getOccupancy$fabric-transfer-api-v1_$md$1d5659$0 in fabric-transfer-api-v1.mixins.json:BundleContentsComponentAccessor from mod fabric-transfer-api-v1
[12:31:14] [main/DEBUG] (FabricLoader/Mixin) Mixing mixin.WorldBorderMixin from delta.mixins.json into net.minecraft.world.border.WorldBorder
[12:31:14] [main/DEBUG] (FabricLoader/Mixin) delta.mixins.json:mixin.WorldBorderMixin from mod delta->@Inject::asVoxelShape(Lorg/spongepowered/asm/mixin/injection/callback/CallbackInfoReturnable;)V does use it's CallbackInfoReturnable
[12:31:14] [main/DEBUG] (FabricLoader/Mixin) Mixing AttachmentTargetsMixin from fabric-data-attachment-api-v1.mixins.json into net.minecraft.world.chunk.Chunk
[12:31:14] [main/DEBUG] (FabricLoader/Mixin) Mixing ChunkMixin from fabric-data-attachment-api-v1.mixins.json into net.minecraft.world.chunk.Chunk
[12:31:14] [main/DEBUG] (FabricLoader/Mixin) Mixing WorldChunkMixin from fabric-data-attachment-api-v1.mixins.json into net.minecraft.world.chunk.WorldChunk
[12:31:14] [main/DEBUG] (FabricLoader/Mixin) Renaming synthetic method lambda$fabric_syncChange$0(Lnet/fabricmc/fabric/api/attachment/v1/AttachmentType;Lnet/fabricmc/fabric/impl/attachment/sync/s2c/AttachmentSyncPayloadS2C;Lnet/minecraft/server/network/ServerPlayerEntity;)V to md1d5659$fabric-data-attachment-api-v1$lambda$fabric_syncChange$0$0 in fabric-data-attachment-api-v1.mixins.json:WorldChunkMixin from mod fabric-data-attachment-api-v1
[12:31:14] [main/DEBUG] (FabricLoader/Mixin) Mixing WorldChunkMixin from fabric-lifecycle-events-v1.client.mixins.json into net.minecraft.world.chunk.WorldChunk
[12:31:14] [main/DEBUG] (FabricLoader/Mixin) fabric-data-attachment-api-v1.mixins.json:WorldChunkMixin from mod fabric-data-attachment-api-v1->@Inject::transferProtoChunkAttachement(Lnet/minecraft/server/world/ServerWorld;Lnet/minecraft/world/chunk/ProtoChunk;Lnet/minecraft/world/chunk/WorldChunk$EntityLoader;Lorg/spongepowered/asm/mixin/injection/callback/CallbackInfo;)V doesn't use it's CallbackInfo
[12:31:14] [main/DEBUG] (FabricLoader/Mixin) fabric-data-attachment-api-v1.mixins.json:WorldChunkMixin from mod fabric-data-attachment-api-v1->@Inject::transferProtoChunkAttachement(Lnet/minecraft/server/world/ServerWorld;Lnet/minecraft/world/chunk/ProtoChunk;Lnet/minecraft/world/chunk/WorldChunk$EntityLoader;Lorg/spongepowered/asm/mixin/injection/callback/CallbackInfo;)V has 0 override(s) in child classes
[12:31:14] [main/DEBUG] (FabricLoader/Mixin) fabric-data-attachment-api-v1.mixins.json:WorldChunkMixin from mod fabric-data-attachment-api-v1->@Inject::transferProtoChunkAttachement(Lnet/minecraft/server/world/ServerWorld;Lnet/minecraft/world/chunk/ProtoChunk;Lnet/minecraft/world/chunk/WorldChunk$EntityLoader;Lorg/spongepowered/asm/mixin/injection/callback/CallbackInfo;)V won't be passed a CallbackInfo as a result
[12:31:14] [main/DEBUG] (FabricLoader/Mixin) fabric-lifecycle-events-v1.client.mixins.json:WorldChunkMixin from mod fabric-lifecycle-events-v1->@Inject::onLoadBlockEntity(Lnet/minecraft/block/entity/BlockEntity;Lorg/spongepowered/asm/mixin/injection/callback/CallbackInfo;)V doesn't use it's CallbackInfo
[12:31:14] [main/DEBUG] (FabricLoader/Mixin) fabric-lifecycle-events-v1.client.mixins.json:WorldChunkMixin from mod fabric-lifecycle-events-v1->@Inject::onLoadBlockEntity(Lnet/minecraft/block/entity/BlockEntity;Lorg/spongepowered/asm/mixin/injection/callback/CallbackInfo;)V has 0 override(s) in child classes
[12:31:14] [main/DEBUG] (FabricLoader/Mixin) fabric-lifecycle-events-v1.client.mixins.json:WorldChunkMixin from mod fabric-lifecycle-events-v1->@Inject::onLoadBlockEntity(Lnet/minecraft/block/entity/BlockEntity;Lorg/spongepowered/asm/mixin/injection/callback/CallbackInfo;)V won't be passed a CallbackInfo as a result
[12:31:14] [main/DEBUG] (FabricLoader/Mixin) fabric-lifecycle-events-v1.client.mixins.json:WorldChunkMixin from mod fabric-lifecycle-events-v1->@Inject::onRemoveBlockEntity(Lnet/minecraft/block/entity/BlockEntity;Lorg/spongepowered/asm/mixin/injection/callback/CallbackInfo;)V doesn't use it's CallbackInfo
[12:31:14] [main/DEBUG] (FabricLoader/Mixin) fabric-lifecycle-events-v1.client.mixins.json:WorldChunkMixin from mod fabric-lifecycle-events-v1->@Inject::onRemoveBlockEntity(Lnet/minecraft/block/entity/BlockEntity;Lorg/spongepowered/asm/mixin/injection/callback/CallbackInfo;)V has 0 override(s) in child classes
[12:31:14] [main/DEBUG] (FabricLoader/Mixin) fabric-lifecycle-events-v1.client.mixins.json:WorldChunkMixin from mod fabric-lifecycle-events-v1->@Inject::onRemoveBlockEntity(Lnet/minecraft/block/entity/BlockEntity;Lorg/spongepowered/asm/mixin/injection/callback/CallbackInfo;)V won't be passed a CallbackInfo as a result
[12:31:14] [main/DEBUG] (FabricLoader/Mixin) fabric-lifecycle-events-v1.client.mixins.json:WorldChunkMixin from mod fabric-lifecycle-events-v1->@Inject::onRemoveBlockEntity(Lnet/minecraft/util/math/BlockPos;Lorg/spongepowered/asm/mixin/injection/callback/CallbackInfo;Lnet/minecraft/block/entity/BlockEntity;)V doesn't use it's CallbackInfo
[12:31:14] [main/DEBUG] (FabricLoader/Mixin) fabric-lifecycle-events-v1.client.mixins.json:WorldChunkMixin from mod fabric-lifecycle-events-v1->@Inject::onRemoveBlockEntity(Lnet/minecraft/util/math/BlockPos;Lorg/spongepowered/asm/mixin/injection/callback/CallbackInfo;Lnet/minecraft/block/entity/BlockEntity;)V has 0 override(s) in child classes
[12:31:14] [main/DEBUG] (FabricLoader/Mixin) fabric-lifecycle-events-v1.client.mixins.json:WorldChunkMixin from mod fabric-lifecycle-events-v1->@Inject::onRemoveBlockEntity(Lnet/minecraft/util/math/BlockPos;Lorg/spongepowered/asm/mixin/injection/callback/CallbackInfo;Lnet/minecraft/block/entity/BlockEntity;)V won't be passed a CallbackInfo as a result
[12:31:14] [main/DEBUG] (FabricLoader/Mixin) Mixing ContainerComponentAccessor from fabric-transfer-api-v1.mixins.json into net.minecraft.component.type.ContainerComponent
[12:31:14] [main/DEBUG] (FabricLoader/Mixin) Mixing EntityTypeBuilderMixin from fabric-object-builder-v1.mixins.json into net.minecraft.entity.EntityType$Builder
[12:31:14] [main/DEBUG] (FabricLoader/Mixin) fabric-object-builder-v1.mixins.json:EntityTypeBuilderMixin from mod fabric-object-builder-api-v1->@Inject::applyChildBuilders(Lnet/minecraft/registry/RegistryKey;Lorg/spongepowered/asm/mixin/injection/callback/CallbackInfoReturnable;)V does use it's CallbackInfoReturnable
[12:31:14] [main/DEBUG] (FabricLoader/Mixin) Mixing VillagerEntityAccessor from fabric-content-registries-v0.mixins.json into net.minecraft.entity.passive.VillagerEntity
[12:31:14] [main/DEBUG] (FabricLoader/Mixin) Renaming @Accessor method fabric_setItemFoodValues(Ljava/util/Map;)V to fabric_setItemFoodValues$fabric-content-registries-v0_$md$1d5659$0 in fabric-content-registries-v0.mixins.json:VillagerEntityAccessor from mod fabric-content-registries-v0
[12:31:14] [main/DEBUG] (FabricLoader/Mixin) Mixing VillagerEntityMixin from fabric-content-registries-v0.mixins.json into net.minecraft.entity.passive.VillagerEntity
[12:31:15] [main/DEBUG] (FabricLoader/Mixin) Mixing accessors.TridentEntityAccessor from delta.mixins.json into net.minecraft.entity.projectile.TridentEntity
[12:31:15] [main/DEBUG] (FabricLoader/Mixin) Mixing ServerPlayerEntityMixin from fabric-events-interaction-v0.mixins.json into net.minecraft.server.network.ServerPlayerEntity
[12:31:15] [main/DEBUG] (FabricLoader/Mixin) Mixing ServerPlayerEntityMixin from fabric-screen-handler-api-v1.mixins.json into net.minecraft.server.network.ServerPlayerEntity
[12:31:15] [main/DEBUG] (FabricLoader/Mixin) Mixing ServerPlayerEntityMixin from fabric-entity-events-v1.mixins.json into net.minecraft.server.network.ServerPlayerEntity
[12:31:15] [main/DEBUG] (FabricLoader/Mixin) fabric-events-interaction-v0.mixins.json:ServerPlayerEntityMixin from mod fabric-events-interaction-v0->@Inject::onPlayerInteractEntity(Lnet/minecraft/entity/Entity;Lorg/spongepowered/asm/mixin/injection/callback/CallbackInfo;)V does use it's CallbackInfo
[12:31:15] [main/DEBUG] (FabricLoader/Mixin) fabric-screen-handler-api-v1.mixins.json:ServerPlayerEntityMixin from mod fabric-screen-handler-api-v1->@Inject::fabric_storeOpenedScreenHandler(Lnet/minecraft/screen/NamedScreenHandlerFactory;Lorg/spongepowered/asm/mixin/injection/callback/CallbackInfoReturnable;Lnet/minecraft/screen/ScreenHandler;)V doesn't use it's CallbackInfoReturnable
[12:31:15] [main/DEBUG] (FabricLoader/Mixin) fabric-screen-handler-api-v1.mixins.json:ServerPlayerEntityMixin from mod fabric-screen-handler-api-v1->@Inject::fabric_storeOpenedScreenHandler(Lnet/minecraft/screen/NamedScreenHandlerFactory;Lorg/spongepowered/asm/mixin/injection/callback/CallbackInfoReturnable;Lnet/minecraft/screen/ScreenHandler;)V has 0 override(s) in child classes
[12:31:15] [main/DEBUG] (FabricLoader/Mixin) fabric-screen-handler-api-v1.mixins.json:ServerPlayerEntityMixin from mod fabric-screen-handler-api-v1->@Inject::fabric_storeOpenedScreenHandler(Lnet/minecraft/screen/NamedScreenHandlerFactory;Lorg/spongepowered/asm/mixin/injection/callback/CallbackInfoReturnable;Lnet/minecraft/screen/ScreenHandler;)V won't be passed a CallbackInfoReturnable as a result
[12:31:15] [main/DEBUG] (FabricLoader/Mixin) fabric-entity-events-v1.mixins.json:ServerPlayerEntityMixin from mod fabric-entity-events-v1->@Inject::callOnKillForPlayer(Lnet/minecraft/entity/damage/DamageSource;Lorg/spongepowered/asm/mixin/injection/callback/CallbackInfo;)V doesn't use it's CallbackInfo
[12:31:15] [main/DEBUG] (FabricLoader/Mixin) fabric-entity-events-v1.mixins.json:ServerPlayerEntityMixin from mod fabric-entity-events-v1->@Inject::callOnKillForPlayer(Lnet/minecraft/entity/damage/DamageSource;Lorg/spongepowered/asm/mixin/injection/callback/CallbackInfo;)V has 0 override(s) in child classes
[12:31:15] [main/DEBUG] (FabricLoader/Mixin) fabric-entity-events-v1.mixins.json:ServerPlayerEntityMixin from mod fabric-entity-events-v1->@Inject::callOnKillForPlayer(Lnet/minecraft/entity/damage/DamageSource;Lorg/spongepowered/asm/mixin/injection/callback/CallbackInfo;)V won't be passed a CallbackInfo as a result
[12:31:15] [main/DEBUG] (FabricLoader/Mixin) fabric-entity-events-v1.mixins.json:ServerPlayerEntityMixin from mod fabric-entity-events-v1->@Inject::notifyDeath(Lnet/minecraft/entity/damage/DamageSource;Lorg/spongepowered/asm/mixin/injection/callback/CallbackInfo;)V doesn't use it's CallbackInfo
[12:31:15] [main/DEBUG] (FabricLoader/Mixin) fabric-entity-events-v1.mixins.json:ServerPlayerEntityMixin from mod fabric-entity-events-v1->@Inject::notifyDeath(Lnet/minecraft/entity/damage/DamageSource;Lorg/spongepowered/asm/mixin/injection/callback/CallbackInfo;)V has 0 override(s) in child classes
[12:31:15] [main/DEBUG] (FabricLoader/Mixin) fabric-entity-events-v1.mixins.json:ServerPlayerEntityMixin from mod fabric-entity-events-v1->@Inject::notifyDeath(Lnet/minecraft/entity/damage/DamageSource;Lorg/spongepowered/asm/mixin/injection/callback/CallbackInfo;)V won't be passed a CallbackInfo as a result
[12:31:15] [main/DEBUG] (FabricLoader/Mixin) fabric-entity-events-v1.mixins.json:ServerPlayerEntityMixin from mod fabric-entity-events-v1->@Inject::afterWorldChanged(Lnet/minecraft/server/world/ServerWorld;Lorg/spongepowered/asm/mixin/injection/callback/CallbackInfo;)V doesn't use it's CallbackInfo
[12:31:15] [main/DEBUG] (FabricLoader/Mixin) fabric-entity-events-v1.mixins.json:ServerPlayerEntityMixin from mod fabric-entity-events-v1->@Inject::afterWorldChanged(Lnet/minecraft/server/world/ServerWorld;Lorg/spongepowered/asm/mixin/injection/callback/CallbackInfo;)V has 0 override(s) in child classes
[12:31:15] [main/DEBUG] (FabricLoader/Mixin) fabric-entity-events-v1.mixins.json:ServerPlayerEntityMixin from mod fabric-entity-events-v1->@Inject::afterWorldChanged(Lnet/minecraft/server/world/ServerWorld;Lorg/spongepowered/asm/mixin/injection/callback/CallbackInfo;)V won't be passed a CallbackInfo as a result
[12:31:15] [main/DEBUG] (FabricLoader/Mixin) fabric-entity-events-v1.mixins.json:ServerPlayerEntityMixin from mod fabric-entity-events-v1->@Inject::onCopyFrom(Lnet/minecraft/server/network/ServerPlayerEntity;ZLorg/spongepowered/asm/mixin/injection/callback/CallbackInfo;)V doesn't use it's CallbackInfo
[12:31:15] [main/DEBUG] (FabricLoader/Mixin) fabric-entity-events-v1.mixins.json:ServerPlayerEntityMixin from mod fabric-entity-events-v1->@Inject::onCopyFrom(Lnet/minecraft/server/network/ServerPlayerEntity;ZLorg/spongepowered/asm/mixin/injection/callback/CallbackInfo;)V has 0 override(s) in child classes
[12:31:15] [main/DEBUG] (FabricLoader/Mixin) fabric-entity-events-v1.mixins.json:ServerPlayerEntityMixin from mod fabric-entity-events-v1->@Inject::onCopyFrom(Lnet/minecraft/server/network/ServerPlayerEntity;ZLorg/spongepowered/asm/mixin/injection/callback/CallbackInfo;)V won't be passed a CallbackInfo as a result
[12:31:15] [main/DEBUG] (FabricLoader/Mixin) fabric-entity-events-v1.mixins.json:ServerPlayerEntityMixin from mod fabric-entity-events-v1->@Inject::onTrySleepDirectionCheck(Lnet/minecraft/util/math/BlockPos;Lorg/spongepowered/asm/mixin/injection/callback/CallbackInfoReturnable;Lnet/minecraft/util/math/Direction;)V does use it's CallbackInfoReturnable
[12:31:15] [main/DEBUG] (FabricLoader/Mixin) Mixing mixin.FishingBobberEntityMixin from delta.mixins.json into net.minecraft.entity.projectile.FishingBobberEntity
[12:31:15] [main/DEBUG] (FabricLoader/Mixin) delta.mixins.json:mixin.FishingBobberEntityMixin from mod delta->@Inject::pullHookedEntity(Lnet/minecraft/entity/Entity;Lorg/spongepowered/asm/mixin/injection/callback/CallbackInfo;)V does use it's CallbackInfo
[12:31:15] [main/DEBUG] (FabricLoader/Mixin) Mixing HoneycombItemMixin from fabric-content-registries-v0.mixins.json into net.minecraft.item.HoneycombItem
[12:31:15] [main/DEBUG] (FabricLoader/Mixin) fabric-content-registries-v0.mixins.json:HoneycombItemMixin from mod fabric-content-registries-v0->@Inject::createUnwaxedToWaxedMap(Lorg/spongepowered/asm/mixin/injection/callback/CallbackInfoReturnable;)V does use it's CallbackInfoReturnable
[12:31:16] [main/DEBUG] (FabricLoader/Mixin) Mixing EntitySelectorOptionsAccessor from fabric-command-api-v2.mixins.json into net.minecraft.command.EntitySelectorOptions
[12:31:16] [main/DEBUG] (FabricLoader/Mixin) Renaming @Invoker method callPutOption(Ljava/lang/String;Lnet/minecraft/command/EntitySelectorOptions$SelectorHandler;Ljava/util/function/Predicate;Lnet/minecraft/text/Text;)V to callPutOption$fabric-command-api-v2_$md$1d5659$0 in fabric-command-api-v2.mixins.json:EntitySelectorOptionsAccessor from mod fabric-command-api-v2
[12:31:16] [main/DEBUG] (FabricLoader/Mixin) Mixing EntitySelectorReaderMixin from fabric-command-api-v2.mixins.json into net.minecraft.command.EntitySelectorReader
[12:31:16] [main/DEBUG] (FabricLoader/Mixin) Generating mapped inner class net/minecraft/block/entity/ChiseledBookshelfBlockEntity$Anonymous$a08ab8b2fc87350bbf669dbd469efcde (originally net/fabricmc/fabric/mixin/transfer/ChiseledBookshelfBlockEntityMixin$1)
[12:31:16] [main/DEBUG] (FabricLoader/Mixin) Mixing mixin.PlayerInventoryMixin from delta.mixins.json into net.minecraft.entity.player.PlayerInventory
[12:31:16] [main/DEBUG] (FabricLoader/Mixin) delta.mixins.json:mixin.PlayerInventoryMixin from mod delta->@Inject::onSetSelectedSlot(ILorg/spongepowered/asm/mixin/injection/callback/CallbackInfo;)V does use it's CallbackInfo
[12:31:16] [main/DEBUG] (FabricLoader/Mixin) delta.mixins.json:mixin.PlayerInventoryMixin from mod delta->@Inject::onSetStack(ILnet/minecraft/item/ItemStack;Lorg/spongepowered/asm/mixin/injection/callback/CallbackInfo;)V does use it's CallbackInfo
[12:31:16] [main/DEBUG] (FabricLoader/Mixin) Mixing mixin.SlotMixin from delta.mixins.json into net.minecraft.screen.slot.Slot
[12:31:16] [main/DEBUG] (FabricLoader/Mixin) Mixing accessors.SlotAccessor from delta.mixins.json into net.minecraft.screen.slot.Slot
[12:31:16] [main/DEBUG] (FabricLoader/Mixin) delta.mixins.json:mixin.SlotMixin from mod delta->@Inject::init(Lorg/spongepowered/asm/mixin/injection/callback/CallbackInfo;)V doesn't use it's CallbackInfo
[12:31:16] [main/DEBUG] (FabricLoader/Mixin) delta.mixins.json:mixin.SlotMixin from mod delta->@Inject::init(Lorg/spongepowered/asm/mixin/injection/callback/CallbackInfo;)V has 0 override(s) in child classes
[12:31:16] [main/DEBUG] (FabricLoader/Mixin) delta.mixins.json:mixin.SlotMixin from mod delta->@Inject::init(Lorg/spongepowered/asm/mixin/injection/callback/CallbackInfo;)V won't be passed a CallbackInfo as a result
[12:31:16] [main/DEBUG] (FabricLoader/Mixin) Mixing SimpleInventoryMixin from fabric-transfer-api-v1.mixins.json into net.minecraft.inventory.SimpleInventory
[12:31:16] [main/DEBUG] (FabricLoader/Mixin) Mixing CraftingRecipeMixin from fabric-item-api-v1.mixins.json into net.minecraft.recipe.CraftingRecipe
[12:31:16] [main/DEBUG] (FabricLoader/Mixin) Mixing ingredient.IngredientMixin from fabric-recipe-api-v1.mixins.json into net.minecraft.recipe.Ingredient
[12:31:16] [main/DEBUG] (FabricLoader/Mixin) Renaming synthetic method lambda$injectCodec$2(Lnet/minecraft/recipe/Ingredient;)Lcom/mojang/datafixers/util/Either; to md1d5659$fabric-recipe-api-v1$lambda$injectCodec$2$0 in fabric-recipe-api-v1.mixins.json:ingredient.IngredientMixin from mod fabric-recipe-api-v1
[12:31:16] [main/DEBUG] (FabricLoader/Mixin) Renaming synthetic method lambda$injectCodec$1(Lcom/mojang/datafixers/util/Either;)Lnet/minecraft/recipe/Ingredient; to md1d5659$fabric-recipe-api-v1$lambda$injectCodec$1$1 in fabric-recipe-api-v1.mixins.json:ingredient.IngredientMixin from mod fabric-recipe-api-v1
[12:31:16] [main/DEBUG] (FabricLoader/Mixin) Renaming synthetic method lambda$injectCodec$0(Lnet/minecraft/recipe/Ingredient;)Lnet/minecraft/recipe/Ingredient; to md1d5659$fabric-recipe-api-v1$lambda$injectCodec$0$2 in fabric-recipe-api-v1.mixins.json:ingredient.IngredientMixin from mod fabric-recipe-api-v1
[12:31:16] [main/DEBUG] (FabricLoader/Mixin) fabric-recipe-api-v1.mixins.json:ingredient.IngredientMixin from mod fabric-recipe-api-v1->@Inject::injectCodec(Lorg/spongepowered/asm/mixin/injection/callback/CallbackInfo;)V doesn't use it's CallbackInfo
[12:31:16] [main/DEBUG] (FabricLoader/Mixin) fabric-recipe-api-v1.mixins.json:ingredient.IngredientMixin from mod fabric-recipe-api-v1->@Inject::onGetEntries(Lnet/minecraft/recipe/Ingredient;Lorg/spongepowered/asm/mixin/injection/callback/CallbackInfoReturnable;)V does use it's CallbackInfoReturnable
[12:31:16] [main/DEBUG] (FabricLoader/Mixin) fabric-recipe-api-v1.mixins.json:ingredient.IngredientMixin from mod fabric-recipe-api-v1->@Inject::onGetEntries(Lnet/minecraft/recipe/Ingredient;Lorg/spongepowered/asm/mixin/injection/callback/CallbackInfoReturnable;)V does use it's CallbackInfoReturnable
[12:31:16] [main/DEBUG] (FabricLoader/Mixin) fabric-recipe-api-v1.mixins.json:ingredient.IngredientMixin from mod fabric-recipe-api-v1->@Inject::onGetEntries(Lnet/minecraft/recipe/Ingredient;Lorg/spongepowered/asm/mixin/injection/callback/CallbackInfoReturnable;)V does use it's CallbackInfoReturnable
[12:31:16] [main/DEBUG] (FabricLoader/Mixin) fabric-recipe-api-v1.mixins.json:ingredient.IngredientMixin from mod fabric-recipe-api-v1->@Inject::onHeadEquals(Ljava/lang/Object;Lorg/spongepowered/asm/mixin/injection/callback/CallbackInfoReturnable;)V does use it's CallbackInfoReturnable
[12:31:16] [main/DEBUG] (FabricLoader/Mixin) Mixing ingredient.ShapelessRecipeMixin from fabric-recipe-api-v1.mixins.json into net.minecraft.recipe.ShapelessRecipe
[12:31:16] [main/DEBUG] (FabricLoader/Mixin) fabric-recipe-api-v1.mixins.json:ingredient.ShapelessRecipeMixin from mod fabric-recipe-api-v1->@Inject::cacheRequiresTesting(Ljava/lang/String;Lnet/minecraft/recipe/book/CraftingRecipeCategory;Lnet/minecraft/item/ItemStack;Ljava/util/List;Lorg/spongepowered/asm/mixin/injection/callback/CallbackInfo;)V doesn't use it's CallbackInfo
[12:31:16] [main/DEBUG] (FabricLoader/Mixin) fabric-recipe-api-v1.mixins.json:ingredient.ShapelessRecipeMixin from mod fabric-recipe-api-v1->@Inject::cacheRequiresTesting(Ljava/lang/String;Lnet/minecraft/recipe/book/CraftingRecipeCategory;Lnet/minecraft/item/ItemStack;Ljava/util/List;Lorg/spongepowered/asm/mixin/injection/callback/CallbackInfo;)V has 0 override(s) in child classes
[12:31:16] [main/DEBUG] (FabricLoader/Mixin) fabric-recipe-api-v1.mixins.json:ingredient.ShapelessRecipeMixin from mod fabric-recipe-api-v1->@Inject::cacheRequiresTesting(Ljava/lang/String;Lnet/minecraft/recipe/book/CraftingRecipeCategory;Lnet/minecraft/item/ItemStack;Ljava/util/List;Lorg/spongepowered/asm/mixin/injection/callback/CallbackInfo;)V won't be passed a CallbackInfo as a result
[12:31:16] [main/DEBUG] (FabricLoader/Mixin) fabric-recipe-api-v1.mixins.json:ingredient.ShapelessRecipeMixin from mod fabric-recipe-api-v1->@Inject::customIngredientMatch(Lnet/minecraft/recipe/input/CraftingRecipeInput;Lnet/minecraft/world/World;Lorg/spongepowered/asm/mixin/injection/callback/CallbackInfoReturnable;)V does use it's CallbackInfoReturnable
[12:31:16] [main/DEBUG] (FabricLoader/Mixin) Mixing ResourceFinderAccessor from fabric-resource-conditions-api-v1.mixins.json into net.minecraft.resource.ResourceFinder
[12:31:16] [main/DEBUG] (FabricLoader/Mixin) Mixing ResourceFinderAccessor from fabric-loot-api-v3.mixins.json into net.minecraft.resource.ResourceFinder
[12:31:16] [main/DEBUG] (FabricLoader/Mixin) Unexpected: Registered method getDirectoryName()Ljava/lang/String; in net.minecraft.resource.ResourceFinder was not merged
[12:31:17] [main/DEBUG] (FabricLoader/Mixin) Mixing EnchantRandomlyLootFunctionMixin from fabric-item-api-v1.mixins.json into net.minecraft.loot.function.EnchantRandomlyLootFunction
[12:31:17] [main/DEBUG] (FabricLoader/Mixin) Mixing LootTableAccessor from fabric-loot-api-v3.mixins.json into net.minecraft.loot.LootTable
[12:31:17] [main/DEBUG] (FabricLoader/Mixin) Mixing LootPoolAccessor from fabric-loot-api-v3.mixins.json into net.minecraft.loot.LootPool
[12:31:17] [main/DEBUG] (FabricLoader/Mixin) Mixing ChunkGeneratingMixin from fabric-lifecycle-events-v1.mixins.json into net.minecraft.world.chunk.ChunkGenerating
[12:31:17] [main/DEBUG] (FabricLoader/Mixin) fabric-lifecycle-events-v1.mixins.json:ChunkGeneratingMixin from mod fabric-lifecycle-events-v1->@Inject::onChunkLoad(Lnet/minecraft/world/chunk/Chunk;Lnet/minecraft/world/chunk/ChunkGenerationContext;Lnet/minecraft/world/chunk/AbstractChunkHolder;Lorg/spongepowered/asm/mixin/injection/callback/CallbackInfoReturnable;)V does use it's CallbackInfoReturnable
[12:31:17] [main/DEBUG] (FabricLoader/Mixin) Mixing StructureTemplateManagerMixin from fabric-gametest-api-v1.mixins.json into net.minecraft.structure.StructureTemplateManager
[12:31:18] [main/DEBUG] (FabricLoader/Mixin) fabric-gametest-api-v1.mixins.json:StructureTemplateManagerMixin from mod fabric-gametest-api-v1->@Inject::addFabricTemplateProvider(Lnet/minecraft/resource/ResourceManager;Lnet/minecraft/world/level/storage/LevelStorage$Session;Lcom/mojang/datafixers/DataFixer;Lnet/minecraft/registry/RegistryEntryLookup;Lorg/spongepowered/asm/mixin/injection/callback/CallbackInfo;Lcom/google/common/collect/ImmutableList$Builder;)V doesn't use it's CallbackInfo
[12:31:18] [main/DEBUG] (FabricLoader/Mixin) fabric-gametest-api-v1.mixins.json:StructureTemplateManagerMixin from mod fabric-gametest-api-v1->@Inject::addFabricTemplateProvider(Lnet/minecraft/resource/ResourceManager;Lnet/minecraft/world/level/storage/LevelStorage$Session;Lcom/mojang/datafixers/DataFixer;Lnet/minecraft/registry/RegistryEntryLookup;Lorg/spongepowered/asm/mixin/injection/callback/CallbackInfo;Lcom/google/common/collect/ImmutableList$Builder;)V has 0 override(s) in child classes
[12:31:18] [main/DEBUG] (FabricLoader/Mixin) fabric-gametest-api-v1.mixins.json:StructureTemplateManagerMixin from mod fabric-gametest-api-v1->@Inject::addFabricTemplateProvider(Lnet/minecraft/resource/ResourceManager;Lnet/minecraft/world/level/storage/LevelStorage$Session;Lcom/mojang/datafixers/DataFixer;Lnet/minecraft/registry/RegistryEntryLookup;Lorg/spongepowered/asm/mixin/injection/callback/CallbackInfo;Lcom/google/common/collect/ImmutableList$Builder;)V won't be passed a CallbackInfo as a result
[12:31:18] [main/DEBUG] (FabricLoader/Mixin) Mixing BiomeSourceMixin from fabric-biome-api-v1.mixins.json into net.minecraft.world.biome.source.BiomeSource
[12:31:18] [main/DEBUG] (FabricLoader/Mixin) Mixing MultiNoiseBiomeSourceMixin from fabric-biome-api-v1.mixins.json into net.minecraft.world.biome.source.MultiNoiseBiomeSource
[12:31:18] [main/DEBUG] (FabricLoader/Mixin) Mixing NetherBiomePresetMixin from fabric-biome-api-v1.mixins.json into net.minecraft.world.biome.source.MultiNoiseBiomeSourceParameterList$Preset$1
[12:31:18] [main/DEBUG] (FabricLoader/Mixin) fabric-biome-api-v1.mixins.json:NetherBiomePresetMixin from mod fabric-biome-api-v1->@Inject::apply(Ljava/util/function/Function;Lorg/spongepowered/asm/mixin/injection/callback/CallbackInfoReturnable;)V does use it's CallbackInfoReturnable
[12:31:18] [main/DEBUG] (FabricLoader/Mixin) Mixing RegistryOpsAccessor from fabric-resource-conditions-api-v1.mixins.json into net.minecraft.registry.RegistryOps
[12:31:18] [main/DEBUG] (FabricLoader/Mixin) Mixing TheEndBiomeSourceMixin from fabric-biome-api-v1.mixins.json into net.minecraft.world.biome.source.TheEndBiomeSource
[12:31:18] [main/DEBUG] (FabricLoader/Mixin) Renaming synthetic method lambda$init$1(Lnet/minecraft/registry/RegistryEntryLookup;)Lnet/fabricmc/fabric/impl/biome/TheEndBiomeData$Overrides; to md1d5659$fabric-biome-api-v1$lambda$init$1$0 in fabric-biome-api-v1.mixins.json:TheEndBiomeSourceMixin from mod fabric-biome-api-v1
[12:31:18] [main/DEBUG] (FabricLoader/Mixin) Renaming synthetic method lambda$modifyCodec$0(Lcom/mojang/serialization/codecs/RecordCodecBuilder$Instance;)Lcom/mojang/datafixers/kinds/App; to md1d5659$fabric-biome-api-v1$lambda$modifyCodec$0$1 in fabric-biome-api-v1.mixins.json:TheEndBiomeSourceMixin from mod fabric-biome-api-v1
[12:31:18] [main/DEBUG] (FabricLoader/Mixin) fabric-biome-api-v1.mixins.json:TheEndBiomeSourceMixin from mod fabric-biome-api-v1->@Inject::modifyCodec(Lorg/spongepowered/asm/mixin/injection/callback/CallbackInfo;)V doesn't use it's CallbackInfo
[12:31:18] [main/DEBUG] (FabricLoader/Mixin) fabric-biome-api-v1.mixins.json:TheEndBiomeSourceMixin from mod fabric-biome-api-v1->@Inject::rememberLookup(Lnet/minecraft/registry/RegistryEntryLookup;Lorg/spongepowered/asm/mixin/injection/callback/CallbackInfoReturnable;)V doesn't use it's CallbackInfoReturnable
[12:31:18] [main/DEBUG] (FabricLoader/Mixin) fabric-biome-api-v1.mixins.json:TheEndBiomeSourceMixin from mod fabric-biome-api-v1->@Inject::clearLookup(Lnet/minecraft/registry/RegistryEntryLookup;Lorg/spongepowered/asm/mixin/injection/callback/CallbackInfoReturnable;)V doesn't use it's CallbackInfoReturnable
[12:31:18] [main/DEBUG] (FabricLoader/Mixin) fabric-biome-api-v1.mixins.json:TheEndBiomeSourceMixin from mod fabric-biome-api-v1->@Inject::init(Lnet/minecraft/registry/entry/RegistryEntry;Lnet/minecraft/registry/entry/RegistryEntry;Lnet/minecraft/registry/entry/RegistryEntry;Lnet/minecraft/registry/entry/RegistryEntry;Lnet/minecraft/registry/entry/RegistryEntry;Lorg/spongepowered/asm/mixin/injection/callback/CallbackInfo;)V doesn't use it's CallbackInfo
[12:31:18] [main/DEBUG] (FabricLoader/Mixin) fabric-biome-api-v1.mixins.json:TheEndBiomeSourceMixin from mod fabric-biome-api-v1->@Inject::init(Lnet/minecraft/registry/entry/RegistryEntry;Lnet/minecraft/registry/entry/RegistryEntry;Lnet/minecraft/registry/entry/RegistryEntry;Lnet/minecraft/registry/entry/RegistryEntry;Lnet/minecraft/registry/entry/RegistryEntry;Lorg/spongepowered/asm/mixin/injection/callback/CallbackInfo;)V has 0 override(s) in child classes
[12:31:18] [main/DEBUG] (FabricLoader/Mixin) fabric-biome-api-v1.mixins.json:TheEndBiomeSourceMixin from mod fabric-biome-api-v1->@Inject::init(Lnet/minecraft/registry/entry/RegistryEntry;Lnet/minecraft/registry/entry/RegistryEntry;Lnet/minecraft/registry/entry/RegistryEntry;Lnet/minecraft/registry/entry/RegistryEntry;Lnet/minecraft/registry/entry/RegistryEntry;Lorg/spongepowered/asm/mixin/injection/callback/CallbackInfo;)V won't be passed a CallbackInfo as a result
[12:31:18] [main/DEBUG] (FabricLoader/Mixin) fabric-biome-api-v1.mixins.json:TheEndBiomeSourceMixin from mod fabric-biome-api-v1->@Inject::getWeightedEndBiome(IIILnet/minecraft/world/biome/source/util/MultiNoiseUtil$MultiNoiseSampler;Lorg/spongepowered/asm/mixin/injection/callback/CallbackInfoReturnable;)V does use it's CallbackInfoReturnable
[12:31:18] [main/DEBUG] (FabricLoader/Mixin) fabric-biome-api-v1.mixins.json:TheEndBiomeSourceMixin from mod fabric-biome-api-v1->@Inject::getWeightedEndBiome(IIILnet/minecraft/world/biome/source/util/MultiNoiseUtil$MultiNoiseSampler;Lorg/spongepowered/asm/mixin/injection/callback/CallbackInfoReturnable;)V does use it's CallbackInfoReturnable
[12:31:18] [main/DEBUG] (FabricLoader/Mixin) fabric-biome-api-v1.mixins.json:TheEndBiomeSourceMixin from mod fabric-biome-api-v1->@Inject::getWeightedEndBiome(IIILnet/minecraft/world/biome/source/util/MultiNoiseUtil$MultiNoiseSampler;Lorg/spongepowered/asm/mixin/injection/callback/CallbackInfoReturnable;)V does use it's CallbackInfoReturnable
[12:31:18] [main/DEBUG] (FabricLoader/Mixin) fabric-biome-api-v1.mixins.json:TheEndBiomeSourceMixin from mod fabric-biome-api-v1->@Inject::getWeightedEndBiome(IIILnet/minecraft/world/biome/source/util/MultiNoiseUtil$MultiNoiseSampler;Lorg/spongepowered/asm/mixin/injection/callback/CallbackInfoReturnable;)V does use it's CallbackInfoReturnable
[12:31:18] [main/DEBUG] (FabricLoader/Mixin) fabric-biome-api-v1.mixins.json:TheEndBiomeSourceMixin from mod fabric-biome-api-v1->@Inject::getWeightedEndBiome(IIILnet/minecraft/world/biome/source/util/MultiNoiseUtil$MultiNoiseSampler;Lorg/spongepowered/asm/mixin/injection/callback/CallbackInfoReturnable;)V does use it's CallbackInfoReturnable
[12:31:18] [main/DEBUG] (FabricLoader/Mixin) Mixing DebugChunkGeneratorAccessor from fabric-registry-sync-v0.mixins.json into net.minecraft.world.gen.chunk.DebugChunkGenerator
[12:31:18] [main/DEBUG] (FabricLoader/Mixin) Renaming @Accessor method setBLOCK_STATES(Ljava/util/List;)V to setBLOCK_STATES$fabric-registry-sync-v0_$md$1d5659$0 in fabric-registry-sync-v0.mixins.json:DebugChunkGeneratorAccessor from mod fabric-registry-sync-v0
[12:31:18] [main/DEBUG] (FabricLoader/Mixin) Renaming @Accessor method setX_SIDE_LENGTH(I)V to setX_SIDE_LENGTH$fabric-registry-sync-v0_$md$1d5659$1 in fabric-registry-sync-v0.mixins.json:DebugChunkGeneratorAccessor from mod fabric-registry-sync-v0
[12:31:18] [main/DEBUG] (FabricLoader/Mixin) Renaming @Accessor method setZ_SIDE_LENGTH(I)V to setZ_SIDE_LENGTH$fabric-registry-sync-v0_$md$1d5659$2 in fabric-registry-sync-v0.mixins.json:DebugChunkGeneratorAccessor from mod fabric-registry-sync-v0
[12:31:18] [main/DEBUG] (FabricLoader/Mixin) Mixing client.SpecialModelRenderersMixin from geckolib.mixins.json into net.minecraft.client.render.item.model.special.SpecialModelTypes
[12:31:18] [main/DEBUG] (FabricLoader/Mixin) geckolib.mixins.json:client.SpecialModelRenderersMixin from mod geckolib: Class version 65 required is higher than the class version supported by the current version of Mixin (JAVA_17 supports class version 61)
[12:31:18] [main/DEBUG] (FabricLoader/Mixin) Mixing SpecialModelTypesMixin from fabric-rendering-v1.mixins.json into net.minecraft.client.render.item.model.special.SpecialModelTypes
[12:31:18] [main/DEBUG] (FabricLoader/Mixin) geckolib.mixins.json:client.SpecialModelRenderersMixin from mod geckolib->@Inject::geckolib$addSpecialRenderer(Lorg/spongepowered/asm/mixin/injection/callback/CallbackInfo;)V doesn't use it's CallbackInfo
[12:31:18] [main/DEBUG] (FabricLoader/Mixin) fabric-rendering-v1.mixins.json:SpecialModelTypesMixin from mod fabric-rendering-v1->@Inject::onReturnClinit(Lorg/spongepowered/asm/mixin/injection/callback/CallbackInfo;)V doesn't use it's CallbackInfo
[12:31:18] [main/DEBUG] (FabricLoader/Mixin) Mixing TexturedRenderLayersMixin from fabric-object-builder-v1.client.mixins.json into net.minecraft.client.render.TexturedRenderLayers
[12:31:19] [main/DEBUG] (FabricLoader/Mixin) fabric-object-builder-v1.client.mixins.json:TexturedRenderLayersMixin from mod fabric-object-builder-api-v1->@Inject::onReturnClinit(Lorg/spongepowered/asm/mixin/injection/callback/CallbackInfo;)V doesn't use it's CallbackInfo
[12:31:19] [main/DEBUG] (FabricLoader/Mixin) Mixing mixin.RenderSystemMixin from delta.mixins.json into com.mojang.blaze3d.systems.RenderSystem
[12:31:19] [main/DEBUG] (FabricLoader/Mixin) delta.mixins.json:mixin.RenderSystemMixin from mod delta->@Inject::onClearColor(FFFFLorg/spongepowered/asm/mixin/injection/callback/CallbackInfo;)V does use it's CallbackInfo
[12:31:19] [main/DEBUG] (FabricLoader/Mixin) Mixing client.SpriteAtlasTextureMixin from fabric-renderer-api-v1.mixins.json into net.minecraft.client.texture.SpriteAtlasTexture
[12:31:19] [main/DEBUG] (FabricLoader/Mixin) fabric-renderer-api-v1.mixins.json:client.SpriteAtlasTextureMixin from mod fabric-renderer-api-v1->@Inject::uploadHook(Lnet/minecraft/client/texture/SpriteLoader$StitchResult;Lorg/spongepowered/asm/mixin/injection/callback/CallbackInfo;)V doesn't use it's CallbackInfo
[12:31:19] [main/DEBUG] (FabricLoader/Mixin) fabric-renderer-api-v1.mixins.json:client.SpriteAtlasTextureMixin from mod fabric-renderer-api-v1->@Inject::uploadHook(Lnet/minecraft/client/texture/SpriteLoader$StitchResult;Lorg/spongepowered/asm/mixin/injection/callback/CallbackInfo;)V has 0 override(s) in child classes
[12:31:19] [main/DEBUG] (FabricLoader/Mixin) fabric-renderer-api-v1.mixins.json:client.SpriteAtlasTextureMixin from mod fabric-renderer-api-v1->@Inject::uploadHook(Lnet/minecraft/client/texture/SpriteLoader$StitchResult;Lorg/spongepowered/asm/mixin/injection/callback/CallbackInfo;)V won't be passed a CallbackInfo as a result
[12:31:19] [main/DEBUG] (FabricLoader/Mixin) Mixing KeyedResourceReloadListenerClientMixin from fabric-resource-loader-v0.client.mixins.json into net.minecraft.client.render.item.ItemRenderer
[12:31:19] [main/DEBUG] (FabricLoader/Mixin) Mixing ItemRendererAccessor from fabric-renderer-indigo.mixins.json into net.minecraft.client.render.item.ItemRenderer
[12:31:19] [main/DEBUG] (FabricLoader/Mixin) Renaming @Invoker method fabric_getDynamicDisplayGlintConsumer(Lnet/minecraft/client/render/VertexConsumerProvider;Lnet/minecraft/client/render/RenderLayer;Lnet/minecraft/client/util/math/MatrixStack$Entry;)Lnet/minecraft/client/render/VertexConsumer; to fabric_getDynamicDisplayGlintConsumer$fabric-renderer-indigo_$md$1d5659$0 in fabric-renderer-indigo.mixins.json:ItemRendererAccessor from mod fabric-renderer-indigo
[12:31:19] [main/DEBUG] (FabricLoader/Mixin) Mixing ItemRendererMixin from fabric-renderer-indigo.mixins.json into net.minecraft.client.render.item.ItemRenderer
[12:31:19] [main/DEBUG] (FabricLoader/Mixin) fabric-renderer-indigo.mixins.json:ItemRendererMixin from mod fabric-renderer-indigo->@Inject::hookRenderItem(Lnet/minecraft/item/ModelTransformationMode;Lnet/minecraft/client/util/math/MatrixStack;Lnet/minecraft/client/render/VertexConsumerProvider;II[ILnet/minecraft/client/render/model/BakedModel;Lnet/minecraft/client/render/RenderLayer;Lnet/minecraft/client/render/item/ItemRenderState$Glint;Lorg/spongepowered/asm/mixin/injection/callback/CallbackInfo;)V does use it's CallbackInfo
[12:31:19] [main/DEBUG] (FabricLoader/Mixin) Mixing mixin.InGameHudMixin from delta.mixins.json into net.minecraft.client.gui.hud.InGameHud
[12:31:19] [main/DEBUG] (FabricLoader/Mixin) Mixing InGameHudMixin from fabric-rendering-v1.mixins.json into net.minecraft.client.gui.hud.InGameHud
[12:31:19] [main/DEBUG] (FabricLoader/Mixin) delta.mixins.json:mixin.InGameHudMixin from mod delta->@Inject::onRenderHotbarItem(Lnet/minecraft/client/gui/DrawContext;IILnet/minecraft/client/render/RenderTickCounter;Lnet/minecraft/entity/player/PlayerEntity;Lnet/minecraft/item/ItemStack;ILorg/spongepowered/asm/mixin/injection/callback/CallbackInfo;)V doesn't use it's CallbackInfo
[12:31:19] [main/DEBUG] (FabricLoader/Mixin) delta.mixins.json:mixin.InGameHudMixin from mod delta->@Inject::onRenderHotbarItem(Lnet/minecraft/client/gui/DrawContext;IILnet/minecraft/client/render/RenderTickCounter;Lnet/minecraft/entity/player/PlayerEntity;Lnet/minecraft/item/ItemStack;ILorg/spongepowered/asm/mixin/injection/callback/CallbackInfo;)V has 0 override(s) in child classes
[12:31:19] [main/DEBUG] (FabricLoader/Mixin) delta.mixins.json:mixin.InGameHudMixin from mod delta->@Inject::onRenderHotbarItem(Lnet/minecraft/client/gui/DrawContext;IILnet/minecraft/client/render/RenderTickCounter;Lnet/minecraft/entity/player/PlayerEntity;Lnet/minecraft/item/ItemStack;ILorg/spongepowered/asm/mixin/injection/callback/CallbackInfo;)V won't be passed a CallbackInfo as a result
[12:31:19] [main/DEBUG] (FabricLoader/Mixin) delta.mixins.json:mixin.InGameHudMixin from mod delta->@Inject::onRenderHotbarItem(Lnet/minecraft/client/gui/DrawContext;IILnet/minecraft/client/render/RenderTickCounter;Lnet/minecraft/entity/player/PlayerEntity;Lnet/minecraft/item/ItemStack;ILorg/spongepowered/asm/mixin/injection/callback/CallbackInfo;)V doesn't use it's CallbackInfo
[12:31:19] [main/DEBUG] (FabricLoader/Mixin) delta.mixins.json:mixin.InGameHudMixin from mod delta->@Inject::onRenderHotbarItem(Lnet/minecraft/client/gui/DrawContext;IILnet/minecraft/client/render/RenderTickCounter;Lnet/minecraft/entity/player/PlayerEntity;Lnet/minecraft/item/ItemStack;ILorg/spongepowered/asm/mixin/injection/callback/CallbackInfo;)V has 0 override(s) in child classes
[12:31:19] [main/DEBUG] (FabricLoader/Mixin) delta.mixins.json:mixin.InGameHudMixin from mod delta->@Inject::onRenderHotbarItem(Lnet/minecraft/client/gui/DrawContext;IILnet/minecraft/client/render/RenderTickCounter;Lnet/minecraft/entity/player/PlayerEntity;Lnet/minecraft/item/ItemStack;ILorg/spongepowered/asm/mixin/injection/callback/CallbackInfo;)V won't be passed a CallbackInfo as a result
[12:31:19] [main/DEBUG] (FabricLoader/Mixin) delta.mixins.json:mixin.InGameHudMixin from mod delta->@Inject::headRender(Lnet/minecraft/client/gui/DrawContext;Lnet/minecraft/client/render/RenderTickCounter;Lorg/spongepowered/asm/mixin/injection/callback/CallbackInfo;)V doesn't use it's CallbackInfo
[12:31:19] [main/DEBUG] (FabricLoader/Mixin) delta.mixins.json:mixin.InGameHudMixin from mod delta->@Inject::headRender(Lnet/minecraft/client/gui/DrawContext;Lnet/minecraft/client/render/RenderTickCounter;Lorg/spongepowered/asm/mixin/injection/callback/CallbackInfo;)V has 0 override(s) in child classes
[12:31:19] [main/DEBUG] (FabricLoader/Mixin) delta.mixins.json:mixin.InGameHudMixin from mod delta->@Inject::headRender(Lnet/minecraft/client/gui/DrawContext;Lnet/minecraft/client/render/RenderTickCounter;Lorg/spongepowered/asm/mixin/injection/callback/CallbackInfo;)V won't be passed a CallbackInfo as a result
[12:31:19] [main/DEBUG] (FabricLoader/Mixin) delta.mixins.json:mixin.InGameHudMixin from mod delta->@Inject::render(Lnet/minecraft/client/gui/DrawContext;Lnet/minecraft/client/render/RenderTickCounter;Lorg/spongepowered/asm/mixin/injection/callback/CallbackInfo;)V doesn't use it's CallbackInfo
[12:31:19] [main/DEBUG] (FabricLoader/Mixin) delta.mixins.json:mixin.InGameHudMixin from mod delta->@Inject::render(Lnet/minecraft/client/gui/DrawContext;Lnet/minecraft/client/render/RenderTickCounter;Lorg/spongepowered/asm/mixin/injection/callback/CallbackInfo;)V has 0 override(s) in child classes
[12:31:19] [main/DEBUG] (FabricLoader/Mixin) delta.mixins.json:mixin.InGameHudMixin from mod delta->@Inject::render(Lnet/minecraft/client/gui/DrawContext;Lnet/minecraft/client/render/RenderTickCounter;Lorg/spongepowered/asm/mixin/injection/callback/CallbackInfo;)V won't be passed a CallbackInfo as a result
[12:31:19] [main/DEBUG] (FabricLoader/Mixin) delta.mixins.json:mixin.InGameHudMixin from mod delta->@Inject::headRenderMainHud(Lnet/minecraft/client/gui/DrawContext;Lnet/minecraft/client/render/RenderTickCounter;Lorg/spongepowered/asm/mixin/injection/callback/CallbackInfo;)V doesn't use it's CallbackInfo
[12:31:19] [main/DEBUG] (FabricLoader/Mixin) delta.mixins.json:mixin.InGameHudMixin from mod delta->@Inject::headRenderMainHud(Lnet/minecraft/client/gui/DrawContext;Lnet/minecraft/client/render/RenderTickCounter;Lorg/spongepowered/asm/mixin/injection/callback/CallbackInfo;)V has 0 override(s) in child classes
[12:31:19] [main/DEBUG] (FabricLoader/Mixin) delta.mixins.json:mixin.InGameHudMixin from mod delta->@Inject::headRenderMainHud(Lnet/minecraft/client/gui/DrawContext;Lnet/minecraft/client/render/RenderTickCounter;Lorg/spongepowered/asm/mixin/injection/callback/CallbackInfo;)V won't be passed a CallbackInfo as a result
[12:31:19] [main/DEBUG] (FabricLoader/Mixin) delta.mixins.json:mixin.InGameHudMixin from mod delta->@Inject::renderMainHud(Lnet/minecraft/client/gui/DrawContext;Lnet/minecraft/client/render/RenderTickCounter;Lorg/spongepowered/asm/mixin/injection/callback/CallbackInfo;)V doesn't use it's CallbackInfo
[12:31:19] [main/DEBUG] (FabricLoader/Mixin) delta.mixins.json:mixin.InGameHudMixin from mod delta->@Inject::renderMainHud(Lnet/minecraft/client/gui/DrawContext;Lnet/minecraft/client/render/RenderTickCounter;Lorg/spongepowered/asm/mixin/injection/callback/CallbackInfo;)V has 0 override(s) in child classes
[12:31:19] [main/DEBUG] (FabricLoader/Mixin) delta.mixins.json:mixin.InGameHudMixin from mod delta->@Inject::renderMainHud(Lnet/minecraft/client/gui/DrawContext;Lnet/minecraft/client/render/RenderTickCounter;Lorg/spongepowered/asm/mixin/injection/callback/CallbackInfo;)V won't be passed a CallbackInfo as a result
[12:31:19] [main/DEBUG] (FabricLoader/Mixin) delta.mixins.json:mixin.InGameHudMixin from mod delta->@Inject::headRenderExperienceLevel(Lnet/minecraft/client/gui/DrawContext;Lnet/minecraft/client/render/RenderTickCounter;Lorg/spongepowered/asm/mixin/injection/callback/CallbackInfo;)V doesn't use it's CallbackInfo
[12:31:19] [main/DEBUG] (FabricLoader/Mixin) delta.mixins.json:mixin.InGameHudMixin from mod delta->@Inject::headRenderExperienceLevel(Lnet/minecraft/client/gui/DrawContext;Lnet/minecraft/client/render/RenderTickCounter;Lorg/spongepowered/asm/mixin/injection/callback/CallbackInfo;)V has 0 override(s) in child classes
[12:31:19] [main/DEBUG] (FabricLoader/Mixin) delta.mixins.json:mixin.InGameHudMixin from mod delta->@Inject::headRenderExperienceLevel(Lnet/minecraft/client/gui/DrawContext;Lnet/minecraft/client/render/RenderTickCounter;Lorg/spongepowered/asm/mixin/injection/callback/CallbackInfo;)V won't be passed a CallbackInfo as a result
[12:31:19] [main/DEBUG] (FabricLoader/Mixin) delta.mixins.json:mixin.InGameHudMixin from mod delta->@Inject::renderExperienceLevel(Lnet/minecraft/client/gui/DrawContext;Lnet/minecraft/client/render/RenderTickCounter;Lorg/spongepowered/asm/mixin/injection/callback/CallbackInfo;)V doesn't use it's CallbackInfo
[12:31:19] [main/DEBUG] (FabricLoader/Mixin) delta.mixins.json:mixin.InGameHudMixin from mod delta->@Inject::renderExperienceLevel(Lnet/minecraft/client/gui/DrawContext;Lnet/minecraft/client/render/RenderTickCounter;Lorg/spongepowered/asm/mixin/injection/callback/CallbackInfo;)V has 0 override(s) in child classes
[12:31:19] [main/DEBUG] (FabricLoader/Mixin) delta.mixins.json:mixin.InGameHudMixin from mod delta->@Inject::renderExperienceLevel(Lnet/minecraft/client/gui/DrawContext;Lnet/minecraft/client/render/RenderTickCounter;Lorg/spongepowered/asm/mixin/injection/callback/CallbackInfo;)V won't be passed a CallbackInfo as a result
[12:31:19] [main/DEBUG] (FabricLoader/Mixin) delta.mixins.json:mixin.InGameHudMixin from mod delta->@Inject::renderScoreboardSidebar(Lnet/minecraft/client/gui/DrawContext;Lnet/minecraft/scoreboard/ScoreboardObjective;Lorg/spongepowered/asm/mixin/injection/callback/CallbackInfo;)V does use it's CallbackInfo
[12:31:19] [main/DEBUG] (FabricLoader/Mixin) delta.mixins.json:mixin.InGameHudMixin from mod delta->@Inject::renderPortalOverlay(Lnet/minecraft/client/gui/DrawContext;FLorg/spongepowered/asm/mixin/injection/callback/CallbackInfo;)V does use it's CallbackInfo
[12:31:19] [main/DEBUG] (FabricLoader/Mixin) ArgsClassGenerator assigning org.spongepowered.asm.synthetic.args.Args$1 for descriptor (Lnet/minecraft/client/gui/DrawContext;Lnet/minecraft/util/Identifier;F)V
[12:31:19] [main/DEBUG] (FabricLoader/Mixin) delta.mixins.json:mixin.InGameHudMixin from mod delta->@Inject::renderCrosshair(Lnet/minecraft/client/gui/DrawContext;Lnet/minecraft/client/render/RenderTickCounter;Lorg/spongepowered/asm/mixin/injection/callback/CallbackInfo;)V does use it's CallbackInfo
[12:31:19] [main/DEBUG] (FabricLoader/Mixin) delta.mixins.json:mixin.InGameHudMixin from mod delta->@Inject::renderStatusEffectOverlay(Lnet/minecraft/client/gui/DrawContext;Lnet/minecraft/client/render/RenderTickCounter;Lorg/spongepowered/asm/mixin/injection/callback/CallbackInfo;)V does use it's CallbackInfo
[12:31:19] [main/DEBUG] (FabricLoader/Mixin) fabric-rendering-v1.mixins.json:InGameHudMixin from mod fabric-rendering-v1->@Inject::render(Lnet/minecraft/client/gui/DrawContext;Lnet/minecraft/client/render/RenderTickCounter;Lorg/spongepowered/asm/mixin/injection/callback/CallbackInfo;)V doesn't use it's CallbackInfo
[12:31:19] [main/DEBUG] (FabricLoader/Mixin) fabric-rendering-v1.mixins.json:InGameHudMixin from mod fabric-rendering-v1->@Inject::render(Lnet/minecraft/client/gui/DrawContext;Lnet/minecraft/client/render/RenderTickCounter;Lorg/spongepowered/asm/mixin/injection/callback/CallbackInfo;)V has 0 override(s) in child classes
[12:31:19] [main/DEBUG] (FabricLoader/Mixin) fabric-rendering-v1.mixins.json:InGameHudMixin from mod fabric-rendering-v1->@Inject::render(Lnet/minecraft/client/gui/DrawContext;Lnet/minecraft/client/render/RenderTickCounter;Lorg/spongepowered/asm/mixin/injection/callback/CallbackInfo;)V won't be passed a CallbackInfo as a result
[12:31:19] [main/DEBUG] (FabricLoader/Mixin) fabric-rendering-v1.mixins.json:InGameHudMixin from mod fabric-rendering-v1->@Inject::registerLayers(Lorg/spongepowered/asm/mixin/injection/callback/CallbackInfo;)V doesn't use it's CallbackInfo
[12:31:19] [main/DEBUG] (FabricLoader/Mixin) fabric-rendering-v1.mixins.json:InGameHudMixin from mod fabric-rendering-v1->@Inject::registerLayers(Lorg/spongepowered/asm/mixin/injection/callback/CallbackInfo;)V has 0 override(s) in child classes
[12:31:19] [main/DEBUG] (FabricLoader/Mixin) fabric-rendering-v1.mixins.json:InGameHudMixin from mod fabric-rendering-v1->@Inject::registerLayers(Lorg/spongepowered/asm/mixin/injection/callback/CallbackInfo;)V won't be passed a CallbackInfo as a result
[12:31:19] [main/DEBUG] (FabricLoader/Mixin) Mixing mixin.ClientWorldMixin from delta.mixins.json into net.minecraft.client.world.ClientWorld
[12:31:19] [main/DEBUG] (FabricLoader/Mixin) Mixing ClientWorldMixin from fabric-rendering-v1.mixins.json into net.minecraft.client.world.ClientWorld
[12:31:19] [main/DEBUG] (FabricLoader/Mixin) Renaming synthetic method lambda$new$1(Lnet/minecraft/world/biome/ColorResolver;)Lnet/minecraft/client/world/BiomeColorCache; to md1d5659$fabric-rendering-v1$lambda$new$1$0 in fabric-rendering-v1.mixins.json:ClientWorldMixin from mod fabric-rendering-v1
[12:31:19] [main/DEBUG] (FabricLoader/Mixin) Renaming synthetic method lambda$new$0(Lnet/minecraft/world/biome/ColorResolver;Lnet/minecraft/util/math/BlockPos;)I to md1d5659$fabric-rendering-v1$lambda$new$0$1 in fabric-rendering-v1.mixins.json:ClientWorldMixin from mod fabric-rendering-v1
[12:31:19] [main/DEBUG] (FabricLoader/Mixin) Mixing ClientWorldMixin from fabric-lifecycle-events-v1.client.mixins.json into net.minecraft.client.world.ClientWorld
[12:31:19] [main/DEBUG] (FabricLoader/Mixin) delta.mixins.json:mixin.ClientWorldMixin from mod delta->@Inject::onSyncWorldEvent(Lnet/minecraft/entity/player/PlayerEntity;ILnet/minecraft/util/math/BlockPos;ILorg/spongepowered/asm/mixin/injection/callback/CallbackInfo;)V doesn't use it's CallbackInfo
[12:31:19] [main/DEBUG] (FabricLoader/Mixin) delta.mixins.json:mixin.ClientWorldMixin from mod delta->@Inject::onSyncWorldEvent(Lnet/minecraft/entity/player/PlayerEntity;ILnet/minecraft/util/math/BlockPos;ILorg/spongepowered/asm/mixin/injection/callback/CallbackInfo;)V has 0 override(s) in child classes
[12:31:19] [main/DEBUG] (FabricLoader/Mixin) delta.mixins.json:mixin.ClientWorldMixin from mod delta->@Inject::onSyncWorldEvent(Lnet/minecraft/entity/player/PlayerEntity;ILnet/minecraft/util/math/BlockPos;ILorg/spongepowered/asm/mixin/injection/callback/CallbackInfo;)V won't be passed a CallbackInfo as a result
[12:31:19] [main/DEBUG] (FabricLoader/Mixin) delta.mixins.json:mixin.ClientWorldMixin from mod delta->@Inject::onHandleBlockUpdate(Lnet/minecraft/util/math/BlockPos;Lnet/minecraft/block/BlockState;ILorg/spongepowered/asm/mixin/injection/callback/CallbackInfo;)V doesn't use it's CallbackInfo
[12:31:19] [main/DEBUG] (FabricLoader/Mixin) delta.mixins.json:mixin.ClientWorldMixin from mod delta->@Inject::onHandleBlockUpdate(Lnet/minecraft/util/math/BlockPos;Lnet/minecraft/block/BlockState;ILorg/spongepowered/asm/mixin/injection/callback/CallbackInfo;)V has 0 override(s) in child classes
[12:31:19] [main/DEBUG] (FabricLoader/Mixin) delta.mixins.json:mixin.ClientWorldMixin from mod delta->@Inject::onHandleBlockUpdate(Lnet/minecraft/util/math/BlockPos;Lnet/minecraft/block/BlockState;ILorg/spongepowered/asm/mixin/injection/callback/CallbackInfo;)V won't be passed a CallbackInfo as a result
[12:31:19] [main/DEBUG] (FabricLoader/Mixin) fabric-rendering-v1.mixins.json:ClientWorldMixin from mod fabric-rendering-v1->@Inject::onResetChunkColor(Lnet/minecraft/util/math/ChunkPos;Lorg/spongepowered/asm/mixin/injection/callback/CallbackInfo;)V doesn't use it's CallbackInfo
[12:31:19] [main/DEBUG] (FabricLoader/Mixin) fabric-rendering-v1.mixins.json:ClientWorldMixin from mod fabric-rendering-v1->@Inject::onResetChunkColor(Lnet/minecraft/util/math/ChunkPos;Lorg/spongepowered/asm/mixin/injection/callback/CallbackInfo;)V has 0 override(s) in child classes
[12:31:19] [main/DEBUG] (FabricLoader/Mixin) fabric-rendering-v1.mixins.json:ClientWorldMixin from mod fabric-rendering-v1->@Inject::onResetChunkColor(Lnet/minecraft/util/math/ChunkPos;Lorg/spongepowered/asm/mixin/injection/callback/CallbackInfo;)V won't be passed a CallbackInfo as a result
[12:31:19] [main/DEBUG] (FabricLoader/Mixin) fabric-rendering-v1.mixins.json:ClientWorldMixin from mod fabric-rendering-v1->@Inject::onReloadColor(Lorg/spongepowered/asm/mixin/injection/callback/CallbackInfo;)V doesn't use it's CallbackInfo
[12:31:19] [main/DEBUG] (FabricLoader/Mixin) fabric-rendering-v1.mixins.json:ClientWorldMixin from mod fabric-rendering-v1->@Inject::onReloadColor(Lorg/spongepowered/asm/mixin/injection/callback/CallbackInfo;)V has 0 override(s) in child classes
[12:31:19] [main/DEBUG] (FabricLoader/Mixin) fabric-rendering-v1.mixins.json:ClientWorldMixin from mod fabric-rendering-v1->@Inject::onReloadColor(Lorg/spongepowered/asm/mixin/injection/callback/CallbackInfo;)V won't be passed a CallbackInfo as a result
[12:31:19] [main/DEBUG] (FabricLoader/Mixin) fabric-lifecycle-events-v1.client.mixins.json:ClientWorldMixin from mod fabric-lifecycle-events-v1->@Inject::tickWorldAfterBlockEntities(Lorg/spongepowered/asm/mixin/injection/callback/CallbackInfo;)V doesn't use it's CallbackInfo
[12:31:19] [main/DEBUG] (FabricLoader/Mixin) fabric-lifecycle-events-v1.client.mixins.json:ClientWorldMixin from mod fabric-lifecycle-events-v1->@Inject::tickWorldAfterBlockEntities(Lorg/spongepowered/asm/mixin/injection/callback/CallbackInfo;)V has 0 override(s) in child classes
[12:31:19] [main/DEBUG] (FabricLoader/Mixin) fabric-lifecycle-events-v1.client.mixins.json:ClientWorldMixin from mod fabric-lifecycle-events-v1->@Inject::tickWorldAfterBlockEntities(Lorg/spongepowered/asm/mixin/injection/callback/CallbackInfo;)V won't be passed a CallbackInfo as a result
[12:31:19] [main/DEBUG] (FabricLoader/Mixin) fabric-lifecycle-events-v1.client.mixins.json:ClientWorldMixin from mod fabric-lifecycle-events-v1->@Inject::startWorldTick(Lorg/spongepowered/asm/mixin/injection/callback/CallbackInfo;)V doesn't use it's CallbackInfo
[12:31:19] [main/DEBUG] (FabricLoader/Mixin) fabric-lifecycle-events-v1.client.mixins.json:ClientWorldMixin from mod fabric-lifecycle-events-v1->@Inject::startWorldTick(Lorg/spongepowered/asm/mixin/injection/callback/CallbackInfo;)V has 0 override(s) in child classes
[12:31:19] [main/DEBUG] (FabricLoader/Mixin) fabric-lifecycle-events-v1.client.mixins.json:ClientWorldMixin from mod fabric-lifecycle-events-v1->@Inject::startWorldTick(Lorg/spongepowered/asm/mixin/injection/callback/CallbackInfo;)V won't be passed a CallbackInfo as a result
[12:31:19] [main/DEBUG] (FabricLoader/Mixin) Mixing MinecraftServerMixin from fabric-message-api-v1.mixins.json into net.minecraft.server.MinecraftServer
[12:31:19] [main/DEBUG] (FabricLoader/Mixin) Renaming synthetic method lambda$onGetChatDecorator$0(Lnet/minecraft/server/network/ServerPlayerEntity;Lnet/minecraft/text/Text;)Lnet/minecraft/text/Text; to md1d5659$fabric-message-api-v1$lambda$onGetChatDecorator$0$0 in fabric-message-api-v1.mixins.json:MinecraftServerMixin from mod fabric-message-api-v1
[12:31:19] [main/DEBUG] (FabricLoader/Mixin) Mixing MinecraftServerMixin from fabric-resource-loader-v0.mixins.json into net.minecraft.server.MinecraftServer
[12:31:19] [main/DEBUG] (FabricLoader/Mixin) Renaming synthetic method lambda$init$0(Lnet/minecraft/resource/ResourcePack;)Ljava/util/stream/Stream; to md1d5659$fabric-resource-loader-v0$lambda$init$0$1 in fabric-resource-loader-v0.mixins.json:MinecraftServerMixin from mod fabric-resource-loader-v0
[12:31:19] [main/DEBUG] (FabricLoader/Mixin) Mixing MinecraftServerMixin from fabric-gametest-api-v1.mixins.json into net.minecraft.server.MinecraftServer
[12:31:19] [main/DEBUG] (FabricLoader/Mixin) Mixing modification.MinecraftServerMixin from fabric-biome-api-v1.mixins.json into net.minecraft.server.MinecraftServer
[12:31:19] [main/DEBUG] (FabricLoader/Mixin) Mixing MinecraftServerMixin from fabric-lifecycle-events-v1.mixins.json into net.minecraft.server.MinecraftServer
[12:31:19] [main/DEBUG] (FabricLoader/Mixin) Renaming synthetic method lambda$endResourceReload$0(Ljava/lang/Void;Ljava/lang/Throwable;)Ljava/lang/Void; to md1d5659$fabric-lifecycle-events-v1$lambda$endResourceReload$0$2 in fabric-lifecycle-events-v1.mixins.json:MinecraftServerMixin from mod fabric-lifecycle-events-v1
[12:31:19] [main/DEBUG] (FabricLoader/Mixin) fabric-message-api-v1.mixins.json:MinecraftServerMixin from mod fabric-message-api-v1->@Inject::onGetChatDecorator(Lorg/spongepowered/asm/mixin/injection/callback/CallbackInfoReturnable;)V does use it's CallbackInfoReturnable
[12:31:19] [main/DEBUG] (FabricLoader/Mixin) fabric-resource-loader-v0.mixins.json:MinecraftServerMixin from mod fabric-resource-loader-v0->@Inject::init(Ljava/lang/Thread;Lnet/minecraft/world/level/storage/LevelStorage$Session;Lnet/minecraft/resource/ResourcePackManager;Lnet/minecraft/server/SaveLoader;Ljava/net/Proxy;Lcom/mojang/datafixers/DataFixer;Lnet/minecraft/util/ApiServices;Lnet/minecraft/server/WorldGenerationProgressListenerFactory;Lorg/spongepowered/asm/mixin/injection/callback/CallbackInfo;)V doesn't use it's CallbackInfo
[12:31:19] [main/DEBUG] (FabricLoader/Mixin) fabric-resource-loader-v0.mixins.json:MinecraftServerMixin from mod fabric-resource-loader-v0->@Inject::init(Ljava/lang/Thread;Lnet/minecraft/world/level/storage/LevelStorage$Session;Lnet/minecraft/resource/ResourcePackManager;Lnet/minecraft/server/SaveLoader;Ljava/net/Proxy;Lcom/mojang/datafixers/DataFixer;Lnet/minecraft/util/ApiServices;Lnet/minecraft/server/WorldGenerationProgressListenerFactory;Lorg/spongepowered/asm/mixin/injection/callback/CallbackInfo;)V has 0 override(s) in child classes
[12:31:19] [main/DEBUG] (FabricLoader/Mixin) fabric-resource-loader-v0.mixins.json:MinecraftServerMixin from mod fabric-resource-loader-v0->@Inject::init(Ljava/lang/Thread;Lnet/minecraft/world/level/storage/LevelStorage$Session;Lnet/minecraft/resource/ResourcePackManager;Lnet/minecraft/server/SaveLoader;Ljava/net/Proxy;Lcom/mojang/datafixers/DataFixer;Lnet/minecraft/util/ApiServices;Lnet/minecraft/server/WorldGenerationProgressListenerFactory;Lorg/spongepowered/asm/mixin/injection/callback/CallbackInfo;)V won't be passed a CallbackInfo as a result
[12:31:19] [main/DEBUG] (FabricLoader/Mixin) fabric-gametest-api-v1.mixins.json:MinecraftServerMixin from mod fabric-gametest-api-v1->@Inject::tickWorlds(Ljava/util/function/BooleanSupplier;Lorg/spongepowered/asm/mixin/injection/callback/CallbackInfo;)V doesn't use it's CallbackInfo
[12:31:19] [main/DEBUG] (FabricLoader/Mixin) fabric-gametest-api-v1.mixins.json:MinecraftServerMixin from mod fabric-gametest-api-v1->@Inject::tickWorlds(Ljava/util/function/BooleanSupplier;Lorg/spongepowered/asm/mixin/injection/callback/CallbackInfo;)V has 0 override(s) in child classes
[12:31:19] [main/DEBUG] (FabricLoader/Mixin) fabric-gametest-api-v1.mixins.json:MinecraftServerMixin from mod fabric-gametest-api-v1->@Inject::tickWorlds(Ljava/util/function/BooleanSupplier;Lorg/spongepowered/asm/mixin/injection/callback/CallbackInfo;)V won't be passed a CallbackInfo as a result
[12:31:19] [main/DEBUG] (FabricLoader/Mixin) fabric-biome-api-v1.mixins.json:modification.MinecraftServerMixin from mod fabric-biome-api-v1->@Inject::finalizeWorldGen(Lorg/spongepowered/asm/mixin/injection/callback/CallbackInfo;)V doesn't use it's CallbackInfo
[12:31:19] [main/DEBUG] (FabricLoader/Mixin) fabric-biome-api-v1.mixins.json:modification.MinecraftServerMixin from mod fabric-biome-api-v1->@Inject::finalizeWorldGen(Lorg/spongepowered/asm/mixin/injection/callback/CallbackInfo;)V has 0 override(s) in child classes
[12:31:19] [main/DEBUG] (FabricLoader/Mixin) fabric-biome-api-v1.mixins.json:modification.MinecraftServerMixin from mod fabric-biome-api-v1->@Inject::finalizeWorldGen(Lorg/spongepowered/asm/mixin/injection/callback/CallbackInfo;)V won't be passed a CallbackInfo as a result
[12:31:19] [main/DEBUG] (FabricLoader/Mixin) fabric-lifecycle-events-v1.mixins.json:MinecraftServerMixin from mod fabric-lifecycle-events-v1->@Inject::beforeSetupServer(Lorg/spongepowered/asm/mixin/injection/callback/CallbackInfo;)V doesn't use it's CallbackInfo
[12:31:19] [main/DEBUG] (FabricLoader/Mixin) fabric-lifecycle-events-v1.mixins.json:MinecraftServerMixin from mod fabric-lifecycle-events-v1->@Inject::beforeSetupServer(Lorg/spongepowered/asm/mixin/injection/callback/CallbackInfo;)V has 0 override(s) in child classes
[12:31:19] [main/DEBUG] (FabricLoader/Mixin) fabric-lifecycle-events-v1.mixins.json:MinecraftServerMixin from mod fabric-lifecycle-events-v1->@Inject::beforeSetupServer(Lorg/spongepowered/asm/mixin/injection/callback/CallbackInfo;)V won't be passed a CallbackInfo as a result
[12:31:19] [main/DEBUG] (FabricLoader/Mixin) fabric-lifecycle-events-v1.mixins.json:MinecraftServerMixin from mod fabric-lifecycle-events-v1->@Inject::afterSetupServer(Lorg/spongepowered/asm/mixin/injection/callback/CallbackInfo;)V doesn't use it's CallbackInfo
[12:31:19] [main/DEBUG] (FabricLoader/Mixin) fabric-lifecycle-events-v1.mixins.json:MinecraftServerMixin from mod fabric-lifecycle-events-v1->@Inject::afterSetupServer(Lorg/spongepowered/asm/mixin/injection/callback/CallbackInfo;)V has 0 override(s) in child classes
[12:31:19] [main/DEBUG] (FabricLoader/Mixin) fabric-lifecycle-events-v1.mixins.json:MinecraftServerMixin from mod fabric-lifecycle-events-v1->@Inject::afterSetupServer(Lorg/spongepowered/asm/mixin/injection/callback/CallbackInfo;)V won't be passed a CallbackInfo as a result
[12:31:19] [main/DEBUG] (FabricLoader/Mixin) fabric-lifecycle-events-v1.mixins.json:MinecraftServerMixin from mod fabric-lifecycle-events-v1->@Inject::beforeShutdownServer(Lorg/spongepowered/asm/mixin/injection/callback/CallbackInfo;)V doesn't use it's CallbackInfo
[12:31:19] [main/DEBUG] (FabricLoader/Mixin) fabric-lifecycle-events-v1.mixins.json:MinecraftServerMixin from mod fabric-lifecycle-events-v1->@Inject::beforeShutdownServer(Lorg/spongepowered/asm/mixin/injection/callback/CallbackInfo;)V has 0 override(s) in child classes
[12:31:19] [main/DEBUG] (FabricLoader/Mixin) fabric-lifecycle-events-v1.mixins.json:MinecraftServerMixin from mod fabric-lifecycle-events-v1->@Inject::beforeShutdownServer(Lorg/spongepowered/asm/mixin/injection/callback/CallbackInfo;)V won't be passed a CallbackInfo as a result
[12:31:19] [main/DEBUG] (FabricLoader/Mixin) fabric-lifecycle-events-v1.mixins.json:MinecraftServerMixin from mod fabric-lifecycle-events-v1->@Inject::afterShutdownServer(Lorg/spongepowered/asm/mixin/injection/callback/CallbackInfo;)V doesn't use it's CallbackInfo
[12:31:19] [main/DEBUG] (FabricLoader/Mixin) fabric-lifecycle-events-v1.mixins.json:MinecraftServerMixin from mod fabric-lifecycle-events-v1->@Inject::afterShutdownServer(Lorg/spongepowered/asm/mixin/injection/callback/CallbackInfo;)V has 0 override(s) in child classes
[12:31:19] [main/DEBUG] (FabricLoader/Mixin) fabric-lifecycle-events-v1.mixins.json:MinecraftServerMixin from mod fabric-lifecycle-events-v1->@Inject::afterShutdownServer(Lorg/spongepowered/asm/mixin/injection/callback/CallbackInfo;)V won't be passed a CallbackInfo as a result
[12:31:19] [main/DEBUG] (FabricLoader/Mixin) fabric-lifecycle-events-v1.mixins.json:MinecraftServerMixin from mod fabric-lifecycle-events-v1->@Inject::onStartTick(Ljava/util/function/BooleanSupplier;Lorg/spongepowered/asm/mixin/injection/callback/CallbackInfo;)V doesn't use it's CallbackInfo
[12:31:19] [main/DEBUG] (FabricLoader/Mixin) fabric-lifecycle-events-v1.mixins.json:MinecraftServerMixin from mod fabric-lifecycle-events-v1->@Inject::onStartTick(Ljava/util/function/BooleanSupplier;Lorg/spongepowered/asm/mixin/injection/callback/CallbackInfo;)V has 0 override(s) in child classes
[12:31:19] [main/DEBUG] (FabricLoader/Mixin) fabric-lifecycle-events-v1.mixins.json:MinecraftServerMixin from mod fabric-lifecycle-events-v1->@Inject::onStartTick(Ljava/util/function/BooleanSupplier;Lorg/spongepowered/asm/mixin/injection/callback/CallbackInfo;)V won't be passed a CallbackInfo as a result
[12:31:19] [main/DEBUG] (FabricLoader/Mixin) fabric-lifecycle-events-v1.mixins.json:MinecraftServerMixin from mod fabric-lifecycle-events-v1->@Inject::onEndTick(Ljava/util/function/BooleanSupplier;Lorg/spongepowered/asm/mixin/injection/callback/CallbackInfo;)V doesn't use it's CallbackInfo
[12:31:19] [main/DEBUG] (FabricLoader/Mixin) fabric-lifecycle-events-v1.mixins.json:MinecraftServerMixin from mod fabric-lifecycle-events-v1->@Inject::onEndTick(Ljava/util/function/BooleanSupplier;Lorg/spongepowered/asm/mixin/injection/callback/CallbackInfo;)V has 0 override(s) in child classes
[12:31:19] [main/DEBUG] (FabricLoader/Mixin) fabric-lifecycle-events-v1.mixins.json:MinecraftServerMixin from mod fabric-lifecycle-events-v1->@Inject::onEndTick(Ljava/util/function/BooleanSupplier;Lorg/spongepowered/asm/mixin/injection/callback/CallbackInfo;)V won't be passed a CallbackInfo as a result
[12:31:19] [main/DEBUG] (FabricLoader/Mixin) fabric-lifecycle-events-v1.mixins.json:MinecraftServerMixin from mod fabric-lifecycle-events-v1->@Inject::onUnloadWorldAtShutdown(Lorg/spongepowered/asm/mixin/injection/callback/CallbackInfo;Ljava/util/Iterator;Lnet/minecraft/server/world/ServerWorld;)V doesn't use it's CallbackInfo
[12:31:19] [main/DEBUG] (FabricLoader/Mixin) fabric-lifecycle-events-v1.mixins.json:MinecraftServerMixin from mod fabric-lifecycle-events-v1->@Inject::onUnloadWorldAtShutdown(Lorg/spongepowered/asm/mixin/injection/callback/CallbackInfo;Ljava/util/Iterator;Lnet/minecraft/server/world/ServerWorld;)V has 0 override(s) in child classes
[12:31:19] [main/DEBUG] (FabricLoader/Mixin) fabric-lifecycle-events-v1.mixins.json:MinecraftServerMixin from mod fabric-lifecycle-events-v1->@Inject::onUnloadWorldAtShutdown(Lorg/spongepowered/asm/mixin/injection/callback/CallbackInfo;Ljava/util/Iterator;Lnet/minecraft/server/world/ServerWorld;)V won't be passed a CallbackInfo as a result
[12:31:19] [main/DEBUG] (FabricLoader/Mixin) fabric-lifecycle-events-v1.mixins.json:MinecraftServerMixin from mod fabric-lifecycle-events-v1->@Inject::startResourceReload(Ljava/util/Collection;Lorg/spongepowered/asm/mixin/injection/callback/CallbackInfoReturnable;)V doesn't use it's CallbackInfoReturnable
[12:31:19] [main/DEBUG] (FabricLoader/Mixin) fabric-lifecycle-events-v1.mixins.json:MinecraftServerMixin from mod fabric-lifecycle-events-v1->@Inject::startResourceReload(Ljava/util/Collection;Lorg/spongepowered/asm/mixin/injection/callback/CallbackInfoReturnable;)V has 0 override(s) in child classes
[12:31:19] [main/DEBUG] (FabricLoader/Mixin) fabric-lifecycle-events-v1.mixins.json:MinecraftServerMixin from mod fabric-lifecycle-events-v1->@Inject::startResourceReload(Ljava/util/Collection;Lorg/spongepowered/asm/mixin/injection/callback/CallbackInfoReturnable;)V won't be passed a CallbackInfoReturnable as a result
[12:31:19] [main/DEBUG] (FabricLoader/Mixin) fabric-lifecycle-events-v1.mixins.json:MinecraftServerMixin from mod fabric-lifecycle-events-v1->@Inject::endResourceReload(Ljava/util/Collection;Lorg/spongepowered/asm/mixin/injection/callback/CallbackInfoReturnable;)V does use it's CallbackInfoReturnable
[12:31:19] [main/DEBUG] (FabricLoader/Mixin) fabric-lifecycle-events-v1.mixins.json:MinecraftServerMixin from mod fabric-lifecycle-events-v1->@Inject::startSave(ZZZLorg/spongepowered/asm/mixin/injection/callback/CallbackInfoReturnable;)V doesn't use it's CallbackInfoReturnable
[12:31:19] [main/DEBUG] (FabricLoader/Mixin) fabric-lifecycle-events-v1.mixins.json:MinecraftServerMixin from mod fabric-lifecycle-events-v1->@Inject::startSave(ZZZLorg/spongepowered/asm/mixin/injection/callback/CallbackInfoReturnable;)V has 0 override(s) in child classes
[12:31:19] [main/DEBUG] (FabricLoader/Mixin) fabric-lifecycle-events-v1.mixins.json:MinecraftServerMixin from mod fabric-lifecycle-events-v1->@Inject::startSave(ZZZLorg/spongepowered/asm/mixin/injection/callback/CallbackInfoReturnable;)V won't be passed a CallbackInfoReturnable as a result
[12:31:19] [main/DEBUG] (FabricLoader/Mixin) fabric-lifecycle-events-v1.mixins.json:MinecraftServerMixin from mod fabric-lifecycle-events-v1->@Inject::endSave(ZZZLorg/spongepowered/asm/mixin/injection/callback/CallbackInfoReturnable;)V doesn't use it's CallbackInfoReturnable
[12:31:19] [main/DEBUG] (FabricLoader/Mixin) fabric-lifecycle-events-v1.mixins.json:MinecraftServerMixin from mod fabric-lifecycle-events-v1->@Inject::endSave(ZZZLorg/spongepowered/asm/mixin/injection/callback/CallbackInfoReturnable;)V has 0 override(s) in child classes
[12:31:19] [main/DEBUG] (FabricLoader/Mixin) fabric-lifecycle-events-v1.mixins.json:MinecraftServerMixin from mod fabric-lifecycle-events-v1->@Inject::endSave(ZZZLorg/spongepowered/asm/mixin/injection/callback/CallbackInfoReturnable;)V won't be passed a CallbackInfoReturnable as a result
[12:31:19] [main/DEBUG] (GeckoLib) Loaded software.bernie.geckolib.platform.GeckoLibFabric@1890fbb8 for service interface software.bernie.geckolib.service.GeckoLibPlatform
[12:31:19] [main/DEBUG] (GeckoLib) Loaded software.bernie.geckolib.network.GeckoLibNetworkingFabric@2a4a7927 for service interface software.bernie.geckolib.service.GeckoLibNetworking
[12:31:19] [main/DEBUG] (FabricLoader/Mixin) Mixing KeyBindingAccessor from fabric-events-interaction-v0.client.mixins.json into net.minecraft.client.option.KeyBinding
[12:31:19] [main/DEBUG] (FabricLoader/Mixin) Mixing KeyBindingAccessor from fabric-key-binding-api-v1.mixins.json into net.minecraft.client.option.KeyBinding
[12:31:19] [main/DEBUG] (FabricLoader/Mixin) Renaming @Accessor method fabric_getCategoryMap()Ljava/util/Map; to fabric_getCategoryMap$fabric-key-binding-api-v1_$md$1d5659$0 in fabric-key-binding-api-v1.mixins.json:KeyBindingAccessor from mod fabric-key-binding-api-v1
[12:31:19] [main/DEBUG] (FabricLoader/Mixin) Mixing DefaultAttributeRegistryAccessor from fabric-object-builder-v1.mixins.json into net.minecraft.entity.attribute.DefaultAttributeRegistry
[12:31:19] [main/DEBUG] (FabricLoader/Mixin) Renaming @Accessor method getRegistry()Ljava/util/Map; to getRegistry$fabric-object-builder-api-v1_$md$1d5659$0 in fabric-object-builder-v1.mixins.json:DefaultAttributeRegistryAccessor from mod fabric-object-builder-api-v1
[12:31:19] [main/DEBUG] (FabricLoader/Mixin) Mixing DefaultAttributeRegistryMixin from fabric-object-builder-v1.mixins.json into net.minecraft.entity.attribute.DefaultAttributeRegistry
[12:31:19] [main/DEBUG] (FabricLoader/Mixin) fabric-object-builder-v1.mixins.json:DefaultAttributeRegistryMixin from mod fabric-object-builder-api-v1->@Inject::injectAttributes(Lorg/spongepowered/asm/mixin/injection/callback/CallbackInfo;)V doesn't use it's CallbackInfo
[12:31:19] [main/DEBUG] (FabricLoader/Mixin) Mixing mixin.SessionMixin from delta.mixins.json into net.minecraft.client.session.Session
[12:31:20] [Render thread/DEBUG] (FabricLoader/Mixin) Mixing mixin.MinecraftClientMixin from delta.mixins.json into net.minecraft.client.MinecraftClient
[12:31:20] [Render thread/DEBUG] (FabricLoader/Mixin) Renaming synthetic method lambda$reloadResources$1(Lnet/minecraft/resource/ResourcePackProfile;)Ljava/lang/String; to md1d5659$delta$lambda$reloadResources$1$0 in delta.mixins.json:mixin.MinecraftClientMixin from mod delta
[12:31:20] [Render thread/DEBUG] (FabricLoader/Mixin) Renaming synthetic method lambda$onSetScreen$0(Lnet/minecraft/resource/ResourcePackProfile;)Ljava/lang/String; to md1d5659$delta$lambda$onSetScreen$0$1 in delta.mixins.json:mixin.MinecraftClientMixin from mod delta
[12:31:20] [Render thread/DEBUG] (FabricLoader/Mixin) Mixing accessors.MinecraftClientAccessor from delta.mixins.json into net.minecraft.client.MinecraftClient
[12:31:20] [Render thread/DEBUG] (FabricLoader/Mixin) Mixing invokers.MinecraftClientInvoker from delta.mixins.json into net.minecraft.client.MinecraftClient
[12:31:20] [Render thread/DEBUG] (FabricLoader/Mixin) Mixing MinecraftClientMixin from fabric-screen-api-v1.mixins.json into net.minecraft.client.MinecraftClient
[12:31:20] [Render thread/DEBUG] (FabricLoader/Mixin) Renaming @Unique field LOGGERLorg/slf4j/Logger; to fd1d5659$fabric-screen-api-v1$LOGGER$0 in fabric-screen-api-v1.mixins.json:MinecraftClientMixin from mod fabric-screen-api-v1
[12:31:20] [Render thread/DEBUG] (FabricLoader/Mixin) Mixing MinecraftClientMixin from fabric-events-interaction-v0.client.mixins.json into net.minecraft.client.MinecraftClient
[12:31:20] [Render thread/DEBUG] (FabricLoader/Mixin) Mixing MinecraftClientMixin from fabric-registry-sync-v0.client.mixins.json into net.minecraft.client.MinecraftClient
[12:31:20] [Render thread/DEBUG] (FabricLoader/Mixin) Mixing MinecraftClientMixin from fabric-data-generation-api-v1.client.mixins.json into net.minecraft.client.MinecraftClient
[12:31:20] [Render thread/DEBUG] (FabricLoader/Mixin) Mixing MinecraftClientMixin from fabric-lifecycle-events-v1.client.mixins.json into net.minecraft.client.MinecraftClient
[12:31:20] [Render thread/DEBUG] (FabricLoader/Mixin) Mixing accessor.MinecraftClientAccessor from fabric-networking-api-v1.client.mixins.json into net.minecraft.client.MinecraftClient
[12:31:20] [Render thread/DEBUG] (FabricLoader/Mixin) delta.mixins.json:mixin.MinecraftClientMixin from mod delta->@Inject::getWindowTitle(Lorg/spongepowered/asm/mixin/injection/callback/CallbackInfoReturnable;)V does use it's CallbackInfoReturnable
[12:31:20] [Render thread/DEBUG] (FabricLoader/Mixin) delta.mixins.json:mixin.MinecraftClientMixin from mod delta->@Inject::onSetScreen(Lnet/minecraft/client/gui/screen/Screen;Lorg/spongepowered/asm/mixin/injection/callback/CallbackInfo;)V doesn't use it's CallbackInfo
[12:31:20] [Render thread/DEBUG] (FabricLoader/Mixin) delta.mixins.json:mixin.MinecraftClientMixin from mod delta->@Inject::onSetScreen(Lnet/minecraft/client/gui/screen/Screen;Lorg/spongepowered/asm/mixin/injection/callback/CallbackInfo;)V has 0 override(s) in child classes
[12:31:20] [Render thread/DEBUG] (FabricLoader/Mixin) delta.mixins.json:mixin.MinecraftClientMixin from mod delta->@Inject::onSetScreen(Lnet/minecraft/client/gui/screen/Screen;Lorg/spongepowered/asm/mixin/injection/callback/CallbackInfo;)V won't be passed a CallbackInfo as a result
[12:31:20] [Render thread/DEBUG] (FabricLoader/Mixin) delta.mixins.json:mixin.MinecraftClientMixin from mod delta->@Inject::reloadResources(Lorg/spongepowered/asm/mixin/injection/callback/CallbackInfoReturnable;)V does use it's CallbackInfoReturnable
[12:31:20] [Render thread/DEBUG] (FabricLoader/Mixin) delta.mixins.json:mixin.MinecraftClientMixin from mod delta->@Inject::setScreen(Lnet/minecraft/client/gui/screen/Screen;Lorg/spongepowered/asm/mixin/injection/callback/CallbackInfo;)V does use it's CallbackInfo
[12:31:20] [Render thread/DEBUG] (FabricLoader/Mixin) delta.mixins.json:mixin.MinecraftClientMixin from mod delta->@Inject::onGlobalTick(Lorg/spongepowered/asm/mixin/injection/callback/CallbackInfo;)V doesn't use it's CallbackInfo
[12:31:20] [Render thread/DEBUG] (FabricLoader/Mixin) delta.mixins.json:mixin.MinecraftClientMixin from mod delta->@Inject::onGlobalTick(Lorg/spongepowered/asm/mixin/injection/callback/CallbackInfo;)V has 0 override(s) in child classes
[12:31:20] [Render thread/DEBUG] (FabricLoader/Mixin) delta.mixins.json:mixin.MinecraftClientMixin from mod delta->@Inject::onGlobalTick(Lorg/spongepowered/asm/mixin/injection/callback/CallbackInfo;)V won't be passed a CallbackInfo as a result
[12:31:20] [Render thread/DEBUG] (FabricLoader/Mixin) delta.mixins.json:mixin.MinecraftClientMixin from mod delta->@Inject::handleInputEvents(Lorg/spongepowered/asm/mixin/injection/callback/CallbackInfo;I)V does use it's CallbackInfo
[12:31:20] [Render thread/DEBUG] (FabricLoader/Mixin) delta.mixins.json:mixin.MinecraftClientMixin from mod delta->@Inject::doItemUse(Lorg/spongepowered/asm/mixin/injection/callback/CallbackInfo;)V does use it's CallbackInfo
[12:31:20] [Render thread/DEBUG] (FabricLoader/Mixin) fabric-screen-api-v1.mixins.json:MinecraftClientMixin from mod fabric-screen-api-v1->@Inject::checkThreadOnDev(Lnet/minecraft/client/gui/screen/Screen;Lorg/spongepowered/asm/mixin/injection/callback/CallbackInfo;)V doesn't use it's CallbackInfo
[12:31:20] [Render thread/DEBUG] (FabricLoader/Mixin) fabric-screen-api-v1.mixins.json:MinecraftClientMixin from mod fabric-screen-api-v1->@Inject::checkThreadOnDev(Lnet/minecraft/client/gui/screen/Screen;Lorg/spongepowered/asm/mixin/injection/callback/CallbackInfo;)V has 0 override(s) in child classes
[12:31:20] [Render thread/DEBUG] (FabricLoader/Mixin) fabric-screen-api-v1.mixins.json:MinecraftClientMixin from mod fabric-screen-api-v1->@Inject::checkThreadOnDev(Lnet/minecraft/client/gui/screen/Screen;Lorg/spongepowered/asm/mixin/injection/callback/CallbackInfo;)V won't be passed a CallbackInfo as a result
[12:31:20] [Render thread/DEBUG] (FabricLoader/Mixin) fabric-screen-api-v1.mixins.json:MinecraftClientMixin from mod fabric-screen-api-v1->@Inject::onScreenRemove(Lnet/minecraft/client/gui/screen/Screen;Lorg/spongepowered/asm/mixin/injection/callback/CallbackInfo;)V doesn't use it's CallbackInfo
[12:31:20] [Render thread/DEBUG] (FabricLoader/Mixin) fabric-screen-api-v1.mixins.json:MinecraftClientMixin from mod fabric-screen-api-v1->@Inject::onScreenRemove(Lnet/minecraft/client/gui/screen/Screen;Lorg/spongepowered/asm/mixin/injection/callback/CallbackInfo;)V has 0 override(s) in child classes
[12:31:20] [Render thread/DEBUG] (FabricLoader/Mixin) fabric-screen-api-v1.mixins.json:MinecraftClientMixin from mod fabric-screen-api-v1->@Inject::onScreenRemove(Lnet/minecraft/client/gui/screen/Screen;Lorg/spongepowered/asm/mixin/injection/callback/CallbackInfo;)V won't be passed a CallbackInfo as a result
[12:31:20] [Render thread/DEBUG] (FabricLoader/Mixin) fabric-screen-api-v1.mixins.json:MinecraftClientMixin from mod fabric-screen-api-v1->@Inject::onScreenRemoveBecauseStopping(Lorg/spongepowered/asm/mixin/injection/callback/CallbackInfo;)V doesn't use it's CallbackInfo
[12:31:20] [Render thread/DEBUG] (FabricLoader/Mixin) fabric-screen-api-v1.mixins.json:MinecraftClientMixin from mod fabric-screen-api-v1->@Inject::onScreenRemoveBecauseStopping(Lorg/spongepowered/asm/mixin/injection/callback/CallbackInfo;)V has 0 override(s) in child classes
[12:31:20] [Render thread/DEBUG] (FabricLoader/Mixin) fabric-screen-api-v1.mixins.json:MinecraftClientMixin from mod fabric-screen-api-v1->@Inject::onScreenRemoveBecauseStopping(Lorg/spongepowered/asm/mixin/injection/callback/CallbackInfo;)V won't be passed a CallbackInfo as a result
[12:31:20] [Render thread/DEBUG] (FabricLoader/Mixin) fabric-screen-api-v1.mixins.json:MinecraftClientMixin from mod fabric-screen-api-v1->@Inject::beforeScreenTick(Lorg/spongepowered/asm/mixin/injection/callback/CallbackInfo;)V doesn't use it's CallbackInfo
[12:31:20] [Render thread/DEBUG] (FabricLoader/Mixin) fabric-screen-api-v1.mixins.json:MinecraftClientMixin from mod fabric-screen-api-v1->@Inject::beforeScreenTick(Lorg/spongepowered/asm/mixin/injection/callback/CallbackInfo;)V has 0 override(s) in child classes
[12:31:20] [Render thread/DEBUG] (FabricLoader/Mixin) fabric-screen-api-v1.mixins.json:MinecraftClientMixin from mod fabric-screen-api-v1->@Inject::beforeScreenTick(Lorg/spongepowered/asm/mixin/injection/callback/CallbackInfo;)V won't be passed a CallbackInfo as a result
[12:31:20] [Render thread/DEBUG] (FabricLoader/Mixin) fabric-screen-api-v1.mixins.json:MinecraftClientMixin from mod fabric-screen-api-v1->@Inject::afterScreenTick(Lorg/spongepowered/asm/mixin/injection/callback/CallbackInfo;)V doesn't use it's CallbackInfo
[12:31:20] [Render thread/DEBUG] (FabricLoader/Mixin) fabric-screen-api-v1.mixins.json:MinecraftClientMixin from mod fabric-screen-api-v1->@Inject::afterScreenTick(Lorg/spongepowered/asm/mixin/injection/callback/CallbackInfo;)V has 0 override(s) in child classes
[12:31:20] [Render thread/DEBUG] (FabricLoader/Mixin) fabric-screen-api-v1.mixins.json:MinecraftClientMixin from mod fabric-screen-api-v1->@Inject::afterScreenTick(Lorg/spongepowered/asm/mixin/injection/callback/CallbackInfo;)V won't be passed a CallbackInfo as a result
[12:31:20] [Render thread/DEBUG] (FabricLoader/Mixin) fabric-screen-api-v1.mixins.json:MinecraftClientMixin from mod fabric-screen-api-v1->@Inject::beforeLoadingScreenTick(Lorg/spongepowered/asm/mixin/injection/callback/CallbackInfo;)V doesn't use it's CallbackInfo
[12:31:20] [Render thread/DEBUG] (FabricLoader/Mixin) fabric-screen-api-v1.mixins.json:MinecraftClientMixin from mod fabric-screen-api-v1->@Inject::beforeLoadingScreenTick(Lorg/spongepowered/asm/mixin/injection/callback/CallbackInfo;)V has 0 override(s) in child classes
[12:31:20] [Render thread/DEBUG] (FabricLoader/Mixin) fabric-screen-api-v1.mixins.json:MinecraftClientMixin from mod fabric-screen-api-v1->@Inject::beforeLoadingScreenTick(Lorg/spongepowered/asm/mixin/injection/callback/CallbackInfo;)V won't be passed a CallbackInfo as a result
[12:31:20] [Render thread/DEBUG] (FabricLoader/Mixin) fabric-screen-api-v1.mixins.json:MinecraftClientMixin from mod fabric-screen-api-v1->@Inject::afterLoadingScreenTick(Lorg/spongepowered/asm/mixin/injection/callback/CallbackInfo;)V doesn't use it's CallbackInfo
[12:31:20] [Render thread/DEBUG] (FabricLoader/Mixin) fabric-screen-api-v1.mixins.json:MinecraftClientMixin from mod fabric-screen-api-v1->@Inject::afterLoadingScreenTick(Lorg/spongepowered/asm/mixin/injection/callback/CallbackInfo;)V has 0 override(s) in child classes
[12:31:20] [Render thread/DEBUG] (FabricLoader/Mixin) fabric-screen-api-v1.mixins.json:MinecraftClientMixin from mod fabric-screen-api-v1->@Inject::afterLoadingScreenTick(Lorg/spongepowered/asm/mixin/injection/callback/CallbackInfo;)V won't be passed a CallbackInfo as a result
[12:31:20] [Render thread/DEBUG] (FabricLoader/Mixin) fabric-events-interaction-v0.client.mixins.json:MinecraftClientMixin from mod fabric-events-interaction-v0->@Inject::injectUseEntityCallback(Lorg/spongepowered/asm/mixin/injection/callback/CallbackInfo;[Lnet/minecraft/util/Hand;IILnet/minecraft/util/Hand;Lnet/minecraft/item/ItemStack;Lnet/minecraft/util/hit/EntityHitResult;Lnet/minecraft/entity/Entity;)V does use it's CallbackInfo
[12:31:20] [Render thread/DEBUG] (FabricLoader/Mixin) fabric-events-interaction-v0.client.mixins.json:MinecraftClientMixin from mod fabric-events-interaction-v0->@Inject::injectHandleInputEventsForPreAttackCallback(Lorg/spongepowered/asm/mixin/injection/callback/CallbackInfo;)V doesn't use it's CallbackInfo
[12:31:20] [Render thread/DEBUG] (FabricLoader/Mixin) fabric-events-interaction-v0.client.mixins.json:MinecraftClientMixin from mod fabric-events-interaction-v0->@Inject::injectHandleInputEventsForPreAttackCallback(Lorg/spongepowered/asm/mixin/injection/callback/CallbackInfo;)V has 0 override(s) in child classes
[12:31:20] [Render thread/DEBUG] (FabricLoader/Mixin) fabric-events-interaction-v0.client.mixins.json:MinecraftClientMixin from mod fabric-events-interaction-v0->@Inject::injectHandleInputEventsForPreAttackCallback(Lorg/spongepowered/asm/mixin/injection/callback/CallbackInfo;)V won't be passed a CallbackInfo as a result
[12:31:20] [Render thread/DEBUG] (FabricLoader/Mixin) fabric-events-interaction-v0.client.mixins.json:MinecraftClientMixin from mod fabric-events-interaction-v0->@Inject::injectDoAttackForCancelling(Lorg/spongepowered/asm/mixin/injection/callback/CallbackInfoReturnable;)V does use it's CallbackInfoReturnable
[12:31:20] [Render thread/DEBUG] (FabricLoader/Mixin) fabric-events-interaction-v0.client.mixins.json:MinecraftClientMixin from mod fabric-events-interaction-v0->@Inject::injectHandleBlockBreakingForCancelling(ZLorg/spongepowered/asm/mixin/injection/callback/CallbackInfo;)V does use it's CallbackInfo
[12:31:20] [Render thread/DEBUG] (FabricLoader/Mixin) fabric-registry-sync-v0.client.mixins.json:MinecraftClientMixin from mod fabric-registry-sync-v0->@Inject::disconnectAfter(Lnet/minecraft/client/gui/screen/Screen;ZLorg/spongepowered/asm/mixin/injection/callback/CallbackInfo;)V doesn't use it's CallbackInfo
[12:31:20] [Render thread/DEBUG] (FabricLoader/Mixin) fabric-registry-sync-v0.client.mixins.json:MinecraftClientMixin from mod fabric-registry-sync-v0->@Inject::disconnectAfter(Lnet/minecraft/client/gui/screen/Screen;ZLorg/spongepowered/asm/mixin/injection/callback/CallbackInfo;)V has 0 override(s) in child classes
[12:31:20] [Render thread/DEBUG] (FabricLoader/Mixin) fabric-registry-sync-v0.client.mixins.json:MinecraftClientMixin from mod fabric-registry-sync-v0->@Inject::disconnectAfter(Lnet/minecraft/client/gui/screen/Screen;ZLorg/spongepowered/asm/mixin/injection/callback/CallbackInfo;)V won't be passed a CallbackInfo as a result
[12:31:20] [Render thread/DEBUG] (FabricLoader/Mixin) fabric-registry-sync-v0.client.mixins.json:MinecraftClientMixin from mod fabric-registry-sync-v0->@Inject::afterModInit(Lorg/spongepowered/asm/mixin/injection/callback/CallbackInfo;)V doesn't use it's CallbackInfo
[12:31:20] [Render thread/DEBUG] (FabricLoader/Mixin) fabric-registry-sync-v0.client.mixins.json:MinecraftClientMixin from mod fabric-registry-sync-v0->@Inject::afterModInit(Lorg/spongepowered/asm/mixin/injection/callback/CallbackInfo;)V has 0 override(s) in child classes
[12:31:20] [Render thread/DEBUG] (FabricLoader/Mixin) fabric-registry-sync-v0.client.mixins.json:MinecraftClientMixin from mod fabric-registry-sync-v0->@Inject::afterModInit(Lorg/spongepowered/asm/mixin/injection/callback/CallbackInfo;)V won't be passed a CallbackInfo as a result
[12:31:20] [Render thread/DEBUG] (FabricLoader/Mixin) fabric-data-generation-api-v1.client.mixins.json:MinecraftClientMixin from mod fabric-data-generation-api-v1->@Inject::main(Lorg/spongepowered/asm/mixin/injection/callback/CallbackInfo;)V doesn't use it's CallbackInfo
[12:31:20] [Render thread/DEBUG] (FabricLoader/Mixin) fabric-data-generation-api-v1.client.mixins.json:MinecraftClientMixin from mod fabric-data-generation-api-v1->@Inject::main(Lorg/spongepowered/asm/mixin/injection/callback/CallbackInfo;)V has 0 override(s) in child classes
[12:31:20] [Render thread/DEBUG] (FabricLoader/Mixin) fabric-data-generation-api-v1.client.mixins.json:MinecraftClientMixin from mod fabric-data-generation-api-v1->@Inject::main(Lorg/spongepowered/asm/mixin/injection/callback/CallbackInfo;)V won't be passed a CallbackInfo as a result
[12:31:20] [Render thread/DEBUG] (FabricLoader/Mixin) fabric-lifecycle-events-v1.client.mixins.json:MinecraftClientMixin from mod fabric-lifecycle-events-v1->@Inject::onStartTick(Lorg/spongepowered/asm/mixin/injection/callback/CallbackInfo;)V doesn't use it's CallbackInfo
[12:31:20] [Render thread/DEBUG] (FabricLoader/Mixin) fabric-lifecycle-events-v1.client.mixins.json:MinecraftClientMixin from mod fabric-lifecycle-events-v1->@Inject::onStartTick(Lorg/spongepowered/asm/mixin/injection/callback/CallbackInfo;)V has 0 override(s) in child classes
[12:31:20] [Render thread/DEBUG] (FabricLoader/Mixin) fabric-lifecycle-events-v1.client.mixins.json:MinecraftClientMixin from mod fabric-lifecycle-events-v1->@Inject::onStartTick(Lorg/spongepowered/asm/mixin/injection/callback/CallbackInfo;)V won't be passed a CallbackInfo as a result
[12:31:20] [Render thread/DEBUG] (FabricLoader/Mixin) fabric-lifecycle-events-v1.client.mixins.json:MinecraftClientMixin from mod fabric-lifecycle-events-v1->@Inject::onEndTick(Lorg/spongepowered/asm/mixin/injection/callback/CallbackInfo;)V doesn't use it's CallbackInfo
[12:31:20] [Render thread/DEBUG] (FabricLoader/Mixin) fabric-lifecycle-events-v1.client.mixins.json:MinecraftClientMixin from mod fabric-lifecycle-events-v1->@Inject::onEndTick(Lorg/spongepowered/asm/mixin/injection/callback/CallbackInfo;)V has 0 override(s) in child classes
[12:31:20] [Render thread/DEBUG] (FabricLoader/Mixin) fabric-lifecycle-events-v1.client.mixins.json:MinecraftClientMixin from mod fabric-lifecycle-events-v1->@Inject::onEndTick(Lorg/spongepowered/asm/mixin/injection/callback/CallbackInfo;)V won't be passed a CallbackInfo as a result
[12:31:20] [Render thread/DEBUG] (FabricLoader/Mixin) fabric-lifecycle-events-v1.client.mixins.json:MinecraftClientMixin from mod fabric-lifecycle-events-v1->@Inject::onStopping(Lorg/spongepowered/asm/mixin/injection/callback/CallbackInfo;)V doesn't use it's CallbackInfo
[12:31:20] [Render thread/DEBUG] (FabricLoader/Mixin) fabric-lifecycle-events-v1.client.mixins.json:MinecraftClientMixin from mod fabric-lifecycle-events-v1->@Inject::onStopping(Lorg/spongepowered/asm/mixin/injection/callback/CallbackInfo;)V has 0 override(s) in child classes
[12:31:20] [Render thread/DEBUG] (FabricLoader/Mixin) fabric-lifecycle-events-v1.client.mixins.json:MinecraftClientMixin from mod fabric-lifecycle-events-v1->@Inject::onStopping(Lorg/spongepowered/asm/mixin/injection/callback/CallbackInfo;)V won't be passed a CallbackInfo as a result
[12:31:20] [Render thread/DEBUG] (FabricLoader/Mixin) fabric-lifecycle-events-v1.client.mixins.json:MinecraftClientMixin from mod fabric-lifecycle-events-v1->@Inject::onStart(Lorg/spongepowered/asm/mixin/injection/callback/CallbackInfo;)V doesn't use it's CallbackInfo
[12:31:20] [Render thread/DEBUG] (FabricLoader/Mixin) fabric-lifecycle-events-v1.client.mixins.json:MinecraftClientMixin from mod fabric-lifecycle-events-v1->@Inject::onStart(Lorg/spongepowered/asm/mixin/injection/callback/CallbackInfo;)V has 0 override(s) in child classes
[12:31:20] [Render thread/DEBUG] (FabricLoader/Mixin) fabric-lifecycle-events-v1.client.mixins.json:MinecraftClientMixin from mod fabric-lifecycle-events-v1->@Inject::onStart(Lorg/spongepowered/asm/mixin/injection/callback/CallbackInfo;)V won't be passed a CallbackInfo as a result
[12:31:20] [Render thread/DEBUG] (FabricLoader/Mixin) fabric-lifecycle-events-v1.client.mixins.json:MinecraftClientMixin from mod fabric-lifecycle-events-v1->@Inject::afterClientWorldChange(Lnet/minecraft/client/world/ClientWorld;Lorg/spongepowered/asm/mixin/injection/callback/CallbackInfo;)V doesn't use it's CallbackInfo
[12:31:20] [Render thread/DEBUG] (FabricLoader/Mixin) fabric-lifecycle-events-v1.client.mixins.json:MinecraftClientMixin from mod fabric-lifecycle-events-v1->@Inject::afterClientWorldChange(Lnet/minecraft/client/world/ClientWorld;Lorg/spongepowered/asm/mixin/injection/callback/CallbackInfo;)V has 0 override(s) in child classes
[12:31:20] [Render thread/DEBUG] (FabricLoader/Mixin) fabric-lifecycle-events-v1.client.mixins.json:MinecraftClientMixin from mod fabric-lifecycle-events-v1->@Inject::afterClientWorldChange(Lnet/minecraft/client/world/ClientWorld;Lorg/spongepowered/asm/mixin/injection/callback/CallbackInfo;)V won't be passed a CallbackInfo as a result
[12:31:20] [Render thread/DEBUG] (FabricLoader/Mixin) Mixing accessors.ScreenAccessor from delta.mixins.json into net.minecraft.client.gui.screen.Screen
[12:31:20] [Render thread/DEBUG] (FabricLoader/Mixin) Mixing mixin.ScreenMixin from delta.mixins.json into net.minecraft.client.gui.screen.Screen
[12:31:20] [Render thread/DEBUG] (FabricLoader/Mixin) Mixing ScreenAccessor from fabric-screen-api-v1.mixins.json into net.minecraft.client.gui.screen.Screen
[12:31:20] [Render thread/DEBUG] (FabricLoader/Mixin) Mixing ScreenMixin from fabric-screen-api-v1.mixins.json into net.minecraft.client.gui.screen.Screen
[12:31:20] [Render thread/DEBUG] (FabricLoader/Mixin) delta.mixins.json:mixin.ScreenMixin from mod delta->@Inject::render(Lnet/minecraft/client/gui/DrawContext;IIFLorg/spongepowered/asm/mixin/injection/callback/CallbackInfo;)V does use it's CallbackInfo
[12:31:20] [Render thread/DEBUG] (FabricLoader/Mixin) delta.mixins.json:mixin.ScreenMixin from mod delta->@Inject::getTooltipFromItem(Lnet/minecraft/client/MinecraftClient;Lnet/minecraft/item/ItemStack;Lorg/spongepowered/asm/mixin/injection/callback/CallbackInfoReturnable;)V does use it's CallbackInfoReturnable
[12:31:20] [Render thread/DEBUG] (FabricLoader/Mixin) fabric-screen-api-v1.mixins.json:ScreenMixin from mod fabric-screen-api-v1->@Inject::beforeInitScreen(Lnet/minecraft/client/MinecraftClient;IILorg/spongepowered/asm/mixin/injection/callback/CallbackInfo;)V doesn't use it's CallbackInfo
[12:31:20] [Render thread/DEBUG] (FabricLoader/Mixin) fabric-screen-api-v1.mixins.json:ScreenMixin from mod fabric-screen-api-v1->@Inject::beforeInitScreen(Lnet/minecraft/client/MinecraftClient;IILorg/spongepowered/asm/mixin/injection/callback/CallbackInfo;)V has 0 override(s) in child classes
[12:31:20] [Render thread/DEBUG] (FabricLoader/Mixin) fabric-screen-api-v1.mixins.json:ScreenMixin from mod fabric-screen-api-v1->@Inject::beforeInitScreen(Lnet/minecraft/client/MinecraftClient;IILorg/spongepowered/asm/mixin/injection/callback/CallbackInfo;)V won't be passed a CallbackInfo as a result
[12:31:20] [Render thread/DEBUG] (FabricLoader/Mixin) fabric-screen-api-v1.mixins.json:ScreenMixin from mod fabric-screen-api-v1->@Inject::afterInitScreen(Lnet/minecraft/client/MinecraftClient;IILorg/spongepowered/asm/mixin/injection/callback/CallbackInfo;)V doesn't use it's CallbackInfo
[12:31:20] [Render thread/DEBUG] (FabricLoader/Mixin) fabric-screen-api-v1.mixins.json:ScreenMixin from mod fabric-screen-api-v1->@Inject::afterInitScreen(Lnet/minecraft/client/MinecraftClient;IILorg/spongepowered/asm/mixin/injection/callback/CallbackInfo;)V has 0 override(s) in child classes
[12:31:20] [Render thread/DEBUG] (FabricLoader/Mixin) fabric-screen-api-v1.mixins.json:ScreenMixin from mod fabric-screen-api-v1->@Inject::afterInitScreen(Lnet/minecraft/client/MinecraftClient;IILorg/spongepowered/asm/mixin/injection/callback/CallbackInfo;)V won't be passed a CallbackInfo as a result
[12:31:20] [Render thread/DEBUG] (FabricLoader/Mixin) fabric-screen-api-v1.mixins.json:ScreenMixin from mod fabric-screen-api-v1->@Inject::beforeResizeScreen(Lnet/minecraft/client/MinecraftClient;IILorg/spongepowered/asm/mixin/injection/callback/CallbackInfo;)V doesn't use it's CallbackInfo
[12:31:20] [Render thread/DEBUG] (FabricLoader/Mixin) fabric-screen-api-v1.mixins.json:ScreenMixin from mod fabric-screen-api-v1->@Inject::beforeResizeScreen(Lnet/minecraft/client/MinecraftClient;IILorg/spongepowered/asm/mixin/injection/callback/CallbackInfo;)V has 0 override(s) in child classes
[12:31:20] [Render thread/DEBUG] (FabricLoader/Mixin) fabric-screen-api-v1.mixins.json:ScreenMixin from mod fabric-screen-api-v1->@Inject::beforeResizeScreen(Lnet/minecraft/client/MinecraftClient;IILorg/spongepowered/asm/mixin/injection/callback/CallbackInfo;)V won't be passed a CallbackInfo as a result
[12:31:20] [Render thread/DEBUG] (FabricLoader/Mixin) fabric-screen-api-v1.mixins.json:ScreenMixin from mod fabric-screen-api-v1->@Inject::afterResizeScreen(Lnet/minecraft/client/MinecraftClient;IILorg/spongepowered/asm/mixin/injection/callback/CallbackInfo;)V doesn't use it's CallbackInfo
[12:31:20] [Render thread/DEBUG] (FabricLoader/Mixin) fabric-screen-api-v1.mixins.json:ScreenMixin from mod fabric-screen-api-v1->@Inject::afterResizeScreen(Lnet/minecraft/client/MinecraftClient;IILorg/spongepowered/asm/mixin/injection/callback/CallbackInfo;)V has 0 override(s) in child classes
[12:31:20] [Render thread/DEBUG] (FabricLoader/Mixin) fabric-screen-api-v1.mixins.json:ScreenMixin from mod fabric-screen-api-v1->@Inject::afterResizeScreen(Lnet/minecraft/client/MinecraftClient;IILorg/spongepowered/asm/mixin/injection/callback/CallbackInfo;)V won't be passed a CallbackInfo as a result
[12:31:20] [Render thread/DEBUG] (FabricLoader/Mixin) Mixing mixin.ChatScreenMixin from delta.mixins.json into net.minecraft.client.gui.screen.ChatScreen
[12:31:20] [Render thread/DEBUG] (FabricLoader/Mixin) Mixing mixin.TitleScreenMixin from delta.mixins.json into net.minecraft.client.gui.screen.TitleScreen
[12:31:20] [Render thread/DEBUG] (FabricLoader/Mixin) delta.mixins.json:mixin.TitleScreenMixin from mod delta->@Inject::init(Lorg/spongepowered/asm/mixin/injection/callback/CallbackInfo;)V does use it's CallbackInfo
[12:31:20] [Render thread/DEBUG] (FabricLoader/Mixin) Mixing mixin.GameMenuScreenMixin from delta.mixins.json into net.minecraft.client.gui.screen.GameMenuScreen
[12:31:20] [Render thread/DEBUG] (FabricLoader/Mixin) Renaming synthetic method lambda$init$8(Lnet/minecraft/client/network/ServerInfo;Lnet/minecraft/client/gui/widget/ButtonWidget;)V to md1d5659$delta$lambda$init$8$0 in delta.mixins.json:mixin.GameMenuScreenMixin from mod delta
[12:31:20] [Render thread/DEBUG] (FabricLoader/Mixin) Renaming synthetic method lambda$init$7(Ljava/lang/Integer;Ljava/lang/Integer;)I to md1d5659$delta$lambda$init$7$1 in delta.mixins.json:mixin.GameMenuScreenMixin from mod delta
[12:31:20] [Render thread/DEBUG] (FabricLoader/Mixin) Renaming synthetic method lambda$init$6(Lnet/minecraft/client/gui/Element;)Ljava/lang/Integer; to md1d5659$delta$lambda$init$6$2 in delta.mixins.json:mixin.GameMenuScreenMixin from mod delta
[12:31:20] [Render thread/DEBUG] (FabricLoader/Mixin) Renaming synthetic method lambda$init$5(Lnet/minecraft/client/gui/Element;)Z to md1d5659$delta$lambda$init$5$3 in delta.mixins.json:mixin.GameMenuScreenMixin from mod delta
[12:31:20] [Render thread/DEBUG] (FabricLoader/Mixin) Renaming synthetic method lambda$init$4(Lnet/minecraft/client/gui/widget/ButtonWidget;)V to md1d5659$delta$lambda$init$4$4 in delta.mixins.json:mixin.GameMenuScreenMixin from mod delta
[12:31:20] [Render thread/DEBUG] (FabricLoader/Mixin) Renaming synthetic method lambda$init$3(Lnet/minecraft/client/gui/widget/ButtonWidget;Lnet/minecraft/client/gui/widget/ButtonWidget$PressAction;Lnet/minecraft/client/gui/widget/ButtonWidget;)V to md1d5659$delta$lambda$init$3$5 in delta.mixins.json:mixin.GameMenuScreenMixin from mod delta
[12:31:20] [Render thread/DEBUG] (FabricLoader/Mixin) Renaming synthetic method lambda$init$2(Lnet/minecraft/client/gui/widget/ButtonWidget;)Z to md1d5659$delta$lambda$init$2$6 in delta.mixins.json:mixin.GameMenuScreenMixin from mod delta
[12:31:20] [Render thread/DEBUG] (FabricLoader/Mixin) Renaming synthetic method lambda$init$1(Lnet/minecraft/client/gui/Element;)Lnet/minecraft/client/gui/widget/ButtonWidget; to md1d5659$delta$lambda$init$1$7 in delta.mixins.json:mixin.GameMenuScreenMixin from mod delta
[12:31:20] [Render thread/DEBUG] (FabricLoader/Mixin) Renaming synthetic method lambda$init$0(Lnet/minecraft/client/gui/Element;)Z to md1d5659$delta$lambda$init$0$8 in delta.mixins.json:mixin.GameMenuScreenMixin from mod delta
[12:31:20] [Render thread/DEBUG] (FabricLoader/Mixin) delta.mixins.json:mixin.GameMenuScreenMixin from mod delta->@Inject::init(Lorg/spongepowered/asm/mixin/injection/callback/CallbackInfo;)V doesn't use it's CallbackInfo
[12:31:20] [Render thread/DEBUG] (FabricLoader/Mixin) delta.mixins.json:mixin.GameMenuScreenMixin from mod delta->@Inject::init(Lorg/spongepowered/asm/mixin/injection/callback/CallbackInfo;)V has 0 override(s) in child classes
[12:31:20] [Render thread/DEBUG] (FabricLoader/Mixin) delta.mixins.json:mixin.GameMenuScreenMixin from mod delta->@Inject::init(Lorg/spongepowered/asm/mixin/injection/callback/CallbackInfo;)V won't be passed a CallbackInfo as a result
[12:31:20] [Render thread/DEBUG] (FabricLoader/Mixin) Mixing mixin.ClientPlayerEntityMixin from delta.mixins.json into net.minecraft.client.network.ClientPlayerEntity
[12:31:20] [Render thread/DEBUG] (FabricLoader/Mixin) Mixing accessors.ClientPlayerEntityAccessor from delta.mixins.json into net.minecraft.client.network.ClientPlayerEntity
[12:31:20] [Render thread/DEBUG] (FabricLoader/Mixin) delta.mixins.json:mixin.ClientPlayerEntityMixin from mod delta->@Inject::tick(Lorg/spongepowered/asm/mixin/injection/callback/CallbackInfo;)V doesn't use it's CallbackInfo
[12:31:20] [Render thread/DEBUG] (FabricLoader/Mixin) delta.mixins.json:mixin.ClientPlayerEntityMixin from mod delta->@Inject::tick(Lorg/spongepowered/asm/mixin/injection/callback/CallbackInfo;)V has 0 override(s) in child classes
[12:31:20] [Render thread/DEBUG] (FabricLoader/Mixin) delta.mixins.json:mixin.ClientPlayerEntityMixin from mod delta->@Inject::tick(Lorg/spongepowered/asm/mixin/injection/callback/CallbackInfo;)V won't be passed a CallbackInfo as a result
[12:31:20] [Render thread/DEBUG] (FabricLoader/Mixin) delta.mixins.json:mixin.ClientPlayerEntityMixin from mod delta->@Inject::onSendMovementPackets(Lorg/spongepowered/asm/mixin/injection/callback/CallbackInfo;)V doesn't use it's CallbackInfo
[12:31:20] [Render thread/DEBUG] (FabricLoader/Mixin) delta.mixins.json:mixin.ClientPlayerEntityMixin from mod delta->@Inject::onSendMovementPackets(Lorg/spongepowered/asm/mixin/injection/callback/CallbackInfo;)V has 0 override(s) in child classes
[12:31:20] [Render thread/DEBUG] (FabricLoader/Mixin) delta.mixins.json:mixin.ClientPlayerEntityMixin from mod delta->@Inject::onSendMovementPackets(Lorg/spongepowered/asm/mixin/injection/callback/CallbackInfo;)V won't be passed a CallbackInfo as a result
[12:31:20] [Render thread/DEBUG] (FabricLoader/Mixin) delta.mixins.json:mixin.ClientPlayerEntityMixin from mod delta->@Inject::onDropSelectedItem(ZLorg/spongepowered/asm/mixin/injection/callback/CallbackInfoReturnable;)V does use it's CallbackInfoReturnable
[12:31:20] [Render thread/DEBUG] (FabricLoader/Mixin) delta.mixins.json:mixin.ClientPlayerEntityMixin from mod delta->@Inject::removePushOutFromBlocks(DDLorg/spongepowered/asm/mixin/injection/callback/CallbackInfo;)V does use it's CallbackInfo
[12:31:20] [Render thread/DEBUG] (FabricLoader/Mixin) Mixing mixin.InventoryScreenMixin from delta.mixins.json into net.minecraft.client.gui.screen.ingame.InventoryScreen
[12:31:20] [Render thread/DEBUG] (FabricLoader/Mixin) delta.mixins.json:mixin.InventoryScreenMixin from mod delta->@Inject::headRender(Lnet/minecraft/client/gui/DrawContext;IIFLorg/spongepowered/asm/mixin/injection/callback/CallbackInfo;)V doesn't use it's CallbackInfo
[12:31:20] [Render thread/DEBUG] (FabricLoader/Mixin) delta.mixins.json:mixin.InventoryScreenMixin from mod delta->@Inject::headRender(Lnet/minecraft/client/gui/DrawContext;IIFLorg/spongepowered/asm/mixin/injection/callback/CallbackInfo;)V has 0 override(s) in child classes
[12:31:20] [Render thread/DEBUG] (FabricLoader/Mixin) delta.mixins.json:mixin.InventoryScreenMixin from mod delta->@Inject::headRender(Lnet/minecraft/client/gui/DrawContext;IIFLorg/spongepowered/asm/mixin/injection/callback/CallbackInfo;)V won't be passed a CallbackInfo as a result
[12:31:20] [Render thread/DEBUG] (FabricLoader/Mixin) delta.mixins.json:mixin.InventoryScreenMixin from mod delta->@Inject::render(Lnet/minecraft/client/gui/DrawContext;IIFLorg/spongepowered/asm/mixin/injection/callback/CallbackInfo;)V doesn't use it's CallbackInfo
[12:31:20] [Render thread/DEBUG] (FabricLoader/Mixin) delta.mixins.json:mixin.InventoryScreenMixin from mod delta->@Inject::render(Lnet/minecraft/client/gui/DrawContext;IIFLorg/spongepowered/asm/mixin/injection/callback/CallbackInfo;)V has 0 override(s) in child classes
[12:31:20] [Render thread/DEBUG] (FabricLoader/Mixin) delta.mixins.json:mixin.InventoryScreenMixin from mod delta->@Inject::render(Lnet/minecraft/client/gui/DrawContext;IIFLorg/spongepowered/asm/mixin/injection/callback/CallbackInfo;)V won't be passed a CallbackInfo as a result
[12:31:20] [Render thread/DEBUG] (FabricLoader/Mixin) Mixing mixin.HandledScreenMixin from delta.mixins.json into net.minecraft.client.gui.screen.ingame.HandledScreen
[12:31:20] [Render thread/DEBUG] (FabricLoader/Mixin) Renaming synthetic method lambda$onInit$3(Laethereal/module/misc/AutoBuy;Lnet/minecraft/client/gui/widget/ButtonWidget;)V to md1d5659$delta$lambda$onInit$3$0 in delta.mixins.json:mixin.HandledScreenMixin from mod delta
[12:31:20] [Render thread/DEBUG] (FabricLoader/Mixin) Renaming synthetic method lambda$onInit$2(Lnet/minecraft/client/gui/widget/ButtonWidget;)V to md1d5659$delta$lambda$onInit$2$1 in delta.mixins.json:mixin.HandledScreenMixin from mod delta
[12:31:20] [Render thread/DEBUG] (FabricLoader/Mixin) Renaming synthetic method lambda$onInit$1(Lnet/minecraft/client/gui/widget/ButtonWidget;)V to md1d5659$delta$lambda$onInit$1$2 in delta.mixins.json:mixin.HandledScreenMixin from mod delta
[12:31:20] [Render thread/DEBUG] (FabricLoader/Mixin) Renaming synthetic method lambda$onInit$0(Lnet/minecraft/client/gui/widget/ButtonWidget;)V to md1d5659$delta$lambda$onInit$0$3 in delta.mixins.json:mixin.HandledScreenMixin from mod delta
[12:31:20] [Render thread/DEBUG] (FabricLoader/Mixin) Mixing accessors.HandledScreenAccessor from delta.mixins.json into net.minecraft.client.gui.screen.ingame.HandledScreen
[12:31:20] [Render thread/DEBUG] (FabricLoader/Mixin) Mixing HandledScreenMixin from fabric-screen-api-v1.mixins.json into net.minecraft.client.gui.screen.ingame.HandledScreen
[12:31:20] [Render thread/DEBUG] (FabricLoader/Mixin) delta.mixins.json:mixin.HandledScreenMixin from mod delta->@Inject::onDrawSlotHead(Lnet/minecraft/client/gui/DrawContext;Lnet/minecraft/screen/slot/Slot;Lorg/spongepowered/asm/mixin/injection/callback/CallbackInfo;)V doesn't use it's CallbackInfo
[12:31:20] [Render thread/DEBUG] (FabricLoader/Mixin) delta.mixins.json:mixin.HandledScreenMixin from mod delta->@Inject::onDrawSlotHead(Lnet/minecraft/client/gui/DrawContext;Lnet/minecraft/screen/slot/Slot;Lorg/spongepowered/asm/mixin/injection/callback/CallbackInfo;)V has 0 override(s) in child classes
[12:31:20] [Render thread/DEBUG] (FabricLoader/Mixin) delta.mixins.json:mixin.HandledScreenMixin from mod delta->@Inject::onDrawSlotHead(Lnet/minecraft/client/gui/DrawContext;Lnet/minecraft/screen/slot/Slot;Lorg/spongepowered/asm/mixin/injection/callback/CallbackInfo;)V won't be passed a CallbackInfo as a result
[12:31:20] [Render thread/DEBUG] (FabricLoader/Mixin) delta.mixins.json:mixin.HandledScreenMixin from mod delta->@Inject::onDrawSlotTail(Lnet/minecraft/client/gui/DrawContext;Lnet/minecraft/screen/slot/Slot;Lorg/spongepowered/asm/mixin/injection/callback/CallbackInfo;)V doesn't use it's CallbackInfo
[12:31:20] [Render thread/DEBUG] (FabricLoader/Mixin) delta.mixins.json:mixin.HandledScreenMixin from mod delta->@Inject::onDrawSlotTail(Lnet/minecraft/client/gui/DrawContext;Lnet/minecraft/screen/slot/Slot;Lorg/spongepowered/asm/mixin/injection/callback/CallbackInfo;)V has 0 override(s) in child classes
[12:31:20] [Render thread/DEBUG] (FabricLoader/Mixin) delta.mixins.json:mixin.HandledScreenMixin from mod delta->@Inject::onDrawSlotTail(Lnet/minecraft/client/gui/DrawContext;Lnet/minecraft/screen/slot/Slot;Lorg/spongepowered/asm/mixin/injection/callback/CallbackInfo;)V won't be passed a CallbackInfo as a result
[12:31:20] [Render thread/DEBUG] (FabricLoader/Mixin) delta.mixins.json:mixin.HandledScreenMixin from mod delta->@Inject::onDrawSlotTail(Lnet/minecraft/client/gui/DrawContext;Lnet/minecraft/screen/slot/Slot;Lorg/spongepowered/asm/mixin/injection/callback/CallbackInfo;)V doesn't use it's CallbackInfo
[12:31:20] [Render thread/DEBUG] (FabricLoader/Mixin) delta.mixins.json:mixin.HandledScreenMixin from mod delta->@Inject::onDrawSlotTail(Lnet/minecraft/client/gui/DrawContext;Lnet/minecraft/screen/slot/Slot;Lorg/spongepowered/asm/mixin/injection/callback/CallbackInfo;)V has 0 override(s) in child classes
[12:31:20] [Render thread/DEBUG] (FabricLoader/Mixin) delta.mixins.json:mixin.HandledScreenMixin from mod delta->@Inject::onDrawSlotTail(Lnet/minecraft/client/gui/DrawContext;Lnet/minecraft/screen/slot/Slot;Lorg/spongepowered/asm/mixin/injection/callback/CallbackInfo;)V won't be passed a CallbackInfo as a result
[12:31:20] [Render thread/DEBUG] (FabricLoader/Mixin) delta.mixins.json:mixin.HandledScreenMixin from mod delta->@Inject::onInit(Lorg/spongepowered/asm/mixin/injection/callback/CallbackInfo;)V doesn't use it's CallbackInfo
[12:31:20] [Render thread/DEBUG] (FabricLoader/Mixin) delta.mixins.json:mixin.HandledScreenMixin from mod delta->@Inject::onInit(Lorg/spongepowered/asm/mixin/injection/callback/CallbackInfo;)V has 0 override(s) in child classes
[12:31:20] [Render thread/DEBUG] (FabricLoader/Mixin) delta.mixins.json:mixin.HandledScreenMixin from mod delta->@Inject::onInit(Lorg/spongepowered/asm/mixin/injection/callback/CallbackInfo;)V won't be passed a CallbackInfo as a result
[12:31:20] [Render thread/DEBUG] (FabricLoader/Mixin) delta.mixins.json:mixin.HandledScreenMixin from mod delta->@Inject::onKeyPressed(IIILorg/spongepowered/asm/mixin/injection/callback/CallbackInfoReturnable;)V does use it's CallbackInfoReturnable
[12:31:20] [Render thread/DEBUG] (FabricLoader/Mixin) delta.mixins.json:mixin.HandledScreenMixin from mod delta->@Inject::onMouseClick(Lnet/minecraft/screen/slot/Slot;IILnet/minecraft/screen/slot/SlotActionType;Lorg/spongepowered/asm/mixin/injection/callback/CallbackInfo;)V does use it's CallbackInfo
[12:31:20] [Render thread/DEBUG] (FabricLoader/Mixin) delta.mixins.json:mixin.HandledScreenMixin from mod delta->@Inject::onRemoved(Lorg/spongepowered/asm/mixin/injection/callback/CallbackInfo;)V doesn't use it's CallbackInfo
[12:31:20] [Render thread/DEBUG] (FabricLoader/Mixin) delta.mixins.json:mixin.HandledScreenMixin from mod delta->@Inject::onRemoved(Lorg/spongepowered/asm/mixin/injection/callback/CallbackInfo;)V has 0 override(s) in child classes
[12:31:20] [Render thread/DEBUG] (FabricLoader/Mixin) delta.mixins.json:mixin.HandledScreenMixin from mod delta->@Inject::onRemoved(Lorg/spongepowered/asm/mixin/injection/callback/CallbackInfo;)V won't be passed a CallbackInfo as a result
[12:31:20] [Render thread/DEBUG] (FabricLoader/Mixin) delta.mixins.json:mixin.HandledScreenMixin from mod delta->@Inject::onRender(Lnet/minecraft/client/gui/DrawContext;IIFLorg/spongepowered/asm/mixin/injection/callback/CallbackInfo;)V doesn't use it's CallbackInfo
[12:31:20] [Render thread/DEBUG] (FabricLoader/Mixin) delta.mixins.json:mixin.HandledScreenMixin from mod delta->@Inject::onRender(Lnet/minecraft/client/gui/DrawContext;IIFLorg/spongepowered/asm/mixin/injection/callback/CallbackInfo;)V has 0 override(s) in child classes
[12:31:20] [Render thread/DEBUG] (FabricLoader/Mixin) delta.mixins.json:mixin.HandledScreenMixin from mod delta->@Inject::onRender(Lnet/minecraft/client/gui/DrawContext;IIFLorg/spongepowered/asm/mixin/injection/callback/CallbackInfo;)V won't be passed a CallbackInfo as a result
[12:31:20] [Render thread/DEBUG] (FabricLoader/Mixin) delta.mixins.json:mixin.HandledScreenMixin from mod delta->@Inject::onRenderTail(Lnet/minecraft/client/gui/DrawContext;IIFLorg/spongepowered/asm/mixin/injection/callback/CallbackInfo;)V doesn't use it's CallbackInfo
[12:31:20] [Render thread/DEBUG] (FabricLoader/Mixin) delta.mixins.json:mixin.HandledScreenMixin from mod delta->@Inject::onRenderTail(Lnet/minecraft/client/gui/DrawContext;IIFLorg/spongepowered/asm/mixin/injection/callback/CallbackInfo;)V has 0 override(s) in child classes
[12:31:20] [Render thread/DEBUG] (FabricLoader/Mixin) delta.mixins.json:mixin.HandledScreenMixin from mod delta->@Inject::onRenderTail(Lnet/minecraft/client/gui/DrawContext;IIFLorg/spongepowered/asm/mixin/injection/callback/CallbackInfo;)V won't be passed a CallbackInfo as a result
[12:31:20] [Render thread/DEBUG] (FabricLoader/Mixin) fabric-screen-api-v1.mixins.json:HandledScreenMixin from mod fabric-screen-api-v1->@Inject::callSuperMouseReleased(DDILorg/spongepowered/asm/mixin/injection/callback/CallbackInfoReturnable;)V does use it's CallbackInfoReturnable
[12:31:20] [Render thread/DEBUG] (FabricLoader/Mixin) fabric-screen-api-v1.mixins.json:HandledScreenMixin from mod fabric-screen-api-v1->@Inject::callSuperMouseReleased(DDIDDLorg/spongepowered/asm/mixin/injection/callback/CallbackInfoReturnable;)V does use it's CallbackInfoReturnable
[12:31:20] [Render thread/DEBUG] (FabricLoader/Mixin) Mixing VanillaResourcePackProviderMixin from fabric-resource-loader-v0.client.mixins.json into net.minecraft.resource.VanillaResourcePackProvider
[12:31:20] [Render thread/DEBUG] (FabricLoader/Mixin) fabric-resource-loader-v0.client.mixins.json:VanillaResourcePackProviderMixin from mod fabric-resource-loader-v0->@Inject::addBuiltinResourcePacks(Ljava/util/function/Consumer;Lorg/spongepowered/asm/mixin/injection/callback/CallbackInfo;)V doesn't use it's CallbackInfo
[12:31:20] [Render thread/DEBUG] (FabricLoader/Mixin) fabric-resource-loader-v0.client.mixins.json:VanillaResourcePackProviderMixin from mod fabric-resource-loader-v0->@Inject::addBuiltinResourcePacks(Ljava/util/function/Consumer;Lorg/spongepowered/asm/mixin/injection/callback/CallbackInfo;)V has 0 override(s) in child classes
[12:31:20] [Render thread/DEBUG] (FabricLoader/Mixin) fabric-resource-loader-v0.client.mixins.json:VanillaResourcePackProviderMixin from mod fabric-resource-loader-v0->@Inject::addBuiltinResourcePacks(Ljava/util/function/Consumer;Lorg/spongepowered/asm/mixin/injection/callback/CallbackInfo;)V won't be passed a CallbackInfo as a result
[12:31:20] [Render thread/DEBUG] (FabricLoader/Mixin) Mixing ResourcePackManagerMixin from fabric-resource-loader-v0.mixins.json into net.minecraft.resource.ResourcePackManager
[12:31:20] [Render thread/DEBUG] (FabricLoader/Mixin) Renaming synthetic method lambda$handleAutoDisable$0(Ljava/util/Set;Lnet/minecraft/resource/ResourcePackProfile;)Z to md1d5659$fabric-resource-loader-v0$lambda$handleAutoDisable$0$0 in fabric-resource-loader-v0.mixins.json:ResourcePackManagerMixin from mod fabric-resource-loader-v0
[12:31:20] [Render thread/DEBUG] (FabricLoader/Mixin) fabric-resource-loader-v0.mixins.json:ResourcePackManagerMixin from mod fabric-resource-loader-v0->@Inject::construct([Lnet/minecraft/resource/ResourcePackProvider;Lorg/spongepowered/asm/mixin/injection/callback/CallbackInfo;)V doesn't use it's CallbackInfo
[12:31:20] [Render thread/DEBUG] (FabricLoader/Mixin) fabric-resource-loader-v0.mixins.json:ResourcePackManagerMixin from mod fabric-resource-loader-v0->@Inject::construct([Lnet/minecraft/resource/ResourcePackProvider;Lorg/spongepowered/asm/mixin/injection/callback/CallbackInfo;)V has 0 override(s) in child classes
[12:31:20] [Render thread/DEBUG] (FabricLoader/Mixin) fabric-resource-loader-v0.mixins.json:ResourcePackManagerMixin from mod fabric-resource-loader-v0->@Inject::construct([Lnet/minecraft/resource/ResourcePackProvider;Lorg/spongepowered/asm/mixin/injection/callback/CallbackInfo;)V won't be passed a CallbackInfo as a result
[12:31:20] [Render thread/DEBUG] (FabricLoader/Mixin) fabric-resource-loader-v0.mixins.json:ResourcePackManagerMixin from mod fabric-resource-loader-v0->@Inject::handleAutoEnableDisable(Ljava/util/Collection;Lorg/spongepowered/asm/mixin/injection/callback/CallbackInfoReturnable;)V doesn't use it's CallbackInfoReturnable
[12:31:20] [Render thread/DEBUG] (FabricLoader/Mixin) fabric-resource-loader-v0.mixins.json:ResourcePackManagerMixin from mod fabric-resource-loader-v0->@Inject::handleAutoEnableDisable(Ljava/util/Collection;Lorg/spongepowered/asm/mixin/injection/callback/CallbackInfoReturnable;)V has 0 override(s) in child classes
[12:31:20] [Render thread/DEBUG] (FabricLoader/Mixin) fabric-resource-loader-v0.mixins.json:ResourcePackManagerMixin from mod fabric-resource-loader-v0->@Inject::handleAutoEnableDisable(Ljava/util/Collection;Lorg/spongepowered/asm/mixin/injection/callback/CallbackInfoReturnable;)V won't be passed a CallbackInfoReturnable as a result
[12:31:20] [Render thread/DEBUG] (FabricLoader/Mixin) fabric-resource-loader-v0.mixins.json:ResourcePackManagerMixin from mod fabric-resource-loader-v0->@Inject::handleAutoEnable(Ljava/lang/String;Lorg/spongepowered/asm/mixin/injection/callback/CallbackInfoReturnable;)V doesn't use it's CallbackInfoReturnable
[12:31:20] [Render thread/DEBUG] (FabricLoader/Mixin) fabric-resource-loader-v0.mixins.json:ResourcePackManagerMixin from mod fabric-resource-loader-v0->@Inject::handleAutoEnable(Ljava/lang/String;Lorg/spongepowered/asm/mixin/injection/callback/CallbackInfoReturnable;)V has 0 override(s) in child classes
[12:31:20] [Render thread/DEBUG] (FabricLoader/Mixin) fabric-resource-loader-v0.mixins.json:ResourcePackManagerMixin from mod fabric-resource-loader-v0->@Inject::handleAutoEnable(Ljava/lang/String;Lorg/spongepowered/asm/mixin/injection/callback/CallbackInfoReturnable;)V won't be passed a CallbackInfoReturnable as a result
[12:31:20] [Render thread/DEBUG] (FabricLoader/Mixin) fabric-resource-loader-v0.mixins.json:ResourcePackManagerMixin from mod fabric-resource-loader-v0->@Inject::handleAutoDisable(Ljava/lang/String;Lorg/spongepowered/asm/mixin/injection/callback/CallbackInfoReturnable;)V doesn't use it's CallbackInfoReturnable
[12:31:20] [Render thread/DEBUG] (FabricLoader/Mixin) fabric-resource-loader-v0.mixins.json:ResourcePackManagerMixin from mod fabric-resource-loader-v0->@Inject::handleAutoDisable(Ljava/lang/String;Lorg/spongepowered/asm/mixin/injection/callback/CallbackInfoReturnable;)V has 0 override(s) in child classes
[12:31:20] [Render thread/DEBUG] (FabricLoader/Mixin) fabric-resource-loader-v0.mixins.json:ResourcePackManagerMixin from mod fabric-resource-loader-v0->@Inject::handleAutoDisable(Ljava/lang/String;Lorg/spongepowered/asm/mixin/injection/callback/CallbackInfoReturnable;)V won't be passed a CallbackInfoReturnable as a result
[12:31:20] [Render thread/INFO] (com.mojang.authlib.yggdrasil.YggdrasilAuthenticationService) Environment: Environment[sessionHost=https://sessionserver.mojang.com, servicesHost=https://api.minecraftservices.com, name=PROD]
[12:31:20] [Render thread/INFO] (net.minecraft.client.MinecraftClient) Setting user: Player584
[12:31:20] [Yggdrasil Key Fetcher/DEBUG] (com.mojang.authlib.minecraft.client.MinecraftClient) Connecting to https://api.minecraftservices.com/publickeys
[12:31:20] [Render thread/DEBUG] (FabricLoader/Entrypoint) Iterating over entrypoint 'main'
[12:31:20] [Download-1/DEBUG] (com.mojang.authlib.minecraft.client.MinecraftClient) Connecting to https://sessionserver.mojang.com/session/minecraft/profile/f8b3cbc388893cbd890bed87a36c6fe4?unsigned=false
[12:31:20] [Render thread/DEBUG] (FabricLoader/Mixin) Mixing ServerConfigurationNetworkHandlerMixin from fabric-networking-api-v1.mixins.json into net.minecraft.server.network.ServerConfigurationNetworkHandler
[12:31:21] [Render thread/DEBUG] (FabricLoader/Mixin) Mixing ServerConfigurationNetworkHandlerMixin from fabric-resource-loader-v0.mixins.json into net.minecraft.server.network.ServerConfigurationNetworkHandler
[12:31:21] [Render thread/DEBUG] (FabricLoader/Mixin) fabric-networking-api-v1.mixins.json:ServerConfigurationNetworkHandlerMixin from mod fabric-networking-api-v1->@Inject::initAddon(Lorg/spongepowered/asm/mixin/injection/callback/CallbackInfo;)V doesn't use it's CallbackInfo
[12:31:21] [Render thread/DEBUG] (FabricLoader/Mixin) fabric-networking-api-v1.mixins.json:ServerConfigurationNetworkHandlerMixin from mod fabric-networking-api-v1->@Inject::initAddon(Lorg/spongepowered/asm/mixin/injection/callback/CallbackInfo;)V has 0 override(s) in child classes
[12:31:21] [Render thread/DEBUG] (FabricLoader/Mixin) fabric-networking-api-v1.mixins.json:ServerConfigurationNetworkHandlerMixin from mod fabric-networking-api-v1->@Inject::initAddon(Lorg/spongepowered/asm/mixin/injection/callback/CallbackInfo;)V won't be passed a CallbackInfo as a result
[12:31:21] [Render thread/DEBUG] (FabricLoader/Mixin) fabric-networking-api-v1.mixins.json:ServerConfigurationNetworkHandlerMixin from mod fabric-networking-api-v1->@Inject::onClientReady(Lorg/spongepowered/asm/mixin/injection/callback/CallbackInfo;)V does use it's CallbackInfo
[12:31:21] [Render thread/DEBUG] (FabricLoader/Mixin) Mixing ServerCommonNetworkHandlerMixin from fabric-networking-api-v1.mixins.json into net.minecraft.server.network.ServerCommonNetworkHandler
[12:31:21] [Render thread/DEBUG] (FabricLoader/Mixin) Mixing accessor.ServerCommonNetworkHandlerAccessor from fabric-networking-api-v1.mixins.json into net.minecraft.server.network.ServerCommonNetworkHandler
[12:31:21] [Render thread/DEBUG] (FabricLoader/Mixin) fabric-networking-api-v1.mixins.json:ServerCommonNetworkHandlerMixin from mod fabric-networking-api-v1->@Inject::handleCustomPayloadReceivedAsync(Lnet/minecraft/network/packet/c2s/common/CustomPayloadC2SPacket;Lorg/spongepowered/asm/mixin/injection/callback/CallbackInfo;)V does use it's CallbackInfo
[12:31:21] [Render thread/DEBUG] (FabricLoader/Mixin) fabric-networking-api-v1.mixins.json:ServerCommonNetworkHandlerMixin from mod fabric-networking-api-v1->@Inject::onPlayPong(Lnet/minecraft/network/packet/c2s/common/CommonPongC2SPacket;Lorg/spongepowered/asm/mixin/injection/callback/CallbackInfo;)V doesn't use it's CallbackInfo
[12:31:21] [Render thread/DEBUG] (FabricLoader/Mixin) fabric-networking-api-v1.mixins.json:ServerCommonNetworkHandlerMixin from mod fabric-networking-api-v1->@Inject::onPlayPong(Lnet/minecraft/network/packet/c2s/common/CommonPongC2SPacket;Lorg/spongepowered/asm/mixin/injection/callback/CallbackInfo;)V has 0 override(s) in child classes
[12:31:21] [Render thread/DEBUG] (FabricLoader/Mixin) fabric-networking-api-v1.mixins.json:ServerCommonNetworkHandlerMixin from mod fabric-networking-api-v1->@Inject::onPlayPong(Lnet/minecraft/network/packet/c2s/common/CommonPongC2SPacket;Lorg/spongepowered/asm/mixin/injection/callback/CallbackInfo;)V won't be passed a CallbackInfo as a result
[12:31:21] [Render thread/DEBUG] (FabricLoader/Mixin) Mixing CustomPayloadS2CPacketAccessor from fabric-data-attachment-api-v1.mixins.json into net.minecraft.network.packet.c2s.common.CustomPayloadC2SPacket
[12:31:21] [Render thread/DEBUG] (FabricLoader/Mixin) Mixing CustomPayloadC2SPacketMixin from fabric-networking-api-v1.mixins.json into net.minecraft.network.packet.c2s.common.CustomPayloadC2SPacket
[12:31:21] [Render thread/DEBUG] (FabricLoader/Mixin) Renaming synthetic method lambda$wrapCodec$0(Lnet/minecraft/network/PacketByteBuf;Lnet/minecraft/util/Identifier;)Lnet/minecraft/network/packet/CustomPayload$Type; to md1d5659$fabric-networking-api-v1$lambda$wrapCodec$0$0 in fabric-networking-api-v1.mixins.json:CustomPayloadC2SPacketMixin from mod fabric-networking-api-v1
[12:31:21] [Render thread/DEBUG] (FabricLoader/Mixin) Mixing CustomPayloadPacketCodecMixin from fabric-networking-api-v1.mixins.json into net.minecraft.network.packet.CustomPayload$1
[12:31:21] [Render thread/DEBUG] (FabricLoader/Mixin) Mixing ServerPlayNetworkHandlerMixin from fabric-networking-api-v1.mixins.json into net.minecraft.server.network.ServerPlayNetworkHandler
[12:31:21] [Render thread/DEBUG] (FabricLoader/Mixin) Mixing ServerPlayNetworkHandlerMixin from fabric-events-interaction-v0.mixins.json into net.minecraft.server.network.ServerPlayNetworkHandler
[12:31:21] [Render thread/DEBUG] (FabricLoader/Mixin) fabric-networking-api-v1.mixins.json:ServerPlayNetworkHandlerMixin from mod fabric-networking-api-v1->@Inject::initAddon(Lorg/spongepowered/asm/mixin/injection/callback/CallbackInfo;)V doesn't use it's CallbackInfo
[12:31:21] [Render thread/DEBUG] (FabricLoader/Mixin) fabric-networking-api-v1.mixins.json:ServerPlayNetworkHandlerMixin from mod fabric-networking-api-v1->@Inject::initAddon(Lorg/spongepowered/asm/mixin/injection/callback/CallbackInfo;)V has 0 override(s) in child classes
[12:31:21] [Render thread/DEBUG] (FabricLoader/Mixin) fabric-networking-api-v1.mixins.json:ServerPlayNetworkHandlerMixin from mod fabric-networking-api-v1->@Inject::initAddon(Lorg/spongepowered/asm/mixin/injection/callback/CallbackInfo;)V won't be passed a CallbackInfo as a result
[12:31:21] [Render thread/DEBUG] (FabricLoader/Mixin) fabric-networking-api-v1.mixins.json:ServerPlayNetworkHandlerMixin from mod fabric-networking-api-v1->@Inject::handleCustomPayloadReceivedAsync(Lnet/minecraft/network/packet/c2s/common/CustomPayloadC2SPacket;Lorg/spongepowered/asm/mixin/injection/callback/CallbackInfo;)V does use it's CallbackInfo
[12:31:21] [Render thread/DEBUG] (FabricLoader/Mixin) Mixing LootTableBuilderMixin from fabric-loot-api-v3.mixins.json into net.minecraft.loot.LootTable$Builder
[12:31:21] [Render thread/DEBUG] (FabricLoader/Mixin) Mixing LootTableBuilderMixin from fabric-loot-api-v2.mixins.json into net.minecraft.loot.LootTable$Builder
[12:31:21] [Render thread/DEBUG] (FabricLoader/Entrypoint) Iterating over entrypoint 'client'
[12:31:21] [Render thread/DEBUG] (FabricLoader/Mixin) Mixing accessors.DrawContextAccessor from delta.mixins.json into net.minecraft.client.gui.DrawContext
[12:31:21] [Render thread/DEBUG] (FabricLoader/Mixin) Mixing mixin.LivingEntityRendererMixin from delta.mixins.json into net.minecraft.client.render.entity.LivingEntityRenderer
[12:31:21] [Render thread/DEBUG] (FabricLoader/Mixin) Mixing LivingEntityRendererAccessor from fabric-rendering-v1.mixins.json into net.minecraft.client.render.entity.LivingEntityRenderer
[12:31:21] [Render thread/DEBUG] (FabricLoader/Mixin) delta.mixins.json:mixin.LivingEntityRendererMixin from mod delta->@Inject::onUpdateRenderState(Lnet/minecraft/entity/LivingEntity;Lnet/minecraft/client/render/entity/state/LivingEntityRenderState;FLorg/spongepowered/asm/mixin/injection/callback/CallbackInfo;)V doesn't use it's CallbackInfo
[12:31:21] [Render thread/DEBUG] (FabricLoader/Mixin) delta.mixins.json:mixin.LivingEntityRendererMixin from mod delta->@Inject::onUpdateRenderState(Lnet/minecraft/entity/LivingEntity;Lnet/minecraft/client/render/entity/state/LivingEntityRenderState;FLorg/spongepowered/asm/mixin/injection/callback/CallbackInfo;)V has 0 override(s) in child classes
[12:31:21] [Render thread/DEBUG] (FabricLoader/Mixin) delta.mixins.json:mixin.LivingEntityRendererMixin from mod delta->@Inject::onUpdateRenderState(Lnet/minecraft/entity/LivingEntity;Lnet/minecraft/client/render/entity/state/LivingEntityRenderState;FLorg/spongepowered/asm/mixin/injection/callback/CallbackInfo;)V won't be passed a CallbackInfo as a result
[12:31:21] [Render thread/DEBUG] (FabricLoader/Mixin) delta.mixins.json:mixin.LivingEntityRendererMixin from mod delta->@Inject::updateRenderState(Lnet/minecraft/entity/LivingEntity;Lnet/minecraft/client/render/entity/state/LivingEntityRenderState;FLorg/spongepowered/asm/mixin/injection/callback/CallbackInfo;)V doesn't use it's CallbackInfo
[12:31:21] [Render thread/DEBUG] (FabricLoader/Mixin) delta.mixins.json:mixin.LivingEntityRendererMixin from mod delta->@Inject::updateRenderState(Lnet/minecraft/entity/LivingEntity;Lnet/minecraft/client/render/entity/state/LivingEntityRenderState;FLorg/spongepowered/asm/mixin/injection/callback/CallbackInfo;)V has 0 override(s) in child classes
[12:31:21] [Render thread/DEBUG] (FabricLoader/Mixin) delta.mixins.json:mixin.LivingEntityRendererMixin from mod delta->@Inject::updateRenderState(Lnet/minecraft/entity/LivingEntity;Lnet/minecraft/client/render/entity/state/LivingEntityRenderState;FLorg/spongepowered/asm/mixin/injection/callback/CallbackInfo;)V won't be passed a CallbackInfo as a result
[12:31:21] [Render thread/DEBUG] (FabricLoader/Mixin) delta.mixins.json:mixin.LivingEntityRendererMixin from mod delta->@Inject::onIsVisible(Lnet/minecraft/client/render/entity/state/LivingEntityRenderState;Lorg/spongepowered/asm/mixin/injection/callback/CallbackInfoReturnable;)V does use it's CallbackInfoReturnable
[12:31:22] [Render thread/DEBUG] (FabricLoader/Mixin) Mixing ClientCommandSourceMixin from fabric-command-api-v2.client.mixins.json into net.minecraft.client.network.ClientCommandSource
[12:31:22] [Render thread/DEBUG] (FabricLoader/Mixin) Mixing SoundInstanceMixin from fabric-sound-api-v1.mixins.json into net.minecraft.client.sound.SoundInstance
[12:31:22] [Render thread/INFO] (net.minecraft.util.logging.LoggerPrintStream) [STDOUT]: setup - [MacrosProcessor, CollectorProcessor, AutoBuyProcessor, CosmeticsProcessor, FriendProcessor, NotificationProcessor, ResourcePacksProcessor, StaffProcessor, ThemeProcessor, AccountProcessor, ModuleProcessor, RotationProcessor, DiscordProcessor, Draw2DProcessor, DragProcessor, Draw3DProcessor, CommandProcessor, BatchProcessor, HandlerProcessor]
[12:31:22] [Render thread/INFO] (net.fabricmc.fabric.impl.client.indigo.Indigo) [Indigo] Registering Indigo renderer!
[12:31:22] [Render thread/DEBUG] (FabricLoader/Mixin) Mixing ClientConfigurationNetworkHandlerMixin from fabric-networking-api-v1.client.mixins.json into net.minecraft.client.network.ClientConfigurationNetworkHandler
[12:31:22] [Render thread/DEBUG] (FabricLoader/Mixin) Mixing ClientConfigurationNetworkHandlerMixin from fabric-lifecycle-events-v1.client.mixins.json into net.minecraft.client.network.ClientConfigurationNetworkHandler
[12:31:22] [Render thread/DEBUG] (FabricLoader/Mixin) Mixing accessor.ClientConfigurationNetworkHandlerAccessor from fabric-networking-api-v1.client.mixins.json into net.minecraft.client.network.ClientConfigurationNetworkHandler
[12:31:22] [Render thread/DEBUG] (FabricLoader/Mixin) fabric-networking-api-v1.client.mixins.json:ClientConfigurationNetworkHandlerMixin from mod fabric-networking-api-v1->@Inject::initAddon(Lorg/spongepowered/asm/mixin/injection/callback/CallbackInfo;)V doesn't use it's CallbackInfo
[12:31:22] [Render thread/DEBUG] (FabricLoader/Mixin) fabric-networking-api-v1.client.mixins.json:ClientConfigurationNetworkHandlerMixin from mod fabric-networking-api-v1->@Inject::initAddon(Lorg/spongepowered/asm/mixin/injection/callback/CallbackInfo;)V has 0 override(s) in child classes
[12:31:22] [Render thread/DEBUG] (FabricLoader/Mixin) fabric-networking-api-v1.client.mixins.json:ClientConfigurationNetworkHandlerMixin from mod fabric-networking-api-v1->@Inject::initAddon(Lorg/spongepowered/asm/mixin/injection/callback/CallbackInfo;)V won't be passed a CallbackInfo as a result
[12:31:22] [Render thread/DEBUG] (FabricLoader/Mixin) fabric-networking-api-v1.client.mixins.json:ClientConfigurationNetworkHandlerMixin from mod fabric-networking-api-v1->@Inject::handleComplete(Lnet/minecraft/network/packet/s2c/config/ReadyS2CPacket;Lorg/spongepowered/asm/mixin/injection/callback/CallbackInfo;)V doesn't use it's CallbackInfo
[12:31:22] [Render thread/DEBUG] (FabricLoader/Mixin) fabric-networking-api-v1.client.mixins.json:ClientConfigurationNetworkHandlerMixin from mod fabric-networking-api-v1->@Inject::handleComplete(Lnet/minecraft/network/packet/s2c/config/ReadyS2CPacket;Lorg/spongepowered/asm/mixin/injection/callback/CallbackInfo;)V has 0 override(s) in child classes
[12:31:22] [Render thread/DEBUG] (FabricLoader/Mixin) fabric-networking-api-v1.client.mixins.json:ClientConfigurationNetworkHandlerMixin from mod fabric-networking-api-v1->@Inject::handleComplete(Lnet/minecraft/network/packet/s2c/config/ReadyS2CPacket;Lorg/spongepowered/asm/mixin/injection/callback/CallbackInfo;)V won't be passed a CallbackInfo as a result
[12:31:22] [Render thread/DEBUG] (FabricLoader/Mixin) fabric-lifecycle-events-v1.client.mixins.json:ClientConfigurationNetworkHandlerMixin from mod fabric-lifecycle-events-v1->@Inject::invokeTagsLoaded(Lnet/minecraft/resource/ResourceFactory;Lorg/spongepowered/asm/mixin/injection/callback/CallbackInfoReturnable;)V does use it's CallbackInfoReturnable
[12:31:22] [Render thread/DEBUG] (FabricLoader/Mixin) Mixing mixin.ClientCommonNetworkHandlerMixin from delta.mixins.json into net.minecraft.client.network.ClientCommonNetworkHandler
[12:31:22] [Render thread/DEBUG] (FabricLoader/Mixin) Mixing accessor.ClientCommonNetworkHandlerAccessor from fabric-networking-api-v1.client.mixins.json into net.minecraft.client.network.ClientCommonNetworkHandler
[12:31:22] [Render thread/DEBUG] (FabricLoader/Mixin) Mixing ClientCommonNetworkHandlerMixin from fabric-networking-api-v1.client.mixins.json into net.minecraft.client.network.ClientCommonNetworkHandler
[12:31:22] [Render thread/DEBUG] (FabricLoader/Mixin) delta.mixins.json:mixin.ClientCommonNetworkHandlerMixin from mod delta->@Inject::onResourcePackSend(Lnet/minecraft/network/packet/s2c/common/ResourcePackSendS2CPacket;Lorg/spongepowered/asm/mixin/injection/callback/CallbackInfo;)V does use it's CallbackInfo
[12:31:22] [Render thread/DEBUG] (FabricLoader/Mixin) fabric-networking-api-v1.client.mixins.json:ClientCommonNetworkHandlerMixin from mod fabric-networking-api-v1->@Inject::onCustomPayload(Lnet/minecraft/network/packet/s2c/common/CustomPayloadS2CPacket;Lorg/spongepowered/asm/mixin/injection/callback/CallbackInfo;)V does use it's CallbackInfo
[12:31:22] [Render thread/DEBUG] (FabricLoader/Mixin) Mixing accessor.ClientLoginNetworkHandlerAccessor from fabric-networking-api-v1.client.mixins.json into net.minecraft.client.network.ClientLoginNetworkHandler
[12:31:22] [Render thread/DEBUG] (FabricLoader/Mixin) Mixing ClientLoginNetworkHandlerMixin from fabric-networking-api-v1.client.mixins.json into net.minecraft.client.network.ClientLoginNetworkHandler
[12:31:22] [Render thread/DEBUG] (FabricLoader/Mixin) fabric-networking-api-v1.client.mixins.json:ClientLoginNetworkHandlerMixin from mod fabric-networking-api-v1->@Inject::initAddon(Lorg/spongepowered/asm/mixin/injection/callback/CallbackInfo;)V doesn't use it's CallbackInfo
[12:31:22] [Render thread/DEBUG] (FabricLoader/Mixin) fabric-networking-api-v1.client.mixins.json:ClientLoginNetworkHandlerMixin from mod fabric-networking-api-v1->@Inject::initAddon(Lorg/spongepowered/asm/mixin/injection/callback/CallbackInfo;)V has 0 override(s) in child classes
[12:31:22] [Render thread/DEBUG] (FabricLoader/Mixin) fabric-networking-api-v1.client.mixins.json:ClientLoginNetworkHandlerMixin from mod fabric-networking-api-v1->@Inject::initAddon(Lorg/spongepowered/asm/mixin/injection/callback/CallbackInfo;)V won't be passed a CallbackInfo as a result
[12:31:22] [Render thread/DEBUG] (FabricLoader/Mixin) fabric-networking-api-v1.client.mixins.json:ClientLoginNetworkHandlerMixin from mod fabric-networking-api-v1->@Inject::handleQueryRequest(Lnet/minecraft/network/packet/s2c/login/LoginQueryRequestS2CPacket;Lorg/spongepowered/asm/mixin/injection/callback/CallbackInfo;)V does use it's CallbackInfo
[12:31:22] [Render thread/DEBUG] (FabricLoader/Mixin) Mixing ClientPlayNetworkHandlerMixin from fabric-message-api-v1.client.mixins.json into net.minecraft.client.network.ClientPlayNetworkHandler
[12:31:22] [Render thread/DEBUG] (FabricLoader/Mixin) Mixing mixin.ClientPlayNetworkHandlerMixin from delta.mixins.json into net.minecraft.client.network.ClientPlayNetworkHandler
[12:31:22] [Render thread/DEBUG] (FabricLoader/Mixin) Mixing ClientPlayNetworkHandlerMixin from fabric-networking-api-v1.client.mixins.json into net.minecraft.client.network.ClientPlayNetworkHandler
[12:31:22] [Render thread/DEBUG] (FabricLoader/Mixin) Mixing ClientPlayNetworkHandlerMixin from fabric-data-attachment-api-v1.client.mixins.json into net.minecraft.client.network.ClientPlayNetworkHandler
[12:31:22] [Render thread/DEBUG] (FabricLoader/Mixin) Mixing ClientPlayNetworkHandlerMixin from fabric-command-api-v2.client.mixins.json into net.minecraft.client.network.ClientPlayNetworkHandler
[12:31:22] [Render thread/DEBUG] (FabricLoader/Mixin) Mixing ClientPlayNetworkHandlerMixin from fabric-lifecycle-events-v1.client.mixins.json into net.minecraft.client.network.ClientPlayNetworkHandler
[12:31:22] [Render thread/DEBUG] (FabricLoader/Mixin) fabric-message-api-v1.client.mixins.json:ClientPlayNetworkHandlerMixin from mod fabric-message-api-v1->@Inject::fabric_allowSendChatMessage(Ljava/lang/String;Lorg/spongepowered/asm/mixin/injection/callback/CallbackInfo;)V does use it's CallbackInfo
[12:31:22] [Render thread/DEBUG] (FabricLoader/Mixin) fabric-message-api-v1.client.mixins.json:ClientPlayNetworkHandlerMixin from mod fabric-message-api-v1->@Inject::fabric_allowSendCommandMessage(Ljava/lang/String;Lorg/spongepowered/asm/mixin/injection/callback/CallbackInfo;)V does use it's CallbackInfo
[12:31:22] [Render thread/DEBUG] (FabricLoader/Mixin) delta.mixins.json:mixin.ClientPlayNetworkHandlerMixin from mod delta->@Inject::sendChatMessage(Ljava/lang/String;Lorg/spongepowered/asm/mixin/injection/callback/CallbackInfo;)V does use it's CallbackInfo
[12:31:22] [Render thread/DEBUG] (FabricLoader/Mixin) delta.mixins.json:mixin.ClientPlayNetworkHandlerMixin from mod delta->@Inject::onCooldownUpdate(Lnet/minecraft/network/packet/s2c/play/CooldownUpdateS2CPacket;Lorg/spongepowered/asm/mixin/injection/callback/CallbackInfo;)V does use it's CallbackInfo
[12:31:22] [Render thread/DEBUG] (FabricLoader/Mixin) delta.mixins.json:mixin.ClientPlayNetworkHandlerMixin from mod delta->@Inject::onScreenHandlerSlotUpdate(Lnet/minecraft/network/packet/s2c/play/ScreenHandlerSlotUpdateS2CPacket;Lorg/spongepowered/asm/mixin/injection/callback/CallbackInfo;)V does use it's CallbackInfo
[12:31:22] [Render thread/DEBUG] (FabricLoader/Mixin) fabric-networking-api-v1.client.mixins.json:ClientPlayNetworkHandlerMixin from mod fabric-networking-api-v1->@Inject::initAddon(Lorg/spongepowered/asm/mixin/injection/callback/CallbackInfo;)V doesn't use it's CallbackInfo
[12:31:22] [Render thread/DEBUG] (FabricLoader/Mixin) fabric-networking-api-v1.client.mixins.json:ClientPlayNetworkHandlerMixin from mod fabric-networking-api-v1->@Inject::initAddon(Lorg/spongepowered/asm/mixin/injection/callback/CallbackInfo;)V has 0 override(s) in child classes
[12:31:22] [Render thread/DEBUG] (FabricLoader/Mixin) fabric-networking-api-v1.client.mixins.json:ClientPlayNetworkHandlerMixin from mod fabric-networking-api-v1->@Inject::initAddon(Lorg/spongepowered/asm/mixin/injection/callback/CallbackInfo;)V won't be passed a CallbackInfo as a result
[12:31:22] [Render thread/DEBUG] (FabricLoader/Mixin) fabric-networking-api-v1.client.mixins.json:ClientPlayNetworkHandlerMixin from mod fabric-networking-api-v1->@Inject::handleServerPlayReady(Lnet/minecraft/network/packet/s2c/play/GameJoinS2CPacket;Lorg/spongepowered/asm/mixin/injection/callback/CallbackInfo;)V doesn't use it's CallbackInfo
[12:31:22] [Render thread/DEBUG] (FabricLoader/Mixin) fabric-networking-api-v1.client.mixins.json:ClientPlayNetworkHandlerMixin from mod fabric-networking-api-v1->@Inject::handleServerPlayReady(Lnet/minecraft/network/packet/s2c/play/GameJoinS2CPacket;Lorg/spongepowered/asm/mixin/injection/callback/CallbackInfo;)V has 0 override(s) in child classes
[12:31:22] [Render thread/DEBUG] (FabricLoader/Mixin) fabric-networking-api-v1.client.mixins.json:ClientPlayNetworkHandlerMixin from mod fabric-networking-api-v1->@Inject::handleServerPlayReady(Lnet/minecraft/network/packet/s2c/play/GameJoinS2CPacket;Lorg/spongepowered/asm/mixin/injection/callback/CallbackInfo;)V won't be passed a CallbackInfo as a result
[12:31:22] [Render thread/DEBUG] (FabricLoader/Mixin) fabric-command-api-v2.client.mixins.json:ClientPlayNetworkHandlerMixin from mod fabric-command-api-v2->@Inject::onGameJoin(Lnet/minecraft/network/packet/s2c/play/GameJoinS2CPacket;Lorg/spongepowered/asm/mixin/injection/callback/CallbackInfo;)V doesn't use it's CallbackInfo
[12:31:22] [Render thread/DEBUG] (FabricLoader/Mixin) fabric-command-api-v2.client.mixins.json:ClientPlayNetworkHandlerMixin from mod fabric-command-api-v2->@Inject::onGameJoin(Lnet/minecraft/network/packet/s2c/play/GameJoinS2CPacket;Lorg/spongepowered/asm/mixin/injection/callback/CallbackInfo;)V has 0 override(s) in child classes
[12:31:22] [Render thread/DEBUG] (FabricLoader/Mixin) fabric-command-api-v2.client.mixins.json:ClientPlayNetworkHandlerMixin from mod fabric-command-api-v2->@Inject::onGameJoin(Lnet/minecraft/network/packet/s2c/play/GameJoinS2CPacket;Lorg/spongepowered/asm/mixin/injection/callback/CallbackInfo;)V won't be passed a CallbackInfo as a result
[12:31:22] [Render thread/DEBUG] (FabricLoader/Mixin) fabric-command-api-v2.client.mixins.json:ClientPlayNetworkHandlerMixin from mod fabric-command-api-v2->@Inject::onOnCommandTree(Lnet/minecraft/network/packet/s2c/play/CommandTreeS2CPacket;Lorg/spongepowered/asm/mixin/injection/callback/CallbackInfo;)V doesn't use it's CallbackInfo
[12:31:22] [Render thread/DEBUG] (FabricLoader/Mixin) fabric-command-api-v2.client.mixins.json:ClientPlayNetworkHandlerMixin from mod fabric-command-api-v2->@Inject::onOnCommandTree(Lnet/minecraft/network/packet/s2c/play/CommandTreeS2CPacket;Lorg/spongepowered/asm/mixin/injection/callback/CallbackInfo;)V has 0 override(s) in child classes
[12:31:22] [Render thread/DEBUG] (FabricLoader/Mixin) fabric-command-api-v2.client.mixins.json:ClientPlayNetworkHandlerMixin from mod fabric-command-api-v2->@Inject::onOnCommandTree(Lnet/minecraft/network/packet/s2c/play/CommandTreeS2CPacket;Lorg/spongepowered/asm/mixin/injection/callback/CallbackInfo;)V won't be passed a CallbackInfo as a result
[12:31:22] [Render thread/DEBUG] (FabricLoader/Mixin) fabric-command-api-v2.client.mixins.json:ClientPlayNetworkHandlerMixin from mod fabric-command-api-v2->@Inject::onSendCommand(Ljava/lang/String;Lorg/spongepowered/asm/mixin/injection/callback/CallbackInfoReturnable;)V does use it's CallbackInfoReturnable
[12:31:22] [Render thread/DEBUG] (FabricLoader/Mixin) fabric-command-api-v2.client.mixins.json:ClientPlayNetworkHandlerMixin from mod fabric-command-api-v2->@Inject::onSendCommand(Ljava/lang/String;Lorg/spongepowered/asm/mixin/injection/callback/CallbackInfo;)V does use it's CallbackInfo
[12:31:22] [Render thread/DEBUG] (FabricLoader/Mixin) fabric-lifecycle-events-v1.client.mixins.json:ClientPlayNetworkHandlerMixin from mod fabric-lifecycle-events-v1->@Inject::onPlayerRespawn(Lnet/minecraft/network/packet/s2c/play/PlayerRespawnS2CPacket;Lorg/spongepowered/asm/mixin/injection/callback/CallbackInfo;)V doesn't use it's CallbackInfo
[12:31:22] [Render thread/DEBUG] (FabricLoader/Mixin) fabric-lifecycle-events-v1.client.mixins.json:ClientPlayNetworkHandlerMixin from mod fabric-lifecycle-events-v1->@Inject::onPlayerRespawn(Lnet/minecraft/network/packet/s2c/play/PlayerRespawnS2CPacket;Lorg/spongepowered/asm/mixin/injection/callback/CallbackInfo;)V has 0 override(s) in child classes
[12:31:22] [Render thread/DEBUG] (FabricLoader/Mixin) fabric-lifecycle-events-v1.client.mixins.json:ClientPlayNetworkHandlerMixin from mod fabric-lifecycle-events-v1->@Inject::onPlayerRespawn(Lnet/minecraft/network/packet/s2c/play/PlayerRespawnS2CPacket;Lorg/spongepowered/asm/mixin/injection/callback/CallbackInfo;)V won't be passed a CallbackInfo as a result
[12:31:22] [Render thread/DEBUG] (FabricLoader/Mixin) fabric-lifecycle-events-v1.client.mixins.json:ClientPlayNetworkHandlerMixin from mod fabric-lifecycle-events-v1->@Inject::onGameJoin(Lnet/minecraft/network/packet/s2c/play/GameJoinS2CPacket;Lorg/spongepowered/asm/mixin/injection/callback/CallbackInfo;)V doesn't use it's CallbackInfo
[12:31:22] [Render thread/DEBUG] (FabricLoader/Mixin) fabric-lifecycle-events-v1.client.mixins.json:ClientPlayNetworkHandlerMixin from mod fabric-lifecycle-events-v1->@Inject::onGameJoin(Lnet/minecraft/network/packet/s2c/play/GameJoinS2CPacket;Lorg/spongepowered/asm/mixin/injection/callback/CallbackInfo;)V has 0 override(s) in child classes
[12:31:22] [Render thread/DEBUG] (FabricLoader/Mixin) fabric-lifecycle-events-v1.client.mixins.json:ClientPlayNetworkHandlerMixin from mod fabric-lifecycle-events-v1->@Inject::onGameJoin(Lnet/minecraft/network/packet/s2c/play/GameJoinS2CPacket;Lorg/spongepowered/asm/mixin/injection/callback/CallbackInfo;)V won't be passed a CallbackInfo as a result
[12:31:22] [Render thread/DEBUG] (FabricLoader/Mixin) fabric-lifecycle-events-v1.client.mixins.json:ClientPlayNetworkHandlerMixin from mod fabric-lifecycle-events-v1->@Inject::onClearWorld(Lorg/spongepowered/asm/mixin/injection/callback/CallbackInfo;)V doesn't use it's CallbackInfo
[12:31:22] [Render thread/DEBUG] (FabricLoader/Mixin) fabric-lifecycle-events-v1.client.mixins.json:ClientPlayNetworkHandlerMixin from mod fabric-lifecycle-events-v1->@Inject::onClearWorld(Lorg/spongepowered/asm/mixin/injection/callback/CallbackInfo;)V has 0 override(s) in child classes
[12:31:22] [Render thread/DEBUG] (FabricLoader/Mixin) fabric-lifecycle-events-v1.client.mixins.json:ClientPlayNetworkHandlerMixin from mod fabric-lifecycle-events-v1->@Inject::onClearWorld(Lorg/spongepowered/asm/mixin/injection/callback/CallbackInfo;)V won't be passed a CallbackInfo as a result
[12:31:22] [Render thread/DEBUG] (FabricLoader/Mixin) fabric-lifecycle-events-v1.client.mixins.json:ClientPlayNetworkHandlerMixin from mod fabric-lifecycle-events-v1->@Inject::invokeTagsLoaded(Lnet/minecraft/network/packet/s2c/common/SynchronizeTagsS2CPacket;Lorg/spongepowered/asm/mixin/injection/callback/CallbackInfo;)V doesn't use it's CallbackInfo
[12:31:22] [Render thread/DEBUG] (FabricLoader/Mixin) fabric-lifecycle-events-v1.client.mixins.json:ClientPlayNetworkHandlerMixin from mod fabric-lifecycle-events-v1->@Inject::invokeTagsLoaded(Lnet/minecraft/network/packet/s2c/common/SynchronizeTagsS2CPacket;Lorg/spongepowered/asm/mixin/injection/callback/CallbackInfo;)V has 0 override(s) in child classes
[12:31:22] [Render thread/DEBUG] (FabricLoader/Mixin) fabric-lifecycle-events-v1.client.mixins.json:ClientPlayNetworkHandlerMixin from mod fabric-lifecycle-events-v1->@Inject::invokeTagsLoaded(Lnet/minecraft/network/packet/s2c/common/SynchronizeTagsS2CPacket;Lorg/spongepowered/asm/mixin/injection/callback/CallbackInfo;)V won't be passed a CallbackInfo as a result
[12:31:22] [Render thread/DEBUG] (FabricLoader/Mixin) Mixing mixin.ClientConnectionMixin from delta.mixins.json into net.minecraft.network.ClientConnection
[12:31:22] [Render thread/DEBUG] (FabricLoader/Mixin) Mixing accessors.ClientConnectionAccessor from delta.mixins.json into net.minecraft.network.ClientConnection
[12:31:22] [Render thread/DEBUG] (FabricLoader/Mixin) Mixing ClientConnectionMixin from fabric-data-attachment-api-v1.mixins.json into net.minecraft.network.ClientConnection
[12:31:22] [Render thread/DEBUG] (FabricLoader/Mixin) Mixing ClientConnectionMixin from fabric-networking-api-v1.mixins.json into net.minecraft.network.ClientConnection
[12:31:22] [Render thread/DEBUG] (FabricLoader/Mixin) Renaming synthetic method lambda$fabric_getPendingChannelsNames$0(Lnet/minecraft/network/NetworkPhase;)Ljava/util/Collection; to md1d5659$fabric-networking-api-v1$lambda$fabric_getPendingChannelsNames$0$0 in fabric-networking-api-v1.mixins.json:ClientConnectionMixin from mod fabric-networking-api-v1
[12:31:22] [Render thread/DEBUG] (FabricLoader/Mixin) Mixing ingredient.ClientConnectionMixin from fabric-recipe-api-v1.mixins.json into net.minecraft.network.ClientConnection
[12:31:22] [Render thread/DEBUG] (FabricLoader/Mixin) delta.mixins.json:mixin.ClientConnectionMixin from mod delta->@Inject::send(Lnet/minecraft/network/packet/Packet;Lorg/spongepowered/asm/mixin/injection/callback/CallbackInfo;)V does use it's CallbackInfo
[12:31:22] [Render thread/DEBUG] (FabricLoader/Mixin) delta.mixins.json:mixin.ClientConnectionMixin from mod delta->@Inject::channelRead0(Lio/netty/channel/ChannelHandlerContext;Lnet/minecraft/network/packet/Packet;Lorg/spongepowered/asm/mixin/injection/callback/CallbackInfo;)V does use it's CallbackInfo
[12:31:22] [Render thread/DEBUG] (FabricLoader/Mixin) fabric-networking-api-v1.mixins.json:ClientConnectionMixin from mod fabric-networking-api-v1->@Inject::initAddedFields(Lnet/minecraft/network/NetworkSide;Lorg/spongepowered/asm/mixin/injection/callback/CallbackInfo;)V doesn't use it's CallbackInfo
[12:31:22] [Render thread/DEBUG] (FabricLoader/Mixin) fabric-networking-api-v1.mixins.json:ClientConnectionMixin from mod fabric-networking-api-v1->@Inject::initAddedFields(Lnet/minecraft/network/NetworkSide;Lorg/spongepowered/asm/mixin/injection/callback/CallbackInfo;)V has 0 override(s) in child classes
[12:31:22] [Render thread/DEBUG] (FabricLoader/Mixin) fabric-networking-api-v1.mixins.json:ClientConnectionMixin from mod fabric-networking-api-v1->@Inject::initAddedFields(Lnet/minecraft/network/NetworkSide;Lorg/spongepowered/asm/mixin/injection/callback/CallbackInfo;)V won't be passed a CallbackInfo as a result
[12:31:22] [Render thread/DEBUG] (FabricLoader/Mixin) fabric-networking-api-v1.mixins.json:ClientConnectionMixin from mod fabric-networking-api-v1->@Inject::checkPacket(Lnet/minecraft/network/packet/Packet;Lnet/minecraft/network/PacketCallbacks;ZLorg/spongepowered/asm/mixin/injection/callback/CallbackInfo;)V doesn't use it's CallbackInfo
[12:31:22] [Render thread/DEBUG] (FabricLoader/Mixin) fabric-networking-api-v1.mixins.json:ClientConnectionMixin from mod fabric-networking-api-v1->@Inject::checkPacket(Lnet/minecraft/network/packet/Packet;Lnet/minecraft/network/PacketCallbacks;ZLorg/spongepowered/asm/mixin/injection/callback/CallbackInfo;)V has 0 override(s) in child classes
[12:31:22] [Render thread/DEBUG] (FabricLoader/Mixin) fabric-networking-api-v1.mixins.json:ClientConnectionMixin from mod fabric-networking-api-v1->@Inject::checkPacket(Lnet/minecraft/network/packet/Packet;Lnet/minecraft/network/PacketCallbacks;ZLorg/spongepowered/asm/mixin/injection/callback/CallbackInfo;)V won't be passed a CallbackInfo as a result
[12:31:22] [Render thread/DEBUG] (FabricLoader/Mixin) fabric-networking-api-v1.mixins.json:ClientConnectionMixin from mod fabric-networking-api-v1->@Inject::checkPacket(Lnet/minecraft/network/packet/Packet;Lnet/minecraft/network/PacketCallbacks;ZLorg/spongepowered/asm/mixin/injection/callback/CallbackInfo;)V doesn't use it's CallbackInfo
[12:31:22] [Render thread/DEBUG] (FabricLoader/Mixin) fabric-networking-api-v1.mixins.json:ClientConnectionMixin from mod fabric-networking-api-v1->@Inject::checkPacket(Lnet/minecraft/network/packet/Packet;Lnet/minecraft/network/PacketCallbacks;ZLorg/spongepowered/asm/mixin/injection/callback/CallbackInfo;)V has 0 override(s) in child classes
[12:31:22] [Render thread/DEBUG] (FabricLoader/Mixin) fabric-networking-api-v1.mixins.json:ClientConnectionMixin from mod fabric-networking-api-v1->@Inject::checkPacket(Lnet/minecraft/network/packet/Packet;Lnet/minecraft/network/PacketCallbacks;ZLorg/spongepowered/asm/mixin/injection/callback/CallbackInfo;)V won't be passed a CallbackInfo as a result
[12:31:22] [Render thread/DEBUG] (FabricLoader/Mixin) fabric-networking-api-v1.mixins.json:ClientConnectionMixin from mod fabric-networking-api-v1->@Inject::unwatchAddon(Lnet/minecraft/network/NetworkState;Lnet/minecraft/network/listener/PacketListener;Lorg/spongepowered/asm/mixin/injection/callback/CallbackInfo;)V doesn't use it's CallbackInfo
[12:31:22] [Render thread/DEBUG] (FabricLoader/Mixin) fabric-networking-api-v1.mixins.json:ClientConnectionMixin from mod fabric-networking-api-v1->@Inject::unwatchAddon(Lnet/minecraft/network/NetworkState;Lnet/minecraft/network/listener/PacketListener;Lorg/spongepowered/asm/mixin/injection/callback/CallbackInfo;)V has 0 override(s) in child classes
[12:31:22] [Render thread/DEBUG] (FabricLoader/Mixin) fabric-networking-api-v1.mixins.json:ClientConnectionMixin from mod fabric-networking-api-v1->@Inject::unwatchAddon(Lnet/minecraft/network/NetworkState;Lnet/minecraft/network/listener/PacketListener;Lorg/spongepowered/asm/mixin/injection/callback/CallbackInfo;)V won't be passed a CallbackInfo as a result
[12:31:22] [Render thread/DEBUG] (FabricLoader/Mixin) fabric-networking-api-v1.mixins.json:ClientConnectionMixin from mod fabric-networking-api-v1->@Inject::disconnectAddon(Lio/netty/channel/ChannelHandlerContext;Lorg/spongepowered/asm/mixin/injection/callback/CallbackInfo;)V doesn't use it's CallbackInfo
[12:31:22] [Render thread/DEBUG] (FabricLoader/Mixin) fabric-networking-api-v1.mixins.json:ClientConnectionMixin from mod fabric-networking-api-v1->@Inject::disconnectAddon(Lio/netty/channel/ChannelHandlerContext;Lorg/spongepowered/asm/mixin/injection/callback/CallbackInfo;)V has 0 override(s) in child classes
[12:31:22] [Render thread/DEBUG] (FabricLoader/Mixin) fabric-networking-api-v1.mixins.json:ClientConnectionMixin from mod fabric-networking-api-v1->@Inject::disconnectAddon(Lio/netty/channel/ChannelHandlerContext;Lorg/spongepowered/asm/mixin/injection/callback/CallbackInfo;)V won't be passed a CallbackInfo as a result
[12:31:22] [Render thread/DEBUG] (FabricLoader/Mixin) fabric-networking-api-v1.mixins.json:ClientConnectionMixin from mod fabric-networking-api-v1->@Inject::disconnectAddon(Lorg/spongepowered/asm/mixin/injection/callback/CallbackInfo;)V doesn't use it's CallbackInfo
[12:31:22] [Render thread/DEBUG] (FabricLoader/Mixin) fabric-networking-api-v1.mixins.json:ClientConnectionMixin from mod fabric-networking-api-v1->@Inject::disconnectAddon(Lorg/spongepowered/asm/mixin/injection/callback/CallbackInfo;)V has 0 override(s) in child classes
[12:31:22] [Render thread/DEBUG] (FabricLoader/Mixin) fabric-networking-api-v1.mixins.json:ClientConnectionMixin from mod fabric-networking-api-v1->@Inject::disconnectAddon(Lorg/spongepowered/asm/mixin/injection/callback/CallbackInfo;)V won't be passed a CallbackInfo as a result
[12:31:22] [Render thread/DEBUG] (FabricLoader/Mixin) Mixing SimpleRegistryTagLookup2Accessor from fabric-tag-api-v1.mixins.json into net.minecraft.registry.SimpleRegistry$TagLookup$2
[12:31:22] [Render thread/DEBUG] (FabricLoader/Mixin) Mixing GameOptionsMixin from fabric-resource-loader-v0.client.mixins.json into net.minecraft.client.option.GameOptions
[12:31:22] [Render thread/DEBUG] (FabricLoader/Mixin) Mixing GameOptionsMixin from fabric-key-binding-api-v1.mixins.json into net.minecraft.client.option.GameOptions
[12:31:22] [Render thread/DEBUG] (FabricLoader/Mixin) fabric-resource-loader-v0.client.mixins.json:GameOptionsMixin from mod fabric-resource-loader-v0->@Inject::onLoad(Lorg/spongepowered/asm/mixin/injection/callback/CallbackInfo;)V doesn't use it's CallbackInfo
[12:31:22] [Render thread/DEBUG] (FabricLoader/Mixin) fabric-resource-loader-v0.client.mixins.json:GameOptionsMixin from mod fabric-resource-loader-v0->@Inject::onLoad(Lorg/spongepowered/asm/mixin/injection/callback/CallbackInfo;)V has 0 override(s) in child classes
[12:31:22] [Render thread/DEBUG] (FabricLoader/Mixin) fabric-resource-loader-v0.client.mixins.json:GameOptionsMixin from mod fabric-resource-loader-v0->@Inject::onLoad(Lorg/spongepowered/asm/mixin/injection/callback/CallbackInfo;)V won't be passed a CallbackInfo as a result
[12:31:22] [Render thread/DEBUG] (FabricLoader/Mixin) fabric-resource-loader-v0.client.mixins.json:GameOptionsMixin from mod fabric-resource-loader-v0->@Inject::onLoad(Lorg/spongepowered/asm/mixin/injection/callback/CallbackInfo;)V doesn't use it's CallbackInfo
[12:31:22] [Render thread/DEBUG] (FabricLoader/Mixin) fabric-resource-loader-v0.client.mixins.json:GameOptionsMixin from mod fabric-resource-loader-v0->@Inject::onLoad(Lorg/spongepowered/asm/mixin/injection/callback/CallbackInfo;)V has 0 override(s) in child classes
[12:31:22] [Render thread/DEBUG] (FabricLoader/Mixin) fabric-resource-loader-v0.client.mixins.json:GameOptionsMixin from mod fabric-resource-loader-v0->@Inject::onLoad(Lorg/spongepowered/asm/mixin/injection/callback/CallbackInfo;)V won't be passed a CallbackInfo as a result
[12:31:22] [Render thread/DEBUG] (FabricLoader/Mixin) fabric-key-binding-api-v1.mixins.json:GameOptionsMixin from mod fabric-key-binding-api-v1->@Inject::loadHook(Lorg/spongepowered/asm/mixin/injection/callback/CallbackInfo;)V doesn't use it's CallbackInfo
[12:31:22] [Render thread/DEBUG] (FabricLoader/Mixin) fabric-key-binding-api-v1.mixins.json:GameOptionsMixin from mod fabric-key-binding-api-v1->@Inject::loadHook(Lorg/spongepowered/asm/mixin/injection/callback/CallbackInfo;)V has 0 override(s) in child classes
[12:31:22] [Render thread/DEBUG] (FabricLoader/Mixin) fabric-key-binding-api-v1.mixins.json:GameOptionsMixin from mod fabric-key-binding-api-v1->@Inject::loadHook(Lorg/spongepowered/asm/mixin/injection/callback/CallbackInfo;)V won't be passed a CallbackInfo as a result
[12:31:22] [Render thread/DEBUG] (FabricLoader/Mixin) Mixing mixin.ChatHudMixin from delta.mixins.json into net.minecraft.client.gui.hud.ChatHud
[12:31:22] [Render thread/DEBUG] (FabricLoader/Mixin) Mixing accessors.ChatHudAccessor from delta.mixins.json into net.minecraft.client.gui.hud.ChatHud
[12:31:23] [Render thread/DEBUG] (FabricLoader/Mixin) ArgsClassGenerator assigning org.spongepowered.asm.synthetic.args.Args$2 for descriptor (IIIII)V
[12:31:23] [Render thread/DEBUG] (FabricLoader/Mixin) delta.mixins.json:mixin.ChatHudMixin from mod delta->@Inject::onAddMessage(Lnet/minecraft/text/Text;Lnet/minecraft/network/message/MessageSignatureData;Lnet/minecraft/client/gui/hud/MessageIndicator;Lorg/spongepowered/asm/mixin/injection/callback/CallbackInfo;)V doesn't use it's CallbackInfo
[12:31:23] [Render thread/DEBUG] (FabricLoader/Mixin) delta.mixins.json:mixin.ChatHudMixin from mod delta->@Inject::onAddMessage(Lnet/minecraft/text/Text;Lnet/minecraft/network/message/MessageSignatureData;Lnet/minecraft/client/gui/hud/MessageIndicator;Lorg/spongepowered/asm/mixin/injection/callback/CallbackInfo;)V has 0 override(s) in child classes
[12:31:23] [Render thread/DEBUG] (FabricLoader/Mixin) delta.mixins.json:mixin.ChatHudMixin from mod delta->@Inject::onAddMessage(Lnet/minecraft/text/Text;Lnet/minecraft/network/message/MessageSignatureData;Lnet/minecraft/client/gui/hud/MessageIndicator;Lorg/spongepowered/asm/mixin/injection/callback/CallbackInfo;)V won't be passed a CallbackInfo as a result
[12:31:23] [Render thread/DEBUG] (FabricLoader/Mixin) Mixing ResourcePackProfileMixin from fabric-resource-loader-v0.mixins.json into net.minecraft.resource.ResourcePackProfile
[12:31:23] [Render thread/DEBUG] (FabricLoader/Mixin) Renaming synthetic method lambda$static$0(Ljava/util/Set;)Z to md1d5659$fabric-resource-loader-v0$lambda$static$0$0 in fabric-resource-loader-v0.mixins.json:ResourcePackProfileMixin from mod fabric-resource-loader-v0
[12:31:23] [Render thread/DEBUG] (FabricLoader/Mixin) Mixing ResourcePackProfileMixin from fabric-resource-conditions-api-v1.mixins.json into net.minecraft.resource.ResourcePackProfile
[12:31:23] [Render thread/DEBUG] (FabricLoader/Mixin) fabric-resource-loader-v0.mixins.json:ResourcePackProfileMixin from mod fabric-resource-loader-v0->@Inject::onCreateResourcePack(Lorg/spongepowered/asm/mixin/injection/callback/CallbackInfoReturnable;)V does use it's CallbackInfoReturnable
[12:31:23] [Render thread/INFO] (net.minecraft.client.MinecraftClient) Backend library: LWJGL version 3.3.3-snapshot
[12:31:23] [Render thread/DEBUG] (FabricLoader/Mixin) Mixing mixin.WindowMixin from delta.mixins.json into net.minecraft.client.util.Window
[12:31:23] [Render thread/DEBUG] (FabricLoader/Mixin) delta.mixins.json:mixin.WindowMixin from mod delta->@Inject::onSetIcon(Lorg/spongepowered/asm/mixin/injection/callback/CallbackInfo;)V doesn't use it's CallbackInfo
[12:31:23] [Render thread/DEBUG] (FabricLoader/Mixin) delta.mixins.json:mixin.WindowMixin from mod delta->@Inject::onFramebufferSizeChanged(JIILorg/spongepowered/asm/mixin/injection/callback/CallbackInfo;)V doesn't use it's CallbackInfo
[12:31:25] [Render thread/DEBUG] (FabricLoader/Mixin) Mixing mixin.MouseMixin from delta.mixins.json into net.minecraft.client.Mouse
[12:31:25] [Render thread/DEBUG] (FabricLoader/Mixin) Mixing MouseMixin from fabric-screen-api-v1.mixins.json into net.minecraft.client.Mouse
[12:31:25] [Render thread/DEBUG] (FabricLoader/Mixin) delta.mixins.json:mixin.MouseMixin from mod delta->@Inject::onMouseButton(JIIILorg/spongepowered/asm/mixin/injection/callback/CallbackInfo;)V does use it's CallbackInfo
[12:31:25] [Render thread/DEBUG] (FabricLoader/Mixin) delta.mixins.json:mixin.MouseMixin from mod delta->@Inject::onCursorPos(JDDLorg/spongepowered/asm/mixin/injection/callback/CallbackInfo;)V does use it's CallbackInfo
[12:31:25] [Render thread/DEBUG] (FabricLoader/Mixin) delta.mixins.json:mixin.MouseMixin from mod delta->@Inject::onMouseScroll(JDDLorg/spongepowered/asm/mixin/injection/callback/CallbackInfo;)V doesn't use it's CallbackInfo
[12:31:25] [Render thread/DEBUG] (FabricLoader/Mixin) delta.mixins.json:mixin.MouseMixin from mod delta->@Inject::onMouseScroll(JDDLorg/spongepowered/asm/mixin/injection/callback/CallbackInfo;)V has 0 override(s) in child classes
[12:31:25] [Render thread/DEBUG] (FabricLoader/Mixin) delta.mixins.json:mixin.MouseMixin from mod delta->@Inject::onMouseScroll(JDDLorg/spongepowered/asm/mixin/injection/callback/CallbackInfo;)V won't be passed a CallbackInfo as a result
[12:31:25] [Render thread/DEBUG] (FabricLoader/Mixin) delta.mixins.json:mixin.MouseMixin from mod delta->@Inject::onMouseScroll(JDDLorg/spongepowered/asm/mixin/injection/callback/CallbackInfo;)V doesn't use it's CallbackInfo
[12:31:25] [Render thread/DEBUG] (FabricLoader/Mixin) delta.mixins.json:mixin.MouseMixin from mod delta->@Inject::onMouseScroll(JDDLorg/spongepowered/asm/mixin/injection/callback/CallbackInfo;)V has 0 override(s) in child classes
[12:31:25] [Render thread/DEBUG] (FabricLoader/Mixin) delta.mixins.json:mixin.MouseMixin from mod delta->@Inject::onMouseScroll(JDDLorg/spongepowered/asm/mixin/injection/callback/CallbackInfo;)V won't be passed a CallbackInfo as a result
[12:31:25] [Render thread/DEBUG] (FabricLoader/Mixin) Mixing mixin.KeyboardMixin from delta.mixins.json into net.minecraft.client.Keyboard
[12:31:25] [Render thread/DEBUG] (FabricLoader/Mixin) Mixing KeyboardMixin from fabric-screen-api-v1.mixins.json into net.minecraft.client.Keyboard
[12:31:25] [Render thread/DEBUG] (FabricLoader/Mixin) delta.mixins.json:mixin.KeyboardMixin from mod delta->@Inject::onKey(JIIIILorg/spongepowered/asm/mixin/injection/callback/CallbackInfo;)V does use it's CallbackInfo
[12:31:26] [Render thread/DEBUG] (FabricLoader/Mixin) Mixing LifecycledResourceManagerImplMixin from fabric-resource-loader-v0.mixins.json into net.minecraft.resource.LifecycledResourceManagerImpl
[12:31:26] [Render thread/DEBUG] (FabricLoader/Mixin) fabric-resource-loader-v0.mixins.json:LifecycledResourceManagerImplMixin from mod fabric-resource-loader-v0->@Inject::init(Lnet/minecraft/resource/ResourceType;Ljava/util/List;Lorg/spongepowered/asm/mixin/injection/callback/CallbackInfo;)V doesn't use it's CallbackInfo
[12:31:26] [Render thread/DEBUG] (FabricLoader/Mixin) fabric-resource-loader-v0.mixins.json:LifecycledResourceManagerImplMixin from mod fabric-resource-loader-v0->@Inject::init(Lnet/minecraft/resource/ResourceType;Ljava/util/List;Lorg/spongepowered/asm/mixin/injection/callback/CallbackInfo;)V has 0 override(s) in child classes
[12:31:26] [Render thread/DEBUG] (FabricLoader/Mixin) fabric-resource-loader-v0.mixins.json:LifecycledResourceManagerImplMixin from mod fabric-resource-loader-v0->@Inject::init(Lnet/minecraft/resource/ResourceType;Ljava/util/List;Lorg/spongepowered/asm/mixin/injection/callback/CallbackInfo;)V won't be passed a CallbackInfo as a result
[12:31:26] [Download-1/WARN] (com.mojang.authlib.yggdrasil.YggdrasilMinecraftSessionService) Couldn't look up profile properties for f8b3cbc3-8889-3cbd-890b-ed87a36c6fe4
com.mojang.authlib.exceptions.MinecraftClientException: Failed to read from https://sessionserver.mojang.com/session/minecraft/profile/f8b3cbc388893cbd890bed87a36c6fe4?unsigned=false due to Connect timed out
	at knot/com.mojang.authlib.minecraft.client.MinecraftClient.readInputStream(MinecraftClient.java:111) ~[authlib-6.0.57.jar:?]
	at knot/com.mojang.authlib.minecraft.client.MinecraftClient.get(MinecraftClient.java:56) ~[authlib-6.0.57.jar:?]
	at knot/com.mojang.authlib.yggdrasil.YggdrasilMinecraftSessionService.fetchProfileUncached(YggdrasilMinecraftSessionService.java:201) ~[authlib-6.0.57.jar:?]
	at knot/com.mojang.authlib.yggdrasil.YggdrasilMinecraftSessionService.fetchProfile(YggdrasilMinecraftSessionService.java:171) ~[authlib-6.0.57.jar:?]
	at knot/net.minecraft.client.MinecraftClient.method_53464(MinecraftClient.java:453) ~[minecraft-merged-8137bcb425-1.21.4-net.fabricmc.yarn.1_21_4.1.21.4+build.8-v2.jar:?]
	at java.base/java.util.concurrent.CompletableFuture$AsyncSupply.run$$$capture(CompletableFuture.java:1768) ~[?:?]
	at java.base/java.util.concurrent.CompletableFuture$AsyncSupply.run(CompletableFuture.java) ~[?:?]
	at java.base/java.util.concurrent.ThreadPoolExecutor.runWorker(ThreadPoolExecutor.java:1144) ~[?:?]
	at java.base/java.util.concurrent.ThreadPoolExecutor$Worker.run(ThreadPoolExecutor.java:642) ~[?:?]
	at java.base/java.lang.Thread.run(Thread.java:1583) [?:?]
Caused by: java.net.SocketTimeoutException: Connect timed out
	at java.base/sun.nio.ch.NioSocketImpl.timedFinishConnect(NioSocketImpl.java:546) ~[?:?]
	at java.base/sun.nio.ch.NioSocketImpl.connect(NioSocketImpl.java:592) ~[?:?]
	at java.base/java.net.SocksSocketImpl.connect(SocksSocketImpl.java:327) ~[?:?]
	at java.base/java.net.Socket.connect(Socket.java:751) ~[?:?]
	at java.base/sun.security.ssl.SSLSocketImpl.connect(SSLSocketImpl.java:304) ~[?:?]
	at java.base/sun.net.NetworkClient.doConnect(NetworkClient.java:178) ~[?:?]
	at java.base/sun.net.www.http.HttpClient.openServer(HttpClient.java:531) ~[?:?]
	at java.base/sun.net.www.http.HttpClient.openServer(HttpClient.java:636) ~[?:?]
	at java.base/sun.net.www.protocol.https.HttpsClient.<init>(HttpsClient.java:264) ~[?:?]
	at java.base/sun.net.www.protocol.https.HttpsClient.New(HttpsClient.java:377) ~[?:?]
	at java.base/sun.net.www.protocol.https.AbstractDelegateHttpsURLConnection.getNewHttpClient(AbstractDelegateHttpsURLConnection.java:193) ~[?:?]
	at java.base/sun.net.www.protocol.http.HttpURLConnection.plainConnect0(HttpURLConnection.java:1298) ~[?:?]
	at java.base/sun.net.www.protocol.http.HttpURLConnection.plainConnect(HttpURLConnection.java:1139) ~[?:?]
	at java.base/sun.net.www.protocol.https.AbstractDelegateHttpsURLConnection.connect(AbstractDelegateHttpsURLConnection.java:179) ~[?:?]
	at java.base/sun.net.www.protocol.http.HttpURLConnection.getInputStream0(HttpURLConnection.java:1691) ~[?:?]
	at java.base/sun.net.www.protocol.http.HttpURLConnection.getInputStream(HttpURLConnection.java:1615) ~[?:?]
	at java.base/java.net.HttpURLConnection.getResponseCode(HttpURLConnection.java:531) ~[?:?]
	at java.base/sun.net.www.protocol.https.HttpsURLConnectionImpl.getResponseCode(HttpsURLConnectionImpl.java:307) ~[?:?]
	at knot/com.mojang.authlib.minecraft.client.MinecraftClient.readInputStream(MinecraftClient.java:82) ~[authlib-6.0.57.jar:?]
	... 9 more
[12:31:26] [Render thread/DEBUG] (net.fabricmc.fabric.impl.resource.loader.ModResourcePackUtil) [Fabric] Starting internal pack sorting with: [vanilla, delta, fabric, fabric-api, fabric-api-base, fabric-api-lookup-api-v1, fabric-biome-api-v1, fabric-block-api-v1, fabric-block-view-api-v2, fabric-blockrenderlayer-v1, fabric-client-gametest-api-v1, fabric-client-tags-api-v1, fabric-command-api-v1, fabric-command-api-v2, fabric-commands-v0, fabric-content-registries-v0, fabric-convention-tags-v1, fabric-convention-tags-v2, fabric-crash-report-info-v1, fabric-data-attachment-api-v1, fabric-data-generation-api-v1, fabric-dimensions-v1, fabric-entity-events-v1, fabric-events-interaction-v0, fabric-game-rule-api-v1, fabric-gametest-api-v1, fabric-item-api-v1, fabric-item-group-api-v1, fabric-item-group-api-v1_programmer_art, fabric-key-binding-api-v1, fabric-keybindings-v0, fabric-lifecycle-events-v1, fabric-loot-api-v2, fabric-loot-api-v3, fabric-message-api-v1, fabric-model-loading-api-v1, fabric-networking-api-v1, fabric-object-builder-api-v1, fabric-particles-v1, fabric-recipe-api-v1, fabric-registry-sync-v0, fabric-renderer-api-v1, fabric-renderer-indigo, fabric-rendering-data-attachment-v1, fabric-rendering-fluids-v1, fabric-rendering-v1, fabric-resource-conditions-api-v1, fabric-resource-loader-v0, fabric-screen-api-v1, fabric-screen-handler-api-v1, fabric-sound-api-v1, fabric-tag-api-v1, fabric-transfer-api-v1, fabric-transitive-access-wideners-v1, fabricloader]
[12:31:26] [Render thread/DEBUG] (net.fabricmc.fabric.impl.resource.loader.ModResourcePackUtil) [Fabric] Removed all internal packs, result: [vanilla, fabric]
[12:31:26] [Render thread/DEBUG] (net.fabricmc.fabric.impl.resource.loader.ModResourcePackUtil) [Fabric] cur @ fabric, auto-enabled delta, currently enabled: [vanilla, fabric, delta]
[12:31:26] [Render thread/DEBUG] (net.fabricmc.fabric.impl.resource.loader.ModResourcePackUtil) [Fabric] cur @ fabric, auto-enabled fabric-api, currently enabled: [vanilla, fabric, delta, fabric-api]
[12:31:26] [Render thread/DEBUG] (net.fabricmc.fabric.impl.resource.loader.ModResourcePackUtil) [Fabric] cur @ fabric, auto-enabled fabric-api-base, currently enabled: [vanilla, fabric, delta, fabric-api, fabric-api-base]
[12:31:26] [Render thread/DEBUG] (net.fabricmc.fabric.impl.resource.loader.ModResourcePackUtil) [Fabric] cur @ fabric, auto-enabled fabric-api-lookup-api-v1, currently enabled: [vanilla, fabric, delta, fabric-api, fabric-api-base, fabric-api-lookup-api-v1]
[12:31:26] [Render thread/DEBUG] (net.fabricmc.fabric.impl.resource.loader.ModResourcePackUtil) [Fabric] cur @ fabric, auto-enabled fabric-biome-api-v1, currently enabled: [vanilla, fabric, delta, fabric-api, fabric-api-base, fabric-api-lookup-api-v1, fabric-biome-api-v1]
[12:31:26] [Render thread/DEBUG] (net.fabricmc.fabric.impl.resource.loader.ModResourcePackUtil) [Fabric] cur @ fabric, auto-enabled fabric-block-api-v1, currently enabled: [vanilla, fabric, delta, fabric-api, fabric-api-base, fabric-api-lookup-api-v1, fabric-biome-api-v1, fabric-block-api-v1]
[12:31:26] [Render thread/DEBUG] (net.fabricmc.fabric.impl.resource.loader.ModResourcePackUtil) [Fabric] cur @ fabric, auto-enabled fabric-block-view-api-v2, currently enabled: [vanilla, fabric, delta, fabric-api, fabric-api-base, fabric-api-lookup-api-v1, fabric-biome-api-v1, fabric-block-api-v1, fabric-block-view-api-v2]
[12:31:26] [Render thread/DEBUG] (net.fabricmc.fabric.impl.resource.loader.ModResourcePackUtil) [Fabric] cur @ fabric, auto-enabled fabric-blockrenderlayer-v1, currently enabled: [vanilla, fabric, delta, fabric-api, fabric-api-base, fabric-api-lookup-api-v1, fabric-biome-api-v1, fabric-block-api-v1, fabric-block-view-api-v2, fabric-blockrenderlayer-v1]
[12:31:26] [Render thread/DEBUG] (net.fabricmc.fabric.impl.resource.loader.ModResourcePackUtil) [Fabric] cur @ fabric, auto-enabled fabric-client-gametest-api-v1, currently enabled: [vanilla, fabric, delta, fabric-api, fabric-api-base, fabric-api-lookup-api-v1, fabric-biome-api-v1, fabric-block-api-v1, fabric-block-view-api-v2, fabric-blockrenderlayer-v1, fabric-client-gametest-api-v1]
[12:31:26] [Render thread/DEBUG] (net.fabricmc.fabric.impl.resource.loader.ModResourcePackUtil) [Fabric] cur @ fabric, auto-enabled fabric-client-tags-api-v1, currently enabled: [vanilla, fabric, delta, fabric-api, fabric-api-base, fabric-api-lookup-api-v1, fabric-biome-api-v1, fabric-block-api-v1, fabric-block-view-api-v2, fabric-blockrenderlayer-v1, fabric-client-gametest-api-v1, fabric-client-tags-api-v1]
[12:31:26] [Render thread/DEBUG] (net.fabricmc.fabric.impl.resource.loader.ModResourcePackUtil) [Fabric] cur @ fabric, auto-enabled fabric-command-api-v1, currently enabled: [vanilla, fabric, delta, fabric-api, fabric-api-base, fabric-api-lookup-api-v1, fabric-biome-api-v1, fabric-block-api-v1, fabric-block-view-api-v2, fabric-blockrenderlayer-v1, fabric-client-gametest-api-v1, fabric-client-tags-api-v1, fabric-command-api-v1]
[12:31:26] [Render thread/DEBUG] (net.fabricmc.fabric.impl.resource.loader.ModResourcePackUtil) [Fabric] cur @ fabric, auto-enabled fabric-command-api-v2, currently enabled: [vanilla, fabric, delta, fabric-api, fabric-api-base, fabric-api-lookup-api-v1, fabric-biome-api-v1, fabric-block-api-v1, fabric-block-view-api-v2, fabric-blockrenderlayer-v1, fabric-client-gametest-api-v1, fabric-client-tags-api-v1, fabric-command-api-v1, fabric-command-api-v2]
[12:31:26] [Render thread/DEBUG] (net.fabricmc.fabric.impl.resource.loader.ModResourcePackUtil) [Fabric] cur @ fabric, auto-enabled fabric-commands-v0, currently enabled: [vanilla, fabric, delta, fabric-api, fabric-api-base, fabric-api-lookup-api-v1, fabric-biome-api-v1, fabric-block-api-v1, fabric-block-view-api-v2, fabric-blockrenderlayer-v1, fabric-client-gametest-api-v1, fabric-client-tags-api-v1, fabric-command-api-v1, fabric-command-api-v2, fabric-commands-v0]
[12:31:26] [Render thread/DEBUG] (net.fabricmc.fabric.impl.resource.loader.ModResourcePackUtil) [Fabric] cur @ fabric, auto-enabled fabric-content-registries-v0, currently enabled: [vanilla, fabric, delta, fabric-api, fabric-api-base, fabric-api-lookup-api-v1, fabric-biome-api-v1, fabric-block-api-v1, fabric-block-view-api-v2, fabric-blockrenderlayer-v1, fabric-client-gametest-api-v1, fabric-client-tags-api-v1, fabric-command-api-v1, fabric-command-api-v2, fabric-commands-v0, fabric-content-registries-v0]
[12:31:26] [Render thread/DEBUG] (net.fabricmc.fabric.impl.resource.loader.ModResourcePackUtil) [Fabric] cur @ fabric, auto-enabled fabric-convention-tags-v1, currently enabled: [vanilla, fabric, delta, fabric-api, fabric-api-base, fabric-api-lookup-api-v1, fabric-biome-api-v1, fabric-block-api-v1, fabric-block-view-api-v2, fabric-blockrenderlayer-v1, fabric-client-gametest-api-v1, fabric-client-tags-api-v1, fabric-command-api-v1, fabric-command-api-v2, fabric-commands-v0, fabric-content-registries-v0, fabric-convention-tags-v1]
[12:31:26] [Render thread/DEBUG] (net.fabricmc.fabric.impl.resource.loader.ModResourcePackUtil) [Fabric] cur @ fabric, auto-enabled fabric-convention-tags-v2, currently enabled: [vanilla, fabric, delta, fabric-api, fabric-api-base, fabric-api-lookup-api-v1, fabric-biome-api-v1, fabric-block-api-v1, fabric-block-view-api-v2, fabric-blockrenderlayer-v1, fabric-client-gametest-api-v1, fabric-client-tags-api-v1, fabric-command-api-v1, fabric-command-api-v2, fabric-commands-v0, fabric-content-registries-v0, fabric-convention-tags-v1, fabric-convention-tags-v2]
[12:31:26] [Render thread/DEBUG] (net.fabricmc.fabric.impl.resource.loader.ModResourcePackUtil) [Fabric] cur @ fabric, auto-enabled fabric-crash-report-info-v1, currently enabled: [vanilla, fabric, delta, fabric-api, fabric-api-base, fabric-api-lookup-api-v1, fabric-biome-api-v1, fabric-block-api-v1, fabric-block-view-api-v2, fabric-blockrenderlayer-v1, fabric-client-gametest-api-v1, fabric-client-tags-api-v1, fabric-command-api-v1, fabric-command-api-v2, fabric-commands-v0, fabric-content-registries-v0, fabric-convention-tags-v1, fabric-convention-tags-v2, fabric-crash-report-info-v1]
[12:31:26] [Render thread/DEBUG] (net.fabricmc.fabric.impl.resource.loader.ModResourcePackUtil) [Fabric] cur @ fabric, auto-enabled fabric-data-attachment-api-v1, currently enabled: [vanilla, fabric, delta, fabric-api, fabric-api-base, fabric-api-lookup-api-v1, fabric-biome-api-v1, fabric-block-api-v1, fabric-block-view-api-v2, fabric-blockrenderlayer-v1, fabric-client-gametest-api-v1, fabric-client-tags-api-v1, fabric-command-api-v1, fabric-command-api-v2, fabric-commands-v0, fabric-content-registries-v0, fabric-convention-tags-v1, fabric-convention-tags-v2, fabric-crash-report-info-v1, fabric-data-attachment-api-v1]
[12:31:26] [Render thread/DEBUG] (net.fabricmc.fabric.impl.resource.loader.ModResourcePackUtil) [Fabric] cur @ fabric, auto-enabled fabric-data-generation-api-v1, currently enabled: [vanilla, fabric, delta, fabric-api, fabric-api-base, fabric-api-lookup-api-v1, fabric-biome-api-v1, fabric-block-api-v1, fabric-block-view-api-v2, fabric-blockrenderlayer-v1, fabric-client-gametest-api-v1, fabric-client-tags-api-v1, fabric-command-api-v1, fabric-command-api-v2, fabric-commands-v0, fabric-content-registries-v0, fabric-convention-tags-v1, fabric-convention-tags-v2, fabric-crash-report-info-v1, fabric-data-attachment-api-v1, fabric-data-generation-api-v1]
[12:31:26] [Render thread/DEBUG] (net.fabricmc.fabric.impl.resource.loader.ModResourcePackUtil) [Fabric] cur @ fabric, auto-enabled fabric-dimensions-v1, currently enabled: [vanilla, fabric, delta, fabric-api, fabric-api-base, fabric-api-lookup-api-v1, fabric-biome-api-v1, fabric-block-api-v1, fabric-block-view-api-v2, fabric-blockrenderlayer-v1, fabric-client-gametest-api-v1, fabric-client-tags-api-v1, fabric-command-api-v1, fabric-command-api-v2, fabric-commands-v0, fabric-content-registries-v0, fabric-convention-tags-v1, fabric-convention-tags-v2, fabric-crash-report-info-v1, fabric-data-attachment-api-v1, fabric-data-generation-api-v1, fabric-dimensions-v1]
[12:31:26] [Render thread/DEBUG] (net.fabricmc.fabric.impl.resource.loader.ModResourcePackUtil) [Fabric] cur @ fabric, auto-enabled fabric-entity-events-v1, currently enabled: [vanilla, fabric, delta, fabric-api, fabric-api-base, fabric-api-lookup-api-v1, fabric-biome-api-v1, fabric-block-api-v1, fabric-block-view-api-v2, fabric-blockrenderlayer-v1, fabric-client-gametest-api-v1, fabric-client-tags-api-v1, fabric-command-api-v1, fabric-command-api-v2, fabric-commands-v0, fabric-content-registries-v0, fabric-convention-tags-v1, fabric-convention-tags-v2, fabric-crash-report-info-v1, fabric-data-attachment-api-v1, fabric-data-generation-api-v1, fabric-dimensions-v1, fabric-entity-events-v1]
[12:31:26] [Render thread/DEBUG] (net.fabricmc.fabric.impl.resource.loader.ModResourcePackUtil) [Fabric] cur @ fabric, auto-enabled fabric-events-interaction-v0, currently enabled: [vanilla, fabric, delta, fabric-api, fabric-api-base, fabric-api-lookup-api-v1, fabric-biome-api-v1, fabric-block-api-v1, fabric-block-view-api-v2, fabric-blockrenderlayer-v1, fabric-client-gametest-api-v1, fabric-client-tags-api-v1, fabric-command-api-v1, fabric-command-api-v2, fabric-commands-v0, fabric-content-registries-v0, fabric-convention-tags-v1, fabric-convention-tags-v2, fabric-crash-report-info-v1, fabric-data-attachment-api-v1, fabric-data-generation-api-v1, fabric-dimensions-v1, fabric-entity-events-v1, fabric-events-interaction-v0]
[12:31:26] [Render thread/DEBUG] (net.fabricmc.fabric.impl.resource.loader.ModResourcePackUtil) [Fabric] cur @ fabric, auto-enabled fabric-game-rule-api-v1, currently enabled: [vanilla, fabric, delta, fabric-api, fabric-api-base, fabric-api-lookup-api-v1, fabric-biome-api-v1, fabric-block-api-v1, fabric-block-view-api-v2, fabric-blockrenderlayer-v1, fabric-client-gametest-api-v1, fabric-client-tags-api-v1, fabric-command-api-v1, fabric-command-api-v2, fabric-commands-v0, fabric-content-registries-v0, fabric-convention-tags-v1, fabric-convention-tags-v2, fabric-crash-report-info-v1, fabric-data-attachment-api-v1, fabric-data-generation-api-v1, fabric-dimensions-v1, fabric-entity-events-v1, fabric-events-interaction-v0, fabric-game-rule-api-v1]
[12:31:26] [Render thread/DEBUG] (net.fabricmc.fabric.impl.resource.loader.ModResourcePackUtil) [Fabric] cur @ fabric, auto-enabled fabric-gametest-api-v1, currently enabled: [vanilla, fabric, delta, fabric-api, fabric-api-base, fabric-api-lookup-api-v1, fabric-biome-api-v1, fabric-block-api-v1, fabric-block-view-api-v2, fabric-blockrenderlayer-v1, fabric-client-gametest-api-v1, fabric-client-tags-api-v1, fabric-command-api-v1, fabric-command-api-v2, fabric-commands-v0, fabric-content-registries-v0, fabric-convention-tags-v1, fabric-convention-tags-v2, fabric-crash-report-info-v1, fabric-data-attachment-api-v1, fabric-data-generation-api-v1, fabric-dimensions-v1, fabric-entity-events-v1, fabric-events-interaction-v0, fabric-game-rule-api-v1, fabric-gametest-api-v1]
[12:31:26] [Render thread/DEBUG] (net.fabricmc.fabric.impl.resource.loader.ModResourcePackUtil) [Fabric] cur @ fabric, auto-enabled fabric-item-api-v1, currently enabled: [vanilla, fabric, delta, fabric-api, fabric-api-base, fabric-api-lookup-api-v1, fabric-biome-api-v1, fabric-block-api-v1, fabric-block-view-api-v2, fabric-blockrenderlayer-v1, fabric-client-gametest-api-v1, fabric-client-tags-api-v1, fabric-command-api-v1, fabric-command-api-v2, fabric-commands-v0, fabric-content-registries-v0, fabric-convention-tags-v1, fabric-convention-tags-v2, fabric-crash-report-info-v1, fabric-data-attachment-api-v1, fabric-data-generation-api-v1, fabric-dimensions-v1, fabric-entity-events-v1, fabric-events-interaction-v0, fabric-game-rule-api-v1, fabric-gametest-api-v1, fabric-item-api-v1]
[12:31:26] [Render thread/DEBUG] (net.fabricmc.fabric.impl.resource.loader.ModResourcePackUtil) [Fabric] cur @ fabric, auto-enabled fabric-item-group-api-v1, currently enabled: [vanilla, fabric, delta, fabric-api, fabric-api-base, fabric-api-lookup-api-v1, fabric-biome-api-v1, fabric-block-api-v1, fabric-block-view-api-v2, fabric-blockrenderlayer-v1, fabric-client-gametest-api-v1, fabric-client-tags-api-v1, fabric-command-api-v1, fabric-command-api-v2, fabric-commands-v0, fabric-content-registries-v0, fabric-convention-tags-v1, fabric-convention-tags-v2, fabric-crash-report-info-v1, fabric-data-attachment-api-v1, fabric-data-generation-api-v1, fabric-dimensions-v1, fabric-entity-events-v1, fabric-events-interaction-v0, fabric-game-rule-api-v1, fabric-gametest-api-v1, fabric-item-api-v1, fabric-item-group-api-v1]
[12:31:26] [Render thread/DEBUG] (net.fabricmc.fabric.impl.resource.loader.ModResourcePackUtil) [Fabric] cur @ fabric, auto-enabled fabric-key-binding-api-v1, currently enabled: [vanilla, fabric, delta, fabric-api, fabric-api-base, fabric-api-lookup-api-v1, fabric-biome-api-v1, fabric-block-api-v1, fabric-block-view-api-v2, fabric-blockrenderlayer-v1, fabric-client-gametest-api-v1, fabric-client-tags-api-v1, fabric-command-api-v1, fabric-command-api-v2, fabric-commands-v0, fabric-content-registries-v0, fabric-convention-tags-v1, fabric-convention-tags-v2, fabric-crash-report-info-v1, fabric-data-attachment-api-v1, fabric-data-generation-api-v1, fabric-dimensions-v1, fabric-entity-events-v1, fabric-events-interaction-v0, fabric-game-rule-api-v1, fabric-gametest-api-v1, fabric-item-api-v1, fabric-item-group-api-v1, fabric-key-binding-api-v1]
[12:31:26] [Render thread/DEBUG] (net.fabricmc.fabric.impl.resource.loader.ModResourcePackUtil) [Fabric] cur @ fabric, auto-enabled fabric-keybindings-v0, currently enabled: [vanilla, fabric, delta, fabric-api, fabric-api-base, fabric-api-lookup-api-v1, fabric-biome-api-v1, fabric-block-api-v1, fabric-block-view-api-v2, fabric-blockrenderlayer-v1, fabric-client-gametest-api-v1, fabric-client-tags-api-v1, fabric-command-api-v1, fabric-command-api-v2, fabric-commands-v0, fabric-content-registries-v0, fabric-convention-tags-v1, fabric-convention-tags-v2, fabric-crash-report-info-v1, fabric-data-attachment-api-v1, fabric-data-generation-api-v1, fabric-dimensions-v1, fabric-entity-events-v1, fabric-events-interaction-v0, fabric-game-rule-api-v1, fabric-gametest-api-v1, fabric-item-api-v1, fabric-item-group-api-v1, fabric-key-binding-api-v1, fabric-keybindings-v0]
[12:31:26] [Render thread/DEBUG] (net.fabricmc.fabric.impl.resource.loader.ModResourcePackUtil) [Fabric] cur @ fabric, auto-enabled fabric-lifecycle-events-v1, currently enabled: [vanilla, fabric, delta, fabric-api, fabric-api-base, fabric-api-lookup-api-v1, fabric-biome-api-v1, fabric-block-api-v1, fabric-block-view-api-v2, fabric-blockrenderlayer-v1, fabric-client-gametest-api-v1, fabric-client-tags-api-v1, fabric-command-api-v1, fabric-command-api-v2, fabric-commands-v0, fabric-content-registries-v0, fabric-convention-tags-v1, fabric-convention-tags-v2, fabric-crash-report-info-v1, fabric-data-attachment-api-v1, fabric-data-generation-api-v1, fabric-dimensions-v1, fabric-entity-events-v1, fabric-events-interaction-v0, fabric-game-rule-api-v1, fabric-gametest-api-v1, fabric-item-api-v1, fabric-item-group-api-v1, fabric-key-binding-api-v1, fabric-keybindings-v0, fabric-lifecycle-events-v1]
[12:31:26] [Render thread/DEBUG] (net.fabricmc.fabric.impl.resource.loader.ModResourcePackUtil) [Fabric] cur @ fabric, auto-enabled fabric-loot-api-v2, currently enabled: [vanilla, fabric, delta, fabric-api, fabric-api-base, fabric-api-lookup-api-v1, fabric-biome-api-v1, fabric-block-api-v1, fabric-block-view-api-v2, fabric-blockrenderlayer-v1, fabric-client-gametest-api-v1, fabric-client-tags-api-v1, fabric-command-api-v1, fabric-command-api-v2, fabric-commands-v0, fabric-content-registries-v0, fabric-convention-tags-v1, fabric-convention-tags-v2, fabric-crash-report-info-v1, fabric-data-attachment-api-v1, fabric-data-generation-api-v1, fabric-dimensions-v1, fabric-entity-events-v1, fabric-events-interaction-v0, fabric-game-rule-api-v1, fabric-gametest-api-v1, fabric-item-api-v1, fabric-item-group-api-v1, fabric-key-binding-api-v1, fabric-keybindings-v0, fabric-lifecycle-events-v1, fabric-loot-api-v2]
[12:31:26] [Render thread/DEBUG] (net.fabricmc.fabric.impl.resource.loader.ModResourcePackUtil) [Fabric] cur @ fabric, auto-enabled fabric-loot-api-v3, currently enabled: [vanilla, fabric, delta, fabric-api, fabric-api-base, fabric-api-lookup-api-v1, fabric-biome-api-v1, fabric-block-api-v1, fabric-block-view-api-v2, fabric-blockrenderlayer-v1, fabric-client-gametest-api-v1, fabric-client-tags-api-v1, fabric-command-api-v1, fabric-command-api-v2, fabric-commands-v0, fabric-content-registries-v0, fabric-convention-tags-v1, fabric-convention-tags-v2, fabric-crash-report-info-v1, fabric-data-attachment-api-v1, fabric-data-generation-api-v1, fabric-dimensions-v1, fabric-entity-events-v1, fabric-events-interaction-v0, fabric-game-rule-api-v1, fabric-gametest-api-v1, fabric-item-api-v1, fabric-item-group-api-v1, fabric-key-binding-api-v1, fabric-keybindings-v0, fabric-lifecycle-events-v1, fabric-loot-api-v2, fabric-loot-api-v3]
[12:31:26] [Render thread/DEBUG] (net.fabricmc.fabric.impl.resource.loader.ModResourcePackUtil) [Fabric] cur @ fabric, auto-enabled fabric-message-api-v1, currently enabled: [vanilla, fabric, delta, fabric-api, fabric-api-base, fabric-api-lookup-api-v1, fabric-biome-api-v1, fabric-block-api-v1, fabric-block-view-api-v2, fabric-blockrenderlayer-v1, fabric-client-gametest-api-v1, fabric-client-tags-api-v1, fabric-command-api-v1, fabric-command-api-v2, fabric-commands-v0, fabric-content-registries-v0, fabric-convention-tags-v1, fabric-convention-tags-v2, fabric-crash-report-info-v1, fabric-data-attachment-api-v1, fabric-data-generation-api-v1, fabric-dimensions-v1, fabric-entity-events-v1, fabric-events-interaction-v0, fabric-game-rule-api-v1, fabric-gametest-api-v1, fabric-item-api-v1, fabric-item-group-api-v1, fabric-key-binding-api-v1, fabric-keybindings-v0, fabric-lifecycle-events-v1, fabric-loot-api-v2, fabric-loot-api-v3, fabric-message-api-v1]
[12:31:26] [Render thread/DEBUG] (net.fabricmc.fabric.impl.resource.loader.ModResourcePackUtil) [Fabric] cur @ fabric, auto-enabled fabric-model-loading-api-v1, currently enabled: [vanilla, fabric, delta, fabric-api, fabric-api-base, fabric-api-lookup-api-v1, fabric-biome-api-v1, fabric-block-api-v1, fabric-block-view-api-v2, fabric-blockrenderlayer-v1, fabric-client-gametest-api-v1, fabric-client-tags-api-v1, fabric-command-api-v1, fabric-command-api-v2, fabric-commands-v0, fabric-content-registries-v0, fabric-convention-tags-v1, fabric-convention-tags-v2, fabric-crash-report-info-v1, fabric-data-attachment-api-v1, fabric-data-generation-api-v1, fabric-dimensions-v1, fabric-entity-events-v1, fabric-events-interaction-v0, fabric-game-rule-api-v1, fabric-gametest-api-v1, fabric-item-api-v1, fabric-item-group-api-v1, fabric-key-binding-api-v1, fabric-keybindings-v0, fabric-lifecycle-events-v1, fabric-loot-api-v2, fabric-loot-api-v3, fabric-message-api-v1, fabric-model-loading-api-v1]
[12:31:26] [Render thread/DEBUG] (net.fabricmc.fabric.impl.resource.loader.ModResourcePackUtil) [Fabric] cur @ fabric, auto-enabled fabric-networking-api-v1, currently enabled: [vanilla, fabric, delta, fabric-api, fabric-api-base, fabric-api-lookup-api-v1, fabric-biome-api-v1, fabric-block-api-v1, fabric-block-view-api-v2, fabric-blockrenderlayer-v1, fabric-client-gametest-api-v1, fabric-client-tags-api-v1, fabric-command-api-v1, fabric-command-api-v2, fabric-commands-v0, fabric-content-registries-v0, fabric-convention-tags-v1, fabric-convention-tags-v2, fabric-crash-report-info-v1, fabric-data-attachment-api-v1, fabric-data-generation-api-v1, fabric-dimensions-v1, fabric-entity-events-v1, fabric-events-interaction-v0, fabric-game-rule-api-v1, fabric-gametest-api-v1, fabric-item-api-v1, fabric-item-group-api-v1, fabric-key-binding-api-v1, fabric-keybindings-v0, fabric-lifecycle-events-v1, fabric-loot-api-v2, fabric-loot-api-v3, fabric-message-api-v1, fabric-model-loading-api-v1, fabric-networking-api-v1]
[12:31:26] [Render thread/DEBUG] (net.fabricmc.fabric.impl.resource.loader.ModResourcePackUtil) [Fabric] cur @ fabric, auto-enabled fabric-object-builder-api-v1, currently enabled: [vanilla, fabric, delta, fabric-api, fabric-api-base, fabric-api-lookup-api-v1, fabric-biome-api-v1, fabric-block-api-v1, fabric-block-view-api-v2, fabric-blockrenderlayer-v1, fabric-client-gametest-api-v1, fabric-client-tags-api-v1, fabric-command-api-v1, fabric-command-api-v2, fabric-commands-v0, fabric-content-registries-v0, fabric-convention-tags-v1, fabric-convention-tags-v2, fabric-crash-report-info-v1, fabric-data-attachment-api-v1, fabric-data-generation-api-v1, fabric-dimensions-v1, fabric-entity-events-v1, fabric-events-interaction-v0, fabric-game-rule-api-v1, fabric-gametest-api-v1, fabric-item-api-v1, fabric-item-group-api-v1, fabric-key-binding-api-v1, fabric-keybindings-v0, fabric-lifecycle-events-v1, fabric-loot-api-v2, fabric-loot-api-v3, fabric-message-api-v1, fabric-model-loading-api-v1, fabric-networking-api-v1, fabric-object-builder-api-v1]
[12:31:26] [Render thread/DEBUG] (net.fabricmc.fabric.impl.resource.loader.ModResourcePackUtil) [Fabric] cur @ fabric, auto-enabled fabric-particles-v1, currently enabled: [vanilla, fabric, delta, fabric-api, fabric-api-base, fabric-api-lookup-api-v1, fabric-biome-api-v1, fabric-block-api-v1, fabric-block-view-api-v2, fabric-blockrenderlayer-v1, fabric-client-gametest-api-v1, fabric-client-tags-api-v1, fabric-command-api-v1, fabric-command-api-v2, fabric-commands-v0, fabric-content-registries-v0, fabric-convention-tags-v1, fabric-convention-tags-v2, fabric-crash-report-info-v1, fabric-data-attachment-api-v1, fabric-data-generation-api-v1, fabric-dimensions-v1, fabric-entity-events-v1, fabric-events-interaction-v0, fabric-game-rule-api-v1, fabric-gametest-api-v1, fabric-item-api-v1, fabric-item-group-api-v1, fabric-key-binding-api-v1, fabric-keybindings-v0, fabric-lifecycle-events-v1, fabric-loot-api-v2, fabric-loot-api-v3, fabric-message-api-v1, fabric-model-loading-api-v1, fabric-networking-api-v1, fabric-object-builder-api-v1, fabric-particles-v1]
[12:31:26] [Render thread/DEBUG] (net.fabricmc.fabric.impl.resource.loader.ModResourcePackUtil) [Fabric] cur @ fabric, auto-enabled fabric-recipe-api-v1, currently enabled: [vanilla, fabric, delta, fabric-api, fabric-api-base, fabric-api-lookup-api-v1, fabric-biome-api-v1, fabric-block-api-v1, fabric-block-view-api-v2, fabric-blockrenderlayer-v1, fabric-client-gametest-api-v1, fabric-client-tags-api-v1, fabric-command-api-v1, fabric-command-api-v2, fabric-commands-v0, fabric-content-registries-v0, fabric-convention-tags-v1, fabric-convention-tags-v2, fabric-crash-report-info-v1, fabric-data-attachment-api-v1, fabric-data-generation-api-v1, fabric-dimensions-v1, fabric-entity-events-v1, fabric-events-interaction-v0, fabric-game-rule-api-v1, fabric-gametest-api-v1, fabric-item-api-v1, fabric-item-group-api-v1, fabric-key-binding-api-v1, fabric-keybindings-v0, fabric-lifecycle-events-v1, fabric-loot-api-v2, fabric-loot-api-v3, fabric-message-api-v1, fabric-model-loading-api-v1, fabric-networking-api-v1, fabric-object-builder-api-v1, fabric-particles-v1, fabric-recipe-api-v1]
[12:31:26] [Render thread/DEBUG] (net.fabricmc.fabric.impl.resource.loader.ModResourcePackUtil) [Fabric] cur @ fabric, auto-enabled fabric-registry-sync-v0, currently enabled: [vanilla, fabric, delta, fabric-api, fabric-api-base, fabric-api-lookup-api-v1, fabric-biome-api-v1, fabric-block-api-v1, fabric-block-view-api-v2, fabric-blockrenderlayer-v1, fabric-client-gametest-api-v1, fabric-client-tags-api-v1, fabric-command-api-v1, fabric-command-api-v2, fabric-commands-v0, fabric-content-registries-v0, fabric-convention-tags-v1, fabric-convention-tags-v2, fabric-crash-report-info-v1, fabric-data-attachment-api-v1, fabric-data-generation-api-v1, fabric-dimensions-v1, fabric-entity-events-v1, fabric-events-interaction-v0, fabric-game-rule-api-v1, fabric-gametest-api-v1, fabric-item-api-v1, fabric-item-group-api-v1, fabric-key-binding-api-v1, fabric-keybindings-v0, fabric-lifecycle-events-v1, fabric-loot-api-v2, fabric-loot-api-v3, fabric-message-api-v1, fabric-model-loading-api-v1, fabric-networking-api-v1, fabric-object-builder-api-v1, fabric-particles-v1, fabric-recipe-api-v1, fabric-registry-sync-v0]
[12:31:26] [Render thread/DEBUG] (net.fabricmc.fabric.impl.resource.loader.ModResourcePackUtil) [Fabric] cur @ fabric, auto-enabled fabric-renderer-api-v1, currently enabled: [vanilla, fabric, delta, fabric-api, fabric-api-base, fabric-api-lookup-api-v1, fabric-biome-api-v1, fabric-block-api-v1, fabric-block-view-api-v2, fabric-blockrenderlayer-v1, fabric-client-gametest-api-v1, fabric-client-tags-api-v1, fabric-command-api-v1, fabric-command-api-v2, fabric-commands-v0, fabric-content-registries-v0, fabric-convention-tags-v1, fabric-convention-tags-v2, fabric-crash-report-info-v1, fabric-data-attachment-api-v1, fabric-data-generation-api-v1, fabric-dimensions-v1, fabric-entity-events-v1, fabric-events-interaction-v0, fabric-game-rule-api-v1, fabric-gametest-api-v1, fabric-item-api-v1, fabric-item-group-api-v1, fabric-key-binding-api-v1, fabric-keybindings-v0, fabric-lifecycle-events-v1, fabric-loot-api-v2, fabric-loot-api-v3, fabric-message-api-v1, fabric-model-loading-api-v1, fabric-networking-api-v1, fabric-object-builder-api-v1, fabric-particles-v1, fabric-recipe-api-v1, fabric-registry-sync-v0, fabric-renderer-api-v1]
[12:31:26] [Render thread/DEBUG] (net.fabricmc.fabric.impl.resource.loader.ModResourcePackUtil) [Fabric] cur @ fabric, auto-enabled fabric-renderer-indigo, currently enabled: [vanilla, fabric, delta, fabric-api, fabric-api-base, fabric-api-lookup-api-v1, fabric-biome-api-v1, fabric-block-api-v1, fabric-block-view-api-v2, fabric-blockrenderlayer-v1, fabric-client-gametest-api-v1, fabric-client-tags-api-v1, fabric-command-api-v1, fabric-command-api-v2, fabric-commands-v0, fabric-content-registries-v0, fabric-convention-tags-v1, fabric-convention-tags-v2, fabric-crash-report-info-v1, fabric-data-attachment-api-v1, fabric-data-generation-api-v1, fabric-dimensions-v1, fabric-entity-events-v1, fabric-events-interaction-v0, fabric-game-rule-api-v1, fabric-gametest-api-v1, fabric-item-api-v1, fabric-item-group-api-v1, fabric-key-binding-api-v1, fabric-keybindings-v0, fabric-lifecycle-events-v1, fabric-loot-api-v2, fabric-loot-api-v3, fabric-message-api-v1, fabric-model-loading-api-v1, fabric-networking-api-v1, fabric-object-builder-api-v1, fabric-particles-v1, fabric-recipe-api-v1, fabric-registry-sync-v0, fabric-renderer-api-v1, fabric-renderer-indigo]
[12:31:26] [Render thread/DEBUG] (net.fabricmc.fabric.impl.resource.loader.ModResourcePackUtil) [Fabric] cur @ fabric, auto-enabled fabric-rendering-data-attachment-v1, currently enabled: [vanilla, fabric, delta, fabric-api, fabric-api-base, fabric-api-lookup-api-v1, fabric-biome-api-v1, fabric-block-api-v1, fabric-block-view-api-v2, fabric-blockrenderlayer-v1, fabric-client-gametest-api-v1, fabric-client-tags-api-v1, fabric-command-api-v1, fabric-command-api-v2, fabric-commands-v0, fabric-content-registries-v0, fabric-convention-tags-v1, fabric-convention-tags-v2, fabric-crash-report-info-v1, fabric-data-attachment-api-v1, fabric-data-generation-api-v1, fabric-dimensions-v1, fabric-entity-events-v1, fabric-events-interaction-v0, fabric-game-rule-api-v1, fabric-gametest-api-v1, fabric-item-api-v1, fabric-item-group-api-v1, fabric-key-binding-api-v1, fabric-keybindings-v0, fabric-lifecycle-events-v1, fabric-loot-api-v2, fabric-loot-api-v3, fabric-message-api-v1, fabric-model-loading-api-v1, fabric-networking-api-v1, fabric-object-builder-api-v1, fabric-particles-v1, fabric-recipe-api-v1, fabric-registry-sync-v0, fabric-renderer-api-v1, fabric-renderer-indigo, fabric-rendering-data-attachment-v1]
[12:31:26] [Render thread/DEBUG] (net.fabricmc.fabric.impl.resource.loader.ModResourcePackUtil) [Fabric] cur @ fabric, auto-enabled fabric-rendering-fluids-v1, currently enabled: [vanilla, fabric, delta, fabric-api, fabric-api-base, fabric-api-lookup-api-v1, fabric-biome-api-v1, fabric-block-api-v1, fabric-block-view-api-v2, fabric-blockrenderlayer-v1, fabric-client-gametest-api-v1, fabric-client-tags-api-v1, fabric-command-api-v1, fabric-command-api-v2, fabric-commands-v0, fabric-content-registries-v0, fabric-convention-tags-v1, fabric-convention-tags-v2, fabric-crash-report-info-v1, fabric-data-attachment-api-v1, fabric-data-generation-api-v1, fabric-dimensions-v1, fabric-entity-events-v1, fabric-events-interaction-v0, fabric-game-rule-api-v1, fabric-gametest-api-v1, fabric-item-api-v1, fabric-item-group-api-v1, fabric-key-binding-api-v1, fabric-keybindings-v0, fabric-lifecycle-events-v1, fabric-loot-api-v2, fabric-loot-api-v3, fabric-message-api-v1, fabric-model-loading-api-v1, fabric-networking-api-v1, fabric-object-builder-api-v1, fabric-particles-v1, fabric-recipe-api-v1, fabric-registry-sync-v0, fabric-renderer-api-v1, fabric-renderer-indigo, fabric-rendering-data-attachment-v1, fabric-rendering-fluids-v1]
[12:31:26] [Render thread/DEBUG] (net.fabricmc.fabric.impl.resource.loader.ModResourcePackUtil) [Fabric] cur @ fabric, auto-enabled fabric-rendering-v1, currently enabled: [vanilla, fabric, delta, fabric-api, fabric-api-base, fabric-api-lookup-api-v1, fabric-biome-api-v1, fabric-block-api-v1, fabric-block-view-api-v2, fabric-blockrenderlayer-v1, fabric-client-gametest-api-v1, fabric-client-tags-api-v1, fabric-command-api-v1, fabric-command-api-v2, fabric-commands-v0, fabric-content-registries-v0, fabric-convention-tags-v1, fabric-convention-tags-v2, fabric-crash-report-info-v1, fabric-data-attachment-api-v1, fabric-data-generation-api-v1, fabric-dimensions-v1, fabric-entity-events-v1, fabric-events-interaction-v0, fabric-game-rule-api-v1, fabric-gametest-api-v1, fabric-item-api-v1, fabric-item-group-api-v1, fabric-key-binding-api-v1, fabric-keybindings-v0, fabric-lifecycle-events-v1, fabric-loot-api-v2, fabric-loot-api-v3, fabric-message-api-v1, fabric-model-loading-api-v1, fabric-networking-api-v1, fabric-object-builder-api-v1, fabric-particles-v1, fabric-recipe-api-v1, fabric-registry-sync-v0, fabric-renderer-api-v1, fabric-renderer-indigo, fabric-rendering-data-attachment-v1, fabric-rendering-fluids-v1, fabric-rendering-v1]
[12:31:26] [Render thread/DEBUG] (net.fabricmc.fabric.impl.resource.loader.ModResourcePackUtil) [Fabric] cur @ fabric, auto-enabled fabric-resource-conditions-api-v1, currently enabled: [vanilla, fabric, delta, fabric-api, fabric-api-base, fabric-api-lookup-api-v1, fabric-biome-api-v1, fabric-block-api-v1, fabric-block-view-api-v2, fabric-blockrenderlayer-v1, fabric-client-gametest-api-v1, fabric-client-tags-api-v1, fabric-command-api-v1, fabric-command-api-v2, fabric-commands-v0, fabric-content-registries-v0, fabric-convention-tags-v1, fabric-convention-tags-v2, fabric-crash-report-info-v1, fabric-data-attachment-api-v1, fabric-data-generation-api-v1, fabric-dimensions-v1, fabric-entity-events-v1, fabric-events-interaction-v0, fabric-game-rule-api-v1, fabric-gametest-api-v1, fabric-item-api-v1, fabric-item-group-api-v1, fabric-key-binding-api-v1, fabric-keybindings-v0, fabric-lifecycle-events-v1, fabric-loot-api-v2, fabric-loot-api-v3, fabric-message-api-v1, fabric-model-loading-api-v1, fabric-networking-api-v1, fabric-object-builder-api-v1, fabric-particles-v1, fabric-recipe-api-v1, fabric-registry-sync-v0, fabric-renderer-api-v1, fabric-renderer-indigo, fabric-rendering-data-attachment-v1, fabric-rendering-fluids-v1, fabric-rendering-v1, fabric-resource-conditions-api-v1]
[12:31:26] [Render thread/DEBUG] (net.fabricmc.fabric.impl.resource.loader.ModResourcePackUtil) [Fabric] cur @ fabric, auto-enabled fabric-resource-loader-v0, currently enabled: [vanilla, fabric, delta, fabric-api, fabric-api-base, fabric-api-lookup-api-v1, fabric-biome-api-v1, fabric-block-api-v1, fabric-block-view-api-v2, fabric-blockrenderlayer-v1, fabric-client-gametest-api-v1, fabric-client-tags-api-v1, fabric-command-api-v1, fabric-command-api-v2, fabric-commands-v0, fabric-content-registries-v0, fabric-convention-tags-v1, fabric-convention-tags-v2, fabric-crash-report-info-v1, fabric-data-attachment-api-v1, fabric-data-generation-api-v1, fabric-dimensions-v1, fabric-entity-events-v1, fabric-events-interaction-v0, fabric-game-rule-api-v1, fabric-gametest-api-v1, fabric-item-api-v1, fabric-item-group-api-v1, fabric-key-binding-api-v1, fabric-keybindings-v0, fabric-lifecycle-events-v1, fabric-loot-api-v2, fabric-loot-api-v3, fabric-message-api-v1, fabric-model-loading-api-v1, fabric-networking-api-v1, fabric-object-builder-api-v1, fabric-particles-v1, fabric-recipe-api-v1, fabric-registry-sync-v0, fabric-renderer-api-v1, fabric-renderer-indigo, fabric-rendering-data-attachment-v1, fabric-rendering-fluids-v1, fabric-rendering-v1, fabric-resource-conditions-api-v1, fabric-resource-loader-v0]
[12:31:26] [Render thread/DEBUG] (net.fabricmc.fabric.impl.resource.loader.ModResourcePackUtil) [Fabric] cur @ fabric, auto-enabled fabric-screen-api-v1, currently enabled: [vanilla, fabric, delta, fabric-api, fabric-api-base, fabric-api-lookup-api-v1, fabric-biome-api-v1, fabric-block-api-v1, fabric-block-view-api-v2, fabric-blockrenderlayer-v1, fabric-client-gametest-api-v1, fabric-client-tags-api-v1, fabric-command-api-v1, fabric-command-api-v2, fabric-commands-v0, fabric-content-registries-v0, fabric-convention-tags-v1, fabric-convention-tags-v2, fabric-crash-report-info-v1, fabric-data-attachment-api-v1, fabric-data-generation-api-v1, fabric-dimensions-v1, fabric-entity-events-v1, fabric-events-interaction-v0, fabric-game-rule-api-v1, fabric-gametest-api-v1, fabric-item-api-v1, fabric-item-group-api-v1, fabric-key-binding-api-v1, fabric-keybindings-v0, fabric-lifecycle-events-v1, fabric-loot-api-v2, fabric-loot-api-v3, fabric-message-api-v1, fabric-model-loading-api-v1, fabric-networking-api-v1, fabric-object-builder-api-v1, fabric-particles-v1, fabric-recipe-api-v1, fabric-registry-sync-v0, fabric-renderer-api-v1, fabric-renderer-indigo, fabric-rendering-data-attachment-v1, fabric-rendering-fluids-v1, fabric-rendering-v1, fabric-resource-conditions-api-v1, fabric-resource-loader-v0, fabric-screen-api-v1]
[12:31:26] [Render thread/DEBUG] (net.fabricmc.fabric.impl.resource.loader.ModResourcePackUtil) [Fabric] cur @ fabric, auto-enabled fabric-screen-handler-api-v1, currently enabled: [vanilla, fabric, delta, fabric-api, fabric-api-base, fabric-api-lookup-api-v1, fabric-biome-api-v1, fabric-block-api-v1, fabric-block-view-api-v2, fabric-blockrenderlayer-v1, fabric-client-gametest-api-v1, fabric-client-tags-api-v1, fabric-command-api-v1, fabric-command-api-v2, fabric-commands-v0, fabric-content-registries-v0, fabric-convention-tags-v1, fabric-convention-tags-v2, fabric-crash-report-info-v1, fabric-data-attachment-api-v1, fabric-data-generation-api-v1, fabric-dimensions-v1, fabric-entity-events-v1, fabric-events-interaction-v0, fabric-game-rule-api-v1, fabric-gametest-api-v1, fabric-item-api-v1, fabric-item-group-api-v1, fabric-key-binding-api-v1, fabric-keybindings-v0, fabric-lifecycle-events-v1, fabric-loot-api-v2, fabric-loot-api-v3, fabric-message-api-v1, fabric-model-loading-api-v1, fabric-networking-api-v1, fabric-object-builder-api-v1, fabric-particles-v1, fabric-recipe-api-v1, fabric-registry-sync-v0, fabric-renderer-api-v1, fabric-renderer-indigo, fabric-rendering-data-attachment-v1, fabric-rendering-fluids-v1, fabric-rendering-v1, fabric-resource-conditions-api-v1, fabric-resource-loader-v0, fabric-screen-api-v1, fabric-screen-handler-api-v1]
[12:31:26] [Render thread/DEBUG] (net.fabricmc.fabric.impl.resource.loader.ModResourcePackUtil) [Fabric] cur @ fabric, auto-enabled fabric-sound-api-v1, currently enabled: [vanilla, fabric, delta, fabric-api, fabric-api-base, fabric-api-lookup-api-v1, fabric-biome-api-v1, fabric-block-api-v1, fabric-block-view-api-v2, fabric-blockrenderlayer-v1, fabric-client-gametest-api-v1, fabric-client-tags-api-v1, fabric-command-api-v1, fabric-command-api-v2, fabric-commands-v0, fabric-content-registries-v0, fabric-convention-tags-v1, fabric-convention-tags-v2, fabric-crash-report-info-v1, fabric-data-attachment-api-v1, fabric-data-generation-api-v1, fabric-dimensions-v1, fabric-entity-events-v1, fabric-events-interaction-v0, fabric-game-rule-api-v1, fabric-gametest-api-v1, fabric-item-api-v1, fabric-item-group-api-v1, fabric-key-binding-api-v1, fabric-keybindings-v0, fabric-lifecycle-events-v1, fabric-loot-api-v2, fabric-loot-api-v3, fabric-message-api-v1, fabric-model-loading-api-v1, fabric-networking-api-v1, fabric-object-builder-api-v1, fabric-particles-v1, fabric-recipe-api-v1, fabric-registry-sync-v0, fabric-renderer-api-v1, fabric-renderer-indigo, fabric-rendering-data-attachment-v1, fabric-rendering-fluids-v1, fabric-rendering-v1, fabric-resource-conditions-api-v1, fabric-resource-loader-v0, fabric-screen-api-v1, fabric-screen-handler-api-v1, fabric-sound-api-v1]
[12:31:26] [Render thread/DEBUG] (net.fabricmc.fabric.impl.resource.loader.ModResourcePackUtil) [Fabric] cur @ fabric, auto-enabled fabric-tag-api-v1, currently enabled: [vanilla, fabric, delta, fabric-api, fabric-api-base, fabric-api-lookup-api-v1, fabric-biome-api-v1, fabric-block-api-v1, fabric-block-view-api-v2, fabric-blockrenderlayer-v1, fabric-client-gametest-api-v1, fabric-client-tags-api-v1, fabric-command-api-v1, fabric-command-api-v2, fabric-commands-v0, fabric-content-registries-v0, fabric-convention-tags-v1, fabric-convention-tags-v2, fabric-crash-report-info-v1, fabric-data-attachment-api-v1, fabric-data-generation-api-v1, fabric-dimensions-v1, fabric-entity-events-v1, fabric-events-interaction-v0, fabric-game-rule-api-v1, fabric-gametest-api-v1, fabric-item-api-v1, fabric-item-group-api-v1, fabric-key-binding-api-v1, fabric-keybindings-v0, fabric-lifecycle-events-v1, fabric-loot-api-v2, fabric-loot-api-v3, fabric-message-api-v1, fabric-model-loading-api-v1, fabric-networking-api-v1, fabric-object-builder-api-v1, fabric-particles-v1, fabric-recipe-api-v1, fabric-registry-sync-v0, fabric-renderer-api-v1, fabric-renderer-indigo, fabric-rendering-data-attachment-v1, fabric-rendering-fluids-v1, fabric-rendering-v1, fabric-resource-conditions-api-v1, fabric-resource-loader-v0, fabric-screen-api-v1, fabric-screen-handler-api-v1, fabric-sound-api-v1, fabric-tag-api-v1]
[12:31:26] [Render thread/DEBUG] (net.fabricmc.fabric.impl.resource.loader.ModResourcePackUtil) [Fabric] cur @ fabric, auto-enabled fabric-transfer-api-v1, currently enabled: [vanilla, fabric, delta, fabric-api, fabric-api-base, fabric-api-lookup-api-v1, fabric-biome-api-v1, fabric-block-api-v1, fabric-block-view-api-v2, fabric-blockrenderlayer-v1, fabric-client-gametest-api-v1, fabric-client-tags-api-v1, fabric-command-api-v1, fabric-command-api-v2, fabric-commands-v0, fabric-content-registries-v0, fabric-convention-tags-v1, fabric-convention-tags-v2, fabric-crash-report-info-v1, fabric-data-attachment-api-v1, fabric-data-generation-api-v1, fabric-dimensions-v1, fabric-entity-events-v1, fabric-events-interaction-v0, fabric-game-rule-api-v1, fabric-gametest-api-v1, fabric-item-api-v1, fabric-item-group-api-v1, fabric-key-binding-api-v1, fabric-keybindings-v0, fabric-lifecycle-events-v1, fabric-loot-api-v2, fabric-loot-api-v3, fabric-message-api-v1, fabric-model-loading-api-v1, fabric-networking-api-v1, fabric-object-builder-api-v1, fabric-particles-v1, fabric-recipe-api-v1, fabric-registry-sync-v0, fabric-renderer-api-v1, fabric-renderer-indigo, fabric-rendering-data-attachment-v1, fabric-rendering-fluids-v1, fabric-rendering-v1, fabric-resource-conditions-api-v1, fabric-resource-loader-v0, fabric-screen-api-v1, fabric-screen-handler-api-v1, fabric-sound-api-v1, fabric-tag-api-v1, fabric-transfer-api-v1]
[12:31:26] [Render thread/DEBUG] (net.fabricmc.fabric.impl.resource.loader.ModResourcePackUtil) [Fabric] cur @ fabric, auto-enabled fabric-transitive-access-wideners-v1, currently enabled: [vanilla, fabric, delta, fabric-api, fabric-api-base, fabric-api-lookup-api-v1, fabric-biome-api-v1, fabric-block-api-v1, fabric-block-view-api-v2, fabric-blockrenderlayer-v1, fabric-client-gametest-api-v1, fabric-client-tags-api-v1, fabric-command-api-v1, fabric-command-api-v2, fabric-commands-v0, fabric-content-registries-v0, fabric-convention-tags-v1, fabric-convention-tags-v2, fabric-crash-report-info-v1, fabric-data-attachment-api-v1, fabric-data-generation-api-v1, fabric-dimensions-v1, fabric-entity-events-v1, fabric-events-interaction-v0, fabric-game-rule-api-v1, fabric-gametest-api-v1, fabric-item-api-v1, fabric-item-group-api-v1, fabric-key-binding-api-v1, fabric-keybindings-v0, fabric-lifecycle-events-v1, fabric-loot-api-v2, fabric-loot-api-v3, fabric-message-api-v1, fabric-model-loading-api-v1, fabric-networking-api-v1, fabric-object-builder-api-v1, fabric-particles-v1, fabric-recipe-api-v1, fabric-registry-sync-v0, fabric-renderer-api-v1, fabric-renderer-indigo, fabric-rendering-data-attachment-v1, fabric-rendering-fluids-v1, fabric-rendering-v1, fabric-resource-conditions-api-v1, fabric-resource-loader-v0, fabric-screen-api-v1, fabric-screen-handler-api-v1, fabric-sound-api-v1, fabric-tag-api-v1, fabric-transfer-api-v1, fabric-transitive-access-wideners-v1]
[12:31:26] [Render thread/DEBUG] (net.fabricmc.fabric.impl.resource.loader.ModResourcePackUtil) [Fabric] cur @ fabric, auto-enabled fabricloader, currently enabled: [vanilla, fabric, delta, fabric-api, fabric-api-base, fabric-api-lookup-api-v1, fabric-biome-api-v1, fabric-block-api-v1, fabric-block-view-api-v2, fabric-blockrenderlayer-v1, fabric-client-gametest-api-v1, fabric-client-tags-api-v1, fabric-command-api-v1, fabric-command-api-v2, fabric-commands-v0, fabric-content-registries-v0, fabric-convention-tags-v1, fabric-convention-tags-v2, fabric-crash-report-info-v1, fabric-data-attachment-api-v1, fabric-data-generation-api-v1, fabric-dimensions-v1, fabric-entity-events-v1, fabric-events-interaction-v0, fabric-game-rule-api-v1, fabric-gametest-api-v1, fabric-item-api-v1, fabric-item-group-api-v1, fabric-key-binding-api-v1, fabric-keybindings-v0, fabric-lifecycle-events-v1, fabric-loot-api-v2, fabric-loot-api-v3, fabric-message-api-v1, fabric-model-loading-api-v1, fabric-networking-api-v1, fabric-object-builder-api-v1, fabric-particles-v1, fabric-recipe-api-v1, fabric-registry-sync-v0, fabric-renderer-api-v1, fabric-renderer-indigo, fabric-rendering-data-attachment-v1, fabric-rendering-fluids-v1, fabric-rendering-v1, fabric-resource-conditions-api-v1, fabric-resource-loader-v0, fabric-screen-api-v1, fabric-screen-handler-api-v1, fabric-sound-api-v1, fabric-tag-api-v1, fabric-transfer-api-v1, fabric-transitive-access-wideners-v1, fabricloader]
[12:31:26] [Render thread/DEBUG] (net.fabricmc.fabric.impl.resource.loader.ModResourcePackUtil) [Fabric] Final sorting result: [vanilla, fabric, delta, fabric-api, fabric-api-base, fabric-api-lookup-api-v1, fabric-biome-api-v1, fabric-block-api-v1, fabric-block-view-api-v2, fabric-blockrenderlayer-v1, fabric-client-gametest-api-v1, fabric-client-tags-api-v1, fabric-command-api-v1, fabric-command-api-v2, fabric-commands-v0, fabric-content-registries-v0, fabric-convention-tags-v1, fabric-convention-tags-v2, fabric-crash-report-info-v1, fabric-data-attachment-api-v1, fabric-data-generation-api-v1, fabric-dimensions-v1, fabric-entity-events-v1, fabric-events-interaction-v0, fabric-game-rule-api-v1, fabric-gametest-api-v1, fabric-item-api-v1, fabric-item-group-api-v1, fabric-key-binding-api-v1, fabric-keybindings-v0, fabric-lifecycle-events-v1, fabric-loot-api-v2, fabric-loot-api-v3, fabric-message-api-v1, fabric-model-loading-api-v1, fabric-networking-api-v1, fabric-object-builder-api-v1, fabric-particles-v1, fabric-recipe-api-v1, fabric-registry-sync-v0, fabric-renderer-api-v1, fabric-renderer-indigo, fabric-rendering-data-attachment-v1, fabric-rendering-fluids-v1, fabric-rendering-v1, fabric-resource-conditions-api-v1, fabric-resource-loader-v0, fabric-screen-api-v1, fabric-screen-handler-api-v1, fabric-sound-api-v1, fabric-tag-api-v1, fabric-transfer-api-v1, fabric-transitive-access-wideners-v1, fabricloader]
[12:31:26] [Render thread/DEBUG] (net.fabricmc.fabric.impl.resource.loader.ModResourcePackUtil) [Fabric] Starting internal pack sorting with: [vanilla, fabric, delta, fabric-api, fabric-api-base, fabric-api-lookup-api-v1, fabric-biome-api-v1, fabric-block-api-v1, fabric-block-view-api-v2, fabric-blockrenderlayer-v1, fabric-client-gametest-api-v1, fabric-client-tags-api-v1, fabric-command-api-v1, fabric-command-api-v2, fabric-commands-v0, fabric-content-registries-v0, fabric-convention-tags-v1, fabric-convention-tags-v2, fabric-crash-report-info-v1, fabric-data-attachment-api-v1, fabric-data-generation-api-v1, fabric-dimensions-v1, fabric-entity-events-v1, fabric-events-interaction-v0, fabric-game-rule-api-v1, fabric-gametest-api-v1, fabric-item-api-v1, fabric-item-group-api-v1, fabric-item-group-api-v1_programmer_art, fabric-key-binding-api-v1, fabric-keybindings-v0, fabric-lifecycle-events-v1, fabric-loot-api-v2, fabric-loot-api-v3, fabric-message-api-v1, fabric-model-loading-api-v1, fabric-networking-api-v1, fabric-object-builder-api-v1, fabric-particles-v1, fabric-recipe-api-v1, fabric-registry-sync-v0, fabric-renderer-api-v1, fabric-renderer-indigo, fabric-rendering-data-attachment-v1, fabric-rendering-fluids-v1, fabric-rendering-v1, fabric-resource-conditions-api-v1, fabric-resource-loader-v0, fabric-screen-api-v1, fabric-screen-handler-api-v1, fabric-sound-api-v1, fabric-tag-api-v1, fabric-transfer-api-v1, fabric-transitive-access-wideners-v1, fabricloader]
[12:31:26] [Render thread/DEBUG] (net.fabricmc.fabric.impl.resource.loader.ModResourcePackUtil) [Fabric] Removed all internal packs, result: [vanilla, fabric]
[12:31:26] [Render thread/DEBUG] (net.fabricmc.fabric.impl.resource.loader.ModResourcePackUtil) [Fabric] cur @ fabric, auto-enabled delta, currently enabled: [vanilla, fabric, delta]
[12:31:26] [Render thread/DEBUG] (net.fabricmc.fabric.impl.resource.loader.ModResourcePackUtil) [Fabric] cur @ fabric, auto-enabled fabric-api, currently enabled: [vanilla, fabric, delta, fabric-api]
[12:31:26] [Render thread/DEBUG] (net.fabricmc.fabric.impl.resource.loader.ModResourcePackUtil) [Fabric] cur @ fabric, auto-enabled fabric-api-base, currently enabled: [vanilla, fabric, delta, fabric-api, fabric-api-base]
[12:31:26] [Render thread/DEBUG] (net.fabricmc.fabric.impl.resource.loader.ModResourcePackUtil) [Fabric] cur @ fabric, auto-enabled fabric-api-lookup-api-v1, currently enabled: [vanilla, fabric, delta, fabric-api, fabric-api-base, fabric-api-lookup-api-v1]
[12:31:26] [Render thread/DEBUG] (net.fabricmc.fabric.impl.resource.loader.ModResourcePackUtil) [Fabric] cur @ fabric, auto-enabled fabric-biome-api-v1, currently enabled: [vanilla, fabric, delta, fabric-api, fabric-api-base, fabric-api-lookup-api-v1, fabric-biome-api-v1]
[12:31:26] [Render thread/DEBUG] (net.fabricmc.fabric.impl.resource.loader.ModResourcePackUtil) [Fabric] cur @ fabric, auto-enabled fabric-block-api-v1, currently enabled: [vanilla, fabric, delta, fabric-api, fabric-api-base, fabric-api-lookup-api-v1, fabric-biome-api-v1, fabric-block-api-v1]
[12:31:26] [Render thread/DEBUG] (net.fabricmc.fabric.impl.resource.loader.ModResourcePackUtil) [Fabric] cur @ fabric, auto-enabled fabric-block-view-api-v2, currently enabled: [vanilla, fabric, delta, fabric-api, fabric-api-base, fabric-api-lookup-api-v1, fabric-biome-api-v1, fabric-block-api-v1, fabric-block-view-api-v2]
[12:31:26] [Render thread/DEBUG] (net.fabricmc.fabric.impl.resource.loader.ModResourcePackUtil) [Fabric] cur @ fabric, auto-enabled fabric-blockrenderlayer-v1, currently enabled: [vanilla, fabric, delta, fabric-api, fabric-api-base, fabric-api-lookup-api-v1, fabric-biome-api-v1, fabric-block-api-v1, fabric-block-view-api-v2, fabric-blockrenderlayer-v1]
[12:31:26] [Render thread/DEBUG] (net.fabricmc.fabric.impl.resource.loader.ModResourcePackUtil) [Fabric] cur @ fabric, auto-enabled fabric-client-gametest-api-v1, currently enabled: [vanilla, fabric, delta, fabric-api, fabric-api-base, fabric-api-lookup-api-v1, fabric-biome-api-v1, fabric-block-api-v1, fabric-block-view-api-v2, fabric-blockrenderlayer-v1, fabric-client-gametest-api-v1]
[12:31:26] [Render thread/DEBUG] (net.fabricmc.fabric.impl.resource.loader.ModResourcePackUtil) [Fabric] cur @ fabric, auto-enabled fabric-client-tags-api-v1, currently enabled: [vanilla, fabric, delta, fabric-api, fabric-api-base, fabric-api-lookup-api-v1, fabric-biome-api-v1, fabric-block-api-v1, fabric-block-view-api-v2, fabric-blockrenderlayer-v1, fabric-client-gametest-api-v1, fabric-client-tags-api-v1]
[12:31:26] [Render thread/DEBUG] (net.fabricmc.fabric.impl.resource.loader.ModResourcePackUtil) [Fabric] cur @ fabric, auto-enabled fabric-command-api-v1, currently enabled: [vanilla, fabric, delta, fabric-api, fabric-api-base, fabric-api-lookup-api-v1, fabric-biome-api-v1, fabric-block-api-v1, fabric-block-view-api-v2, fabric-blockrenderlayer-v1, fabric-client-gametest-api-v1, fabric-client-tags-api-v1, fabric-command-api-v1]
[12:31:26] [Render thread/DEBUG] (net.fabricmc.fabric.impl.resource.loader.ModResourcePackUtil) [Fabric] cur @ fabric, auto-enabled fabric-command-api-v2, currently enabled: [vanilla, fabric, delta, fabric-api, fabric-api-base, fabric-api-lookup-api-v1, fabric-biome-api-v1, fabric-block-api-v1, fabric-block-view-api-v2, fabric-blockrenderlayer-v1, fabric-client-gametest-api-v1, fabric-client-tags-api-v1, fabric-command-api-v1, fabric-command-api-v2]
[12:31:26] [Render thread/DEBUG] (net.fabricmc.fabric.impl.resource.loader.ModResourcePackUtil) [Fabric] cur @ fabric, auto-enabled fabric-commands-v0, currently enabled: [vanilla, fabric, delta, fabric-api, fabric-api-base, fabric-api-lookup-api-v1, fabric-biome-api-v1, fabric-block-api-v1, fabric-block-view-api-v2, fabric-blockrenderlayer-v1, fabric-client-gametest-api-v1, fabric-client-tags-api-v1, fabric-command-api-v1, fabric-command-api-v2, fabric-commands-v0]
[12:31:26] [Render thread/DEBUG] (net.fabricmc.fabric.impl.resource.loader.ModResourcePackUtil) [Fabric] cur @ fabric, auto-enabled fabric-content-registries-v0, currently enabled: [vanilla, fabric, delta, fabric-api, fabric-api-base, fabric-api-lookup-api-v1, fabric-biome-api-v1, fabric-block-api-v1, fabric-block-view-api-v2, fabric-blockrenderlayer-v1, fabric-client-gametest-api-v1, fabric-client-tags-api-v1, fabric-command-api-v1, fabric-command-api-v2, fabric-commands-v0, fabric-content-registries-v0]
[12:31:26] [Render thread/DEBUG] (net.fabricmc.fabric.impl.resource.loader.ModResourcePackUtil) [Fabric] cur @ fabric, auto-enabled fabric-convention-tags-v1, currently enabled: [vanilla, fabric, delta, fabric-api, fabric-api-base, fabric-api-lookup-api-v1, fabric-biome-api-v1, fabric-block-api-v1, fabric-block-view-api-v2, fabric-blockrenderlayer-v1, fabric-client-gametest-api-v1, fabric-client-tags-api-v1, fabric-command-api-v1, fabric-command-api-v2, fabric-commands-v0, fabric-content-registries-v0, fabric-convention-tags-v1]
[12:31:26] [Render thread/DEBUG] (net.fabricmc.fabric.impl.resource.loader.ModResourcePackUtil) [Fabric] cur @ fabric, auto-enabled fabric-convention-tags-v2, currently enabled: [vanilla, fabric, delta, fabric-api, fabric-api-base, fabric-api-lookup-api-v1, fabric-biome-api-v1, fabric-block-api-v1, fabric-block-view-api-v2, fabric-blockrenderlayer-v1, fabric-client-gametest-api-v1, fabric-client-tags-api-v1, fabric-command-api-v1, fabric-command-api-v2, fabric-commands-v0, fabric-content-registries-v0, fabric-convention-tags-v1, fabric-convention-tags-v2]
[12:31:26] [Render thread/DEBUG] (net.fabricmc.fabric.impl.resource.loader.ModResourcePackUtil) [Fabric] cur @ fabric, auto-enabled fabric-crash-report-info-v1, currently enabled: [vanilla, fabric, delta, fabric-api, fabric-api-base, fabric-api-lookup-api-v1, fabric-biome-api-v1, fabric-block-api-v1, fabric-block-view-api-v2, fabric-blockrenderlayer-v1, fabric-client-gametest-api-v1, fabric-client-tags-api-v1, fabric-command-api-v1, fabric-command-api-v2, fabric-commands-v0, fabric-content-registries-v0, fabric-convention-tags-v1, fabric-convention-tags-v2, fabric-crash-report-info-v1]
[12:31:26] [Render thread/DEBUG] (net.fabricmc.fabric.impl.resource.loader.ModResourcePackUtil) [Fabric] cur @ fabric, auto-enabled fabric-data-attachment-api-v1, currently enabled: [vanilla, fabric, delta, fabric-api, fabric-api-base, fabric-api-lookup-api-v1, fabric-biome-api-v1, fabric-block-api-v1, fabric-block-view-api-v2, fabric-blockrenderlayer-v1, fabric-client-gametest-api-v1, fabric-client-tags-api-v1, fabric-command-api-v1, fabric-command-api-v2, fabric-commands-v0, fabric-content-registries-v0, fabric-convention-tags-v1, fabric-convention-tags-v2, fabric-crash-report-info-v1, fabric-data-attachment-api-v1]
[12:31:26] [Render thread/DEBUG] (net.fabricmc.fabric.impl.resource.loader.ModResourcePackUtil) [Fabric] cur @ fabric, auto-enabled fabric-data-generation-api-v1, currently enabled: [vanilla, fabric, delta, fabric-api, fabric-api-base, fabric-api-lookup-api-v1, fabric-biome-api-v1, fabric-block-api-v1, fabric-block-view-api-v2, fabric-blockrenderlayer-v1, fabric-client-gametest-api-v1, fabric-client-tags-api-v1, fabric-command-api-v1, fabric-command-api-v2, fabric-commands-v0, fabric-content-registries-v0, fabric-convention-tags-v1, fabric-convention-tags-v2, fabric-crash-report-info-v1, fabric-data-attachment-api-v1, fabric-data-generation-api-v1]
[12:31:26] [Render thread/DEBUG] (net.fabricmc.fabric.impl.resource.loader.ModResourcePackUtil) [Fabric] cur @ fabric, auto-enabled fabric-dimensions-v1, currently enabled: [vanilla, fabric, delta, fabric-api, fabric-api-base, fabric-api-lookup-api-v1, fabric-biome-api-v1, fabric-block-api-v1, fabric-block-view-api-v2, fabric-blockrenderlayer-v1, fabric-client-gametest-api-v1, fabric-client-tags-api-v1, fabric-command-api-v1, fabric-command-api-v2, fabric-commands-v0, fabric-content-registries-v0, fabric-convention-tags-v1, fabric-convention-tags-v2, fabric-crash-report-info-v1, fabric-data-attachment-api-v1, fabric-data-generation-api-v1, fabric-dimensions-v1]
[12:31:26] [Render thread/DEBUG] (net.fabricmc.fabric.impl.resource.loader.ModResourcePackUtil) [Fabric] cur @ fabric, auto-enabled fabric-entity-events-v1, currently enabled: [vanilla, fabric, delta, fabric-api, fabric-api-base, fabric-api-lookup-api-v1, fabric-biome-api-v1, fabric-block-api-v1, fabric-block-view-api-v2, fabric-blockrenderlayer-v1, fabric-client-gametest-api-v1, fabric-client-tags-api-v1, fabric-command-api-v1, fabric-command-api-v2, fabric-commands-v0, fabric-content-registries-v0, fabric-convention-tags-v1, fabric-convention-tags-v2, fabric-crash-report-info-v1, fabric-data-attachment-api-v1, fabric-data-generation-api-v1, fabric-dimensions-v1, fabric-entity-events-v1]
[12:31:26] [Render thread/DEBUG] (net.fabricmc.fabric.impl.resource.loader.ModResourcePackUtil) [Fabric] cur @ fabric, auto-enabled fabric-events-interaction-v0, currently enabled: [vanilla, fabric, delta, fabric-api, fabric-api-base, fabric-api-lookup-api-v1, fabric-biome-api-v1, fabric-block-api-v1, fabric-block-view-api-v2, fabric-blockrenderlayer-v1, fabric-client-gametest-api-v1, fabric-client-tags-api-v1, fabric-command-api-v1, fabric-command-api-v2, fabric-commands-v0, fabric-content-registries-v0, fabric-convention-tags-v1, fabric-convention-tags-v2, fabric-crash-report-info-v1, fabric-data-attachment-api-v1, fabric-data-generation-api-v1, fabric-dimensions-v1, fabric-entity-events-v1, fabric-events-interaction-v0]
[12:31:26] [Render thread/DEBUG] (net.fabricmc.fabric.impl.resource.loader.ModResourcePackUtil) [Fabric] cur @ fabric, auto-enabled fabric-game-rule-api-v1, currently enabled: [vanilla, fabric, delta, fabric-api, fabric-api-base, fabric-api-lookup-api-v1, fabric-biome-api-v1, fabric-block-api-v1, fabric-block-view-api-v2, fabric-blockrenderlayer-v1, fabric-client-gametest-api-v1, fabric-client-tags-api-v1, fabric-command-api-v1, fabric-command-api-v2, fabric-commands-v0, fabric-content-registries-v0, fabric-convention-tags-v1, fabric-convention-tags-v2, fabric-crash-report-info-v1, fabric-data-attachment-api-v1, fabric-data-generation-api-v1, fabric-dimensions-v1, fabric-entity-events-v1, fabric-events-interaction-v0, fabric-game-rule-api-v1]
[12:31:26] [Render thread/DEBUG] (net.fabricmc.fabric.impl.resource.loader.ModResourcePackUtil) [Fabric] cur @ fabric, auto-enabled fabric-gametest-api-v1, currently enabled: [vanilla, fabric, delta, fabric-api, fabric-api-base, fabric-api-lookup-api-v1, fabric-biome-api-v1, fabric-block-api-v1, fabric-block-view-api-v2, fabric-blockrenderlayer-v1, fabric-client-gametest-api-v1, fabric-client-tags-api-v1, fabric-command-api-v1, fabric-command-api-v2, fabric-commands-v0, fabric-content-registries-v0, fabric-convention-tags-v1, fabric-convention-tags-v2, fabric-crash-report-info-v1, fabric-data-attachment-api-v1, fabric-data-generation-api-v1, fabric-dimensions-v1, fabric-entity-events-v1, fabric-events-interaction-v0, fabric-game-rule-api-v1, fabric-gametest-api-v1]
[12:31:26] [Render thread/DEBUG] (net.fabricmc.fabric.impl.resource.loader.ModResourcePackUtil) [Fabric] cur @ fabric, auto-enabled fabric-item-api-v1, currently enabled: [vanilla, fabric, delta, fabric-api, fabric-api-base, fabric-api-lookup-api-v1, fabric-biome-api-v1, fabric-block-api-v1, fabric-block-view-api-v2, fabric-blockrenderlayer-v1, fabric-client-gametest-api-v1, fabric-client-tags-api-v1, fabric-command-api-v1, fabric-command-api-v2, fabric-commands-v0, fabric-content-registries-v0, fabric-convention-tags-v1, fabric-convention-tags-v2, fabric-crash-report-info-v1, fabric-data-attachment-api-v1, fabric-data-generation-api-v1, fabric-dimensions-v1, fabric-entity-events-v1, fabric-events-interaction-v0, fabric-game-rule-api-v1, fabric-gametest-api-v1, fabric-item-api-v1]
[12:31:26] [Render thread/DEBUG] (net.fabricmc.fabric.impl.resource.loader.ModResourcePackUtil) [Fabric] cur @ fabric, auto-enabled fabric-item-group-api-v1, currently enabled: [vanilla, fabric, delta, fabric-api, fabric-api-base, fabric-api-lookup-api-v1, fabric-biome-api-v1, fabric-block-api-v1, fabric-block-view-api-v2, fabric-blockrenderlayer-v1, fabric-client-gametest-api-v1, fabric-client-tags-api-v1, fabric-command-api-v1, fabric-command-api-v2, fabric-commands-v0, fabric-content-registries-v0, fabric-convention-tags-v1, fabric-convention-tags-v2, fabric-crash-report-info-v1, fabric-data-attachment-api-v1, fabric-data-generation-api-v1, fabric-dimensions-v1, fabric-entity-events-v1, fabric-events-interaction-v0, fabric-game-rule-api-v1, fabric-gametest-api-v1, fabric-item-api-v1, fabric-item-group-api-v1]
[12:31:26] [Render thread/DEBUG] (net.fabricmc.fabric.impl.resource.loader.ModResourcePackUtil) [Fabric] cur @ fabric, auto-enabled fabric-key-binding-api-v1, currently enabled: [vanilla, fabric, delta, fabric-api, fabric-api-base, fabric-api-lookup-api-v1, fabric-biome-api-v1, fabric-block-api-v1, fabric-block-view-api-v2, fabric-blockrenderlayer-v1, fabric-client-gametest-api-v1, fabric-client-tags-api-v1, fabric-command-api-v1, fabric-command-api-v2, fabric-commands-v0, fabric-content-registries-v0, fabric-convention-tags-v1, fabric-convention-tags-v2, fabric-crash-report-info-v1, fabric-data-attachment-api-v1, fabric-data-generation-api-v1, fabric-dimensions-v1, fabric-entity-events-v1, fabric-events-interaction-v0, fabric-game-rule-api-v1, fabric-gametest-api-v1, fabric-item-api-v1, fabric-item-group-api-v1, fabric-key-binding-api-v1]
[12:31:26] [Render thread/DEBUG] (net.fabricmc.fabric.impl.resource.loader.ModResourcePackUtil) [Fabric] cur @ fabric, auto-enabled fabric-keybindings-v0, currently enabled: [vanilla, fabric, delta, fabric-api, fabric-api-base, fabric-api-lookup-api-v1, fabric-biome-api-v1, fabric-block-api-v1, fabric-block-view-api-v2, fabric-blockrenderlayer-v1, fabric-client-gametest-api-v1, fabric-client-tags-api-v1, fabric-command-api-v1, fabric-command-api-v2, fabric-commands-v0, fabric-content-registries-v0, fabric-convention-tags-v1, fabric-convention-tags-v2, fabric-crash-report-info-v1, fabric-data-attachment-api-v1, fabric-data-generation-api-v1, fabric-dimensions-v1, fabric-entity-events-v1, fabric-events-interaction-v0, fabric-game-rule-api-v1, fabric-gametest-api-v1, fabric-item-api-v1, fabric-item-group-api-v1, fabric-key-binding-api-v1, fabric-keybindings-v0]
[12:31:26] [Render thread/DEBUG] (net.fabricmc.fabric.impl.resource.loader.ModResourcePackUtil) [Fabric] cur @ fabric, auto-enabled fabric-lifecycle-events-v1, currently enabled: [vanilla, fabric, delta, fabric-api, fabric-api-base, fabric-api-lookup-api-v1, fabric-biome-api-v1, fabric-block-api-v1, fabric-block-view-api-v2, fabric-blockrenderlayer-v1, fabric-client-gametest-api-v1, fabric-client-tags-api-v1, fabric-command-api-v1, fabric-command-api-v2, fabric-commands-v0, fabric-content-registries-v0, fabric-convention-tags-v1, fabric-convention-tags-v2, fabric-crash-report-info-v1, fabric-data-attachment-api-v1, fabric-data-generation-api-v1, fabric-dimensions-v1, fabric-entity-events-v1, fabric-events-interaction-v0, fabric-game-rule-api-v1, fabric-gametest-api-v1, fabric-item-api-v1, fabric-item-group-api-v1, fabric-key-binding-api-v1, fabric-keybindings-v0, fabric-lifecycle-events-v1]
[12:31:26] [Render thread/DEBUG] (net.fabricmc.fabric.impl.resource.loader.ModResourcePackUtil) [Fabric] cur @ fabric, auto-enabled fabric-loot-api-v2, currently enabled: [vanilla, fabric, delta, fabric-api, fabric-api-base, fabric-api-lookup-api-v1, fabric-biome-api-v1, fabric-block-api-v1, fabric-block-view-api-v2, fabric-blockrenderlayer-v1, fabric-client-gametest-api-v1, fabric-client-tags-api-v1, fabric-command-api-v1, fabric-command-api-v2, fabric-commands-v0, fabric-content-registries-v0, fabric-convention-tags-v1, fabric-convention-tags-v2, fabric-crash-report-info-v1, fabric-data-attachment-api-v1, fabric-data-generation-api-v1, fabric-dimensions-v1, fabric-entity-events-v1, fabric-events-interaction-v0, fabric-game-rule-api-v1, fabric-gametest-api-v1, fabric-item-api-v1, fabric-item-group-api-v1, fabric-key-binding-api-v1, fabric-keybindings-v0, fabric-lifecycle-events-v1, fabric-loot-api-v2]
[12:31:26] [Render thread/DEBUG] (net.fabricmc.fabric.impl.resource.loader.ModResourcePackUtil) [Fabric] cur @ fabric, auto-enabled fabric-loot-api-v3, currently enabled: [vanilla, fabric, delta, fabric-api, fabric-api-base, fabric-api-lookup-api-v1, fabric-biome-api-v1, fabric-block-api-v1, fabric-block-view-api-v2, fabric-blockrenderlayer-v1, fabric-client-gametest-api-v1, fabric-client-tags-api-v1, fabric-command-api-v1, fabric-command-api-v2, fabric-commands-v0, fabric-content-registries-v0, fabric-convention-tags-v1, fabric-convention-tags-v2, fabric-crash-report-info-v1, fabric-data-attachment-api-v1, fabric-data-generation-api-v1, fabric-dimensions-v1, fabric-entity-events-v1, fabric-events-interaction-v0, fabric-game-rule-api-v1, fabric-gametest-api-v1, fabric-item-api-v1, fabric-item-group-api-v1, fabric-key-binding-api-v1, fabric-keybindings-v0, fabric-lifecycle-events-v1, fabric-loot-api-v2, fabric-loot-api-v3]
[12:31:26] [Render thread/DEBUG] (net.fabricmc.fabric.impl.resource.loader.ModResourcePackUtil) [Fabric] cur @ fabric, auto-enabled fabric-message-api-v1, currently enabled: [vanilla, fabric, delta, fabric-api, fabric-api-base, fabric-api-lookup-api-v1, fabric-biome-api-v1, fabric-block-api-v1, fabric-block-view-api-v2, fabric-blockrenderlayer-v1, fabric-client-gametest-api-v1, fabric-client-tags-api-v1, fabric-command-api-v1, fabric-command-api-v2, fabric-commands-v0, fabric-content-registries-v0, fabric-convention-tags-v1, fabric-convention-tags-v2, fabric-crash-report-info-v1, fabric-data-attachment-api-v1, fabric-data-generation-api-v1, fabric-dimensions-v1, fabric-entity-events-v1, fabric-events-interaction-v0, fabric-game-rule-api-v1, fabric-gametest-api-v1, fabric-item-api-v1, fabric-item-group-api-v1, fabric-key-binding-api-v1, fabric-keybindings-v0, fabric-lifecycle-events-v1, fabric-loot-api-v2, fabric-loot-api-v3, fabric-message-api-v1]
[12:31:26] [Render thread/DEBUG] (net.fabricmc.fabric.impl.resource.loader.ModResourcePackUtil) [Fabric] cur @ fabric, auto-enabled fabric-model-loading-api-v1, currently enabled: [vanilla, fabric, delta, fabric-api, fabric-api-base, fabric-api-lookup-api-v1, fabric-biome-api-v1, fabric-block-api-v1, fabric-block-view-api-v2, fabric-blockrenderlayer-v1, fabric-client-gametest-api-v1, fabric-client-tags-api-v1, fabric-command-api-v1, fabric-command-api-v2, fabric-commands-v0, fabric-content-registries-v0, fabric-convention-tags-v1, fabric-convention-tags-v2, fabric-crash-report-info-v1, fabric-data-attachment-api-v1, fabric-data-generation-api-v1, fabric-dimensions-v1, fabric-entity-events-v1, fabric-events-interaction-v0, fabric-game-rule-api-v1, fabric-gametest-api-v1, fabric-item-api-v1, fabric-item-group-api-v1, fabric-key-binding-api-v1, fabric-keybindings-v0, fabric-lifecycle-events-v1, fabric-loot-api-v2, fabric-loot-api-v3, fabric-message-api-v1, fabric-model-loading-api-v1]
[12:31:26] [Render thread/DEBUG] (net.fabricmc.fabric.impl.resource.loader.ModResourcePackUtil) [Fabric] cur @ fabric, auto-enabled fabric-networking-api-v1, currently enabled: [vanilla, fabric, delta, fabric-api, fabric-api-base, fabric-api-lookup-api-v1, fabric-biome-api-v1, fabric-block-api-v1, fabric-block-view-api-v2, fabric-blockrenderlayer-v1, fabric-client-gametest-api-v1, fabric-client-tags-api-v1, fabric-command-api-v1, fabric-command-api-v2, fabric-commands-v0, fabric-content-registries-v0, fabric-convention-tags-v1, fabric-convention-tags-v2, fabric-crash-report-info-v1, fabric-data-attachment-api-v1, fabric-data-generation-api-v1, fabric-dimensions-v1, fabric-entity-events-v1, fabric-events-interaction-v0, fabric-game-rule-api-v1, fabric-gametest-api-v1, fabric-item-api-v1, fabric-item-group-api-v1, fabric-key-binding-api-v1, fabric-keybindings-v0, fabric-lifecycle-events-v1, fabric-loot-api-v2, fabric-loot-api-v3, fabric-message-api-v1, fabric-model-loading-api-v1, fabric-networking-api-v1]
[12:31:26] [Render thread/DEBUG] (net.fabricmc.fabric.impl.resource.loader.ModResourcePackUtil) [Fabric] cur @ fabric, auto-enabled fabric-object-builder-api-v1, currently enabled: [vanilla, fabric, delta, fabric-api, fabric-api-base, fabric-api-lookup-api-v1, fabric-biome-api-v1, fabric-block-api-v1, fabric-block-view-api-v2, fabric-blockrenderlayer-v1, fabric-client-gametest-api-v1, fabric-client-tags-api-v1, fabric-command-api-v1, fabric-command-api-v2, fabric-commands-v0, fabric-content-registries-v0, fabric-convention-tags-v1, fabric-convention-tags-v2, fabric-crash-report-info-v1, fabric-data-attachment-api-v1, fabric-data-generation-api-v1, fabric-dimensions-v1, fabric-entity-events-v1, fabric-events-interaction-v0, fabric-game-rule-api-v1, fabric-gametest-api-v1, fabric-item-api-v1, fabric-item-group-api-v1, fabric-key-binding-api-v1, fabric-keybindings-v0, fabric-lifecycle-events-v1, fabric-loot-api-v2, fabric-loot-api-v3, fabric-message-api-v1, fabric-model-loading-api-v1, fabric-networking-api-v1, fabric-object-builder-api-v1]
[12:31:26] [Render thread/DEBUG] (net.fabricmc.fabric.impl.resource.loader.ModResourcePackUtil) [Fabric] cur @ fabric, auto-enabled fabric-particles-v1, currently enabled: [vanilla, fabric, delta, fabric-api, fabric-api-base, fabric-api-lookup-api-v1, fabric-biome-api-v1, fabric-block-api-v1, fabric-block-view-api-v2, fabric-blockrenderlayer-v1, fabric-client-gametest-api-v1, fabric-client-tags-api-v1, fabric-command-api-v1, fabric-command-api-v2, fabric-commands-v0, fabric-content-registries-v0, fabric-convention-tags-v1, fabric-convention-tags-v2, fabric-crash-report-info-v1, fabric-data-attachment-api-v1, fabric-data-generation-api-v1, fabric-dimensions-v1, fabric-entity-events-v1, fabric-events-interaction-v0, fabric-game-rule-api-v1, fabric-gametest-api-v1, fabric-item-api-v1, fabric-item-group-api-v1, fabric-key-binding-api-v1, fabric-keybindings-v0, fabric-lifecycle-events-v1, fabric-loot-api-v2, fabric-loot-api-v3, fabric-message-api-v1, fabric-model-loading-api-v1, fabric-networking-api-v1, fabric-object-builder-api-v1, fabric-particles-v1]
[12:31:26] [Render thread/DEBUG] (net.fabricmc.fabric.impl.resource.loader.ModResourcePackUtil) [Fabric] cur @ fabric, auto-enabled fabric-recipe-api-v1, currently enabled: [vanilla, fabric, delta, fabric-api, fabric-api-base, fabric-api-lookup-api-v1, fabric-biome-api-v1, fabric-block-api-v1, fabric-block-view-api-v2, fabric-blockrenderlayer-v1, fabric-client-gametest-api-v1, fabric-client-tags-api-v1, fabric-command-api-v1, fabric-command-api-v2, fabric-commands-v0, fabric-content-registries-v0, fabric-convention-tags-v1, fabric-convention-tags-v2, fabric-crash-report-info-v1, fabric-data-attachment-api-v1, fabric-data-generation-api-v1, fabric-dimensions-v1, fabric-entity-events-v1, fabric-events-interaction-v0, fabric-game-rule-api-v1, fabric-gametest-api-v1, fabric-item-api-v1, fabric-item-group-api-v1, fabric-key-binding-api-v1, fabric-keybindings-v0, fabric-lifecycle-events-v1, fabric-loot-api-v2, fabric-loot-api-v3, fabric-message-api-v1, fabric-model-loading-api-v1, fabric-networking-api-v1, fabric-object-builder-api-v1, fabric-particles-v1, fabric-recipe-api-v1]
[12:31:26] [Render thread/DEBUG] (net.fabricmc.fabric.impl.resource.loader.ModResourcePackUtil) [Fabric] cur @ fabric, auto-enabled fabric-registry-sync-v0, currently enabled: [vanilla, fabric, delta, fabric-api, fabric-api-base, fabric-api-lookup-api-v1, fabric-biome-api-v1, fabric-block-api-v1, fabric-block-view-api-v2, fabric-blockrenderlayer-v1, fabric-client-gametest-api-v1, fabric-client-tags-api-v1, fabric-command-api-v1, fabric-command-api-v2, fabric-commands-v0, fabric-content-registries-v0, fabric-convention-tags-v1, fabric-convention-tags-v2, fabric-crash-report-info-v1, fabric-data-attachment-api-v1, fabric-data-generation-api-v1, fabric-dimensions-v1, fabric-entity-events-v1, fabric-events-interaction-v0, fabric-game-rule-api-v1, fabric-gametest-api-v1, fabric-item-api-v1, fabric-item-group-api-v1, fabric-key-binding-api-v1, fabric-keybindings-v0, fabric-lifecycle-events-v1, fabric-loot-api-v2, fabric-loot-api-v3, fabric-message-api-v1, fabric-model-loading-api-v1, fabric-networking-api-v1, fabric-object-builder-api-v1, fabric-particles-v1, fabric-recipe-api-v1, fabric-registry-sync-v0]
[12:31:26] [Render thread/DEBUG] (net.fabricmc.fabric.impl.resource.loader.ModResourcePackUtil) [Fabric] cur @ fabric, auto-enabled fabric-renderer-api-v1, currently enabled: [vanilla, fabric, delta, fabric-api, fabric-api-base, fabric-api-lookup-api-v1, fabric-biome-api-v1, fabric-block-api-v1, fabric-block-view-api-v2, fabric-blockrenderlayer-v1, fabric-client-gametest-api-v1, fabric-client-tags-api-v1, fabric-command-api-v1, fabric-command-api-v2, fabric-commands-v0, fabric-content-registries-v0, fabric-convention-tags-v1, fabric-convention-tags-v2, fabric-crash-report-info-v1, fabric-data-attachment-api-v1, fabric-data-generation-api-v1, fabric-dimensions-v1, fabric-entity-events-v1, fabric-events-interaction-v0, fabric-game-rule-api-v1, fabric-gametest-api-v1, fabric-item-api-v1, fabric-item-group-api-v1, fabric-key-binding-api-v1, fabric-keybindings-v0, fabric-lifecycle-events-v1, fabric-loot-api-v2, fabric-loot-api-v3, fabric-message-api-v1, fabric-model-loading-api-v1, fabric-networking-api-v1, fabric-object-builder-api-v1, fabric-particles-v1, fabric-recipe-api-v1, fabric-registry-sync-v0, fabric-renderer-api-v1]
[12:31:26] [Render thread/DEBUG] (net.fabricmc.fabric.impl.resource.loader.ModResourcePackUtil) [Fabric] cur @ fabric, auto-enabled fabric-renderer-indigo, currently enabled: [vanilla, fabric, delta, fabric-api, fabric-api-base, fabric-api-lookup-api-v1, fabric-biome-api-v1, fabric-block-api-v1, fabric-block-view-api-v2, fabric-blockrenderlayer-v1, fabric-client-gametest-api-v1, fabric-client-tags-api-v1, fabric-command-api-v1, fabric-command-api-v2, fabric-commands-v0, fabric-content-registries-v0, fabric-convention-tags-v1, fabric-convention-tags-v2, fabric-crash-report-info-v1, fabric-data-attachment-api-v1, fabric-data-generation-api-v1, fabric-dimensions-v1, fabric-entity-events-v1, fabric-events-interaction-v0, fabric-game-rule-api-v1, fabric-gametest-api-v1, fabric-item-api-v1, fabric-item-group-api-v1, fabric-key-binding-api-v1, fabric-keybindings-v0, fabric-lifecycle-events-v1, fabric-loot-api-v2, fabric-loot-api-v3, fabric-message-api-v1, fabric-model-loading-api-v1, fabric-networking-api-v1, fabric-object-builder-api-v1, fabric-particles-v1, fabric-recipe-api-v1, fabric-registry-sync-v0, fabric-renderer-api-v1, fabric-renderer-indigo]
[12:31:26] [Render thread/DEBUG] (net.fabricmc.fabric.impl.resource.loader.ModResourcePackUtil) [Fabric] cur @ fabric, auto-enabled fabric-rendering-data-attachment-v1, currently enabled: [vanilla, fabric, delta, fabric-api, fabric-api-base, fabric-api-lookup-api-v1, fabric-biome-api-v1, fabric-block-api-v1, fabric-block-view-api-v2, fabric-blockrenderlayer-v1, fabric-client-gametest-api-v1, fabric-client-tags-api-v1, fabric-command-api-v1, fabric-command-api-v2, fabric-commands-v0, fabric-content-registries-v0, fabric-convention-tags-v1, fabric-convention-tags-v2, fabric-crash-report-info-v1, fabric-data-attachment-api-v1, fabric-data-generation-api-v1, fabric-dimensions-v1, fabric-entity-events-v1, fabric-events-interaction-v0, fabric-game-rule-api-v1, fabric-gametest-api-v1, fabric-item-api-v1, fabric-item-group-api-v1, fabric-key-binding-api-v1, fabric-keybindings-v0, fabric-lifecycle-events-v1, fabric-loot-api-v2, fabric-loot-api-v3, fabric-message-api-v1, fabric-model-loading-api-v1, fabric-networking-api-v1, fabric-object-builder-api-v1, fabric-particles-v1, fabric-recipe-api-v1, fabric-registry-sync-v0, fabric-renderer-api-v1, fabric-renderer-indigo, fabric-rendering-data-attachment-v1]
[12:31:26] [Render thread/DEBUG] (net.fabricmc.fabric.impl.resource.loader.ModResourcePackUtil) [Fabric] cur @ fabric, auto-enabled fabric-rendering-fluids-v1, currently enabled: [vanilla, fabric, delta, fabric-api, fabric-api-base, fabric-api-lookup-api-v1, fabric-biome-api-v1, fabric-block-api-v1, fabric-block-view-api-v2, fabric-blockrenderlayer-v1, fabric-client-gametest-api-v1, fabric-client-tags-api-v1, fabric-command-api-v1, fabric-command-api-v2, fabric-commands-v0, fabric-content-registries-v0, fabric-convention-tags-v1, fabric-convention-tags-v2, fabric-crash-report-info-v1, fabric-data-attachment-api-v1, fabric-data-generation-api-v1, fabric-dimensions-v1, fabric-entity-events-v1, fabric-events-interaction-v0, fabric-game-rule-api-v1, fabric-gametest-api-v1, fabric-item-api-v1, fabric-item-group-api-v1, fabric-key-binding-api-v1, fabric-keybindings-v0, fabric-lifecycle-events-v1, fabric-loot-api-v2, fabric-loot-api-v3, fabric-message-api-v1, fabric-model-loading-api-v1, fabric-networking-api-v1, fabric-object-builder-api-v1, fabric-particles-v1, fabric-recipe-api-v1, fabric-registry-sync-v0, fabric-renderer-api-v1, fabric-renderer-indigo, fabric-rendering-data-attachment-v1, fabric-rendering-fluids-v1]
[12:31:26] [Render thread/DEBUG] (net.fabricmc.fabric.impl.resource.loader.ModResourcePackUtil) [Fabric] cur @ fabric, auto-enabled fabric-rendering-v1, currently enabled: [vanilla, fabric, delta, fabric-api, fabric-api-base, fabric-api-lookup-api-v1, fabric-biome-api-v1, fabric-block-api-v1, fabric-block-view-api-v2, fabric-blockrenderlayer-v1, fabric-client-gametest-api-v1, fabric-client-tags-api-v1, fabric-command-api-v1, fabric-command-api-v2, fabric-commands-v0, fabric-content-registries-v0, fabric-convention-tags-v1, fabric-convention-tags-v2, fabric-crash-report-info-v1, fabric-data-attachment-api-v1, fabric-data-generation-api-v1, fabric-dimensions-v1, fabric-entity-events-v1, fabric-events-interaction-v0, fabric-game-rule-api-v1, fabric-gametest-api-v1, fabric-item-api-v1, fabric-item-group-api-v1, fabric-key-binding-api-v1, fabric-keybindings-v0, fabric-lifecycle-events-v1, fabric-loot-api-v2, fabric-loot-api-v3, fabric-message-api-v1, fabric-model-loading-api-v1, fabric-networking-api-v1, fabric-object-builder-api-v1, fabric-particles-v1, fabric-recipe-api-v1, fabric-registry-sync-v0, fabric-renderer-api-v1, fabric-renderer-indigo, fabric-rendering-data-attachment-v1, fabric-rendering-fluids-v1, fabric-rendering-v1]
[12:31:26] [Render thread/DEBUG] (net.fabricmc.fabric.impl.resource.loader.ModResourcePackUtil) [Fabric] cur @ fabric, auto-enabled fabric-resource-conditions-api-v1, currently enabled: [vanilla, fabric, delta, fabric-api, fabric-api-base, fabric-api-lookup-api-v1, fabric-biome-api-v1, fabric-block-api-v1, fabric-block-view-api-v2, fabric-blockrenderlayer-v1, fabric-client-gametest-api-v1, fabric-client-tags-api-v1, fabric-command-api-v1, fabric-command-api-v2, fabric-commands-v0, fabric-content-registries-v0, fabric-convention-tags-v1, fabric-convention-tags-v2, fabric-crash-report-info-v1, fabric-data-attachment-api-v1, fabric-data-generation-api-v1, fabric-dimensions-v1, fabric-entity-events-v1, fabric-events-interaction-v0, fabric-game-rule-api-v1, fabric-gametest-api-v1, fabric-item-api-v1, fabric-item-group-api-v1, fabric-key-binding-api-v1, fabric-keybindings-v0, fabric-lifecycle-events-v1, fabric-loot-api-v2, fabric-loot-api-v3, fabric-message-api-v1, fabric-model-loading-api-v1, fabric-networking-api-v1, fabric-object-builder-api-v1, fabric-particles-v1, fabric-recipe-api-v1, fabric-registry-sync-v0, fabric-renderer-api-v1, fabric-renderer-indigo, fabric-rendering-data-attachment-v1, fabric-rendering-fluids-v1, fabric-rendering-v1, fabric-resource-conditions-api-v1]
[12:31:26] [Render thread/DEBUG] (net.fabricmc.fabric.impl.resource.loader.ModResourcePackUtil) [Fabric] cur @ fabric, auto-enabled fabric-resource-loader-v0, currently enabled: [vanilla, fabric, delta, fabric-api, fabric-api-base, fabric-api-lookup-api-v1, fabric-biome-api-v1, fabric-block-api-v1, fabric-block-view-api-v2, fabric-blockrenderlayer-v1, fabric-client-gametest-api-v1, fabric-client-tags-api-v1, fabric-command-api-v1, fabric-command-api-v2, fabric-commands-v0, fabric-content-registries-v0, fabric-convention-tags-v1, fabric-convention-tags-v2, fabric-crash-report-info-v1, fabric-data-attachment-api-v1, fabric-data-generation-api-v1, fabric-dimensions-v1, fabric-entity-events-v1, fabric-events-interaction-v0, fabric-game-rule-api-v1, fabric-gametest-api-v1, fabric-item-api-v1, fabric-item-group-api-v1, fabric-key-binding-api-v1, fabric-keybindings-v0, fabric-lifecycle-events-v1, fabric-loot-api-v2, fabric-loot-api-v3, fabric-message-api-v1, fabric-model-loading-api-v1, fabric-networking-api-v1, fabric-object-builder-api-v1, fabric-particles-v1, fabric-recipe-api-v1, fabric-registry-sync-v0, fabric-renderer-api-v1, fabric-renderer-indigo, fabric-rendering-data-attachment-v1, fabric-rendering-fluids-v1, fabric-rendering-v1, fabric-resource-conditions-api-v1, fabric-resource-loader-v0]
[12:31:26] [Render thread/DEBUG] (net.fabricmc.fabric.impl.resource.loader.ModResourcePackUtil) [Fabric] cur @ fabric, auto-enabled fabric-screen-api-v1, currently enabled: [vanilla, fabric, delta, fabric-api, fabric-api-base, fabric-api-lookup-api-v1, fabric-biome-api-v1, fabric-block-api-v1, fabric-block-view-api-v2, fabric-blockrenderlayer-v1, fabric-client-gametest-api-v1, fabric-client-tags-api-v1, fabric-command-api-v1, fabric-command-api-v2, fabric-commands-v0, fabric-content-registries-v0, fabric-convention-tags-v1, fabric-convention-tags-v2, fabric-crash-report-info-v1, fabric-data-attachment-api-v1, fabric-data-generation-api-v1, fabric-dimensions-v1, fabric-entity-events-v1, fabric-events-interaction-v0, fabric-game-rule-api-v1, fabric-gametest-api-v1, fabric-item-api-v1, fabric-item-group-api-v1, fabric-key-binding-api-v1, fabric-keybindings-v0, fabric-lifecycle-events-v1, fabric-loot-api-v2, fabric-loot-api-v3, fabric-message-api-v1, fabric-model-loading-api-v1, fabric-networking-api-v1, fabric-object-builder-api-v1, fabric-particles-v1, fabric-recipe-api-v1, fabric-registry-sync-v0, fabric-renderer-api-v1, fabric-renderer-indigo, fabric-rendering-data-attachment-v1, fabric-rendering-fluids-v1, fabric-rendering-v1, fabric-resource-conditions-api-v1, fabric-resource-loader-v0, fabric-screen-api-v1]
[12:31:26] [Render thread/DEBUG] (net.fabricmc.fabric.impl.resource.loader.ModResourcePackUtil) [Fabric] cur @ fabric, auto-enabled fabric-screen-handler-api-v1, currently enabled: [vanilla, fabric, delta, fabric-api, fabric-api-base, fabric-api-lookup-api-v1, fabric-biome-api-v1, fabric-block-api-v1, fabric-block-view-api-v2, fabric-blockrenderlayer-v1, fabric-client-gametest-api-v1, fabric-client-tags-api-v1, fabric-command-api-v1, fabric-command-api-v2, fabric-commands-v0, fabric-content-registries-v0, fabric-convention-tags-v1, fabric-convention-tags-v2, fabric-crash-report-info-v1, fabric-data-attachment-api-v1, fabric-data-generation-api-v1, fabric-dimensions-v1, fabric-entity-events-v1, fabric-events-interaction-v0, fabric-game-rule-api-v1, fabric-gametest-api-v1, fabric-item-api-v1, fabric-item-group-api-v1, fabric-key-binding-api-v1, fabric-keybindings-v0, fabric-lifecycle-events-v1, fabric-loot-api-v2, fabric-loot-api-v3, fabric-message-api-v1, fabric-model-loading-api-v1, fabric-networking-api-v1, fabric-object-builder-api-v1, fabric-particles-v1, fabric-recipe-api-v1, fabric-registry-sync-v0, fabric-renderer-api-v1, fabric-renderer-indigo, fabric-rendering-data-attachment-v1, fabric-rendering-fluids-v1, fabric-rendering-v1, fabric-resource-conditions-api-v1, fabric-resource-loader-v0, fabric-screen-api-v1, fabric-screen-handler-api-v1]
[12:31:26] [Render thread/DEBUG] (net.fabricmc.fabric.impl.resource.loader.ModResourcePackUtil) [Fabric] cur @ fabric, auto-enabled fabric-sound-api-v1, currently enabled: [vanilla, fabric, delta, fabric-api, fabric-api-base, fabric-api-lookup-api-v1, fabric-biome-api-v1, fabric-block-api-v1, fabric-block-view-api-v2, fabric-blockrenderlayer-v1, fabric-client-gametest-api-v1, fabric-client-tags-api-v1, fabric-command-api-v1, fabric-command-api-v2, fabric-commands-v0, fabric-content-registries-v0, fabric-convention-tags-v1, fabric-convention-tags-v2, fabric-crash-report-info-v1, fabric-data-attachment-api-v1, fabric-data-generation-api-v1, fabric-dimensions-v1, fabric-entity-events-v1, fabric-events-interaction-v0, fabric-game-rule-api-v1, fabric-gametest-api-v1, fabric-item-api-v1, fabric-item-group-api-v1, fabric-key-binding-api-v1, fabric-keybindings-v0, fabric-lifecycle-events-v1, fabric-loot-api-v2, fabric-loot-api-v3, fabric-message-api-v1, fabric-model-loading-api-v1, fabric-networking-api-v1, fabric-object-builder-api-v1, fabric-particles-v1, fabric-recipe-api-v1, fabric-registry-sync-v0, fabric-renderer-api-v1, fabric-renderer-indigo, fabric-rendering-data-attachment-v1, fabric-rendering-fluids-v1, fabric-rendering-v1, fabric-resource-conditions-api-v1, fabric-resource-loader-v0, fabric-screen-api-v1, fabric-screen-handler-api-v1, fabric-sound-api-v1]
[12:31:26] [Render thread/DEBUG] (net.fabricmc.fabric.impl.resource.loader.ModResourcePackUtil) [Fabric] cur @ fabric, auto-enabled fabric-tag-api-v1, currently enabled: [vanilla, fabric, delta, fabric-api, fabric-api-base, fabric-api-lookup-api-v1, fabric-biome-api-v1, fabric-block-api-v1, fabric-block-view-api-v2, fabric-blockrenderlayer-v1, fabric-client-gametest-api-v1, fabric-client-tags-api-v1, fabric-command-api-v1, fabric-command-api-v2, fabric-commands-v0, fabric-content-registries-v0, fabric-convention-tags-v1, fabric-convention-tags-v2, fabric-crash-report-info-v1, fabric-data-attachment-api-v1, fabric-data-generation-api-v1, fabric-dimensions-v1, fabric-entity-events-v1, fabric-events-interaction-v0, fabric-game-rule-api-v1, fabric-gametest-api-v1, fabric-item-api-v1, fabric-item-group-api-v1, fabric-key-binding-api-v1, fabric-keybindings-v0, fabric-lifecycle-events-v1, fabric-loot-api-v2, fabric-loot-api-v3, fabric-message-api-v1, fabric-model-loading-api-v1, fabric-networking-api-v1, fabric-object-builder-api-v1, fabric-particles-v1, fabric-recipe-api-v1, fabric-registry-sync-v0, fabric-renderer-api-v1, fabric-renderer-indigo, fabric-rendering-data-attachment-v1, fabric-rendering-fluids-v1, fabric-rendering-v1, fabric-resource-conditions-api-v1, fabric-resource-loader-v0, fabric-screen-api-v1, fabric-screen-handler-api-v1, fabric-sound-api-v1, fabric-tag-api-v1]
[12:31:26] [Render thread/DEBUG] (net.fabricmc.fabric.impl.resource.loader.ModResourcePackUtil) [Fabric] cur @ fabric, auto-enabled fabric-transfer-api-v1, currently enabled: [vanilla, fabric, delta, fabric-api, fabric-api-base, fabric-api-lookup-api-v1, fabric-biome-api-v1, fabric-block-api-v1, fabric-block-view-api-v2, fabric-blockrenderlayer-v1, fabric-client-gametest-api-v1, fabric-client-tags-api-v1, fabric-command-api-v1, fabric-command-api-v2, fabric-commands-v0, fabric-content-registries-v0, fabric-convention-tags-v1, fabric-convention-tags-v2, fabric-crash-report-info-v1, fabric-data-attachment-api-v1, fabric-data-generation-api-v1, fabric-dimensions-v1, fabric-entity-events-v1, fabric-events-interaction-v0, fabric-game-rule-api-v1, fabric-gametest-api-v1, fabric-item-api-v1, fabric-item-group-api-v1, fabric-key-binding-api-v1, fabric-keybindings-v0, fabric-lifecycle-events-v1, fabric-loot-api-v2, fabric-loot-api-v3, fabric-message-api-v1, fabric-model-loading-api-v1, fabric-networking-api-v1, fabric-object-builder-api-v1, fabric-particles-v1, fabric-recipe-api-v1, fabric-registry-sync-v0, fabric-renderer-api-v1, fabric-renderer-indigo, fabric-rendering-data-attachment-v1, fabric-rendering-fluids-v1, fabric-rendering-v1, fabric-resource-conditions-api-v1, fabric-resource-loader-v0, fabric-screen-api-v1, fabric-screen-handler-api-v1, fabric-sound-api-v1, fabric-tag-api-v1, fabric-transfer-api-v1]
[12:31:26] [Render thread/DEBUG] (net.fabricmc.fabric.impl.resource.loader.ModResourcePackUtil) [Fabric] cur @ fabric, auto-enabled fabric-transitive-access-wideners-v1, currently enabled: [vanilla, fabric, delta, fabric-api, fabric-api-base, fabric-api-lookup-api-v1, fabric-biome-api-v1, fabric-block-api-v1, fabric-block-view-api-v2, fabric-blockrenderlayer-v1, fabric-client-gametest-api-v1, fabric-client-tags-api-v1, fabric-command-api-v1, fabric-command-api-v2, fabric-commands-v0, fabric-content-registries-v0, fabric-convention-tags-v1, fabric-convention-tags-v2, fabric-crash-report-info-v1, fabric-data-attachment-api-v1, fabric-data-generation-api-v1, fabric-dimensions-v1, fabric-entity-events-v1, fabric-events-interaction-v0, fabric-game-rule-api-v1, fabric-gametest-api-v1, fabric-item-api-v1, fabric-item-group-api-v1, fabric-key-binding-api-v1, fabric-keybindings-v0, fabric-lifecycle-events-v1, fabric-loot-api-v2, fabric-loot-api-v3, fabric-message-api-v1, fabric-model-loading-api-v1, fabric-networking-api-v1, fabric-object-builder-api-v1, fabric-particles-v1, fabric-recipe-api-v1, fabric-registry-sync-v0, fabric-renderer-api-v1, fabric-renderer-indigo, fabric-rendering-data-attachment-v1, fabric-rendering-fluids-v1, fabric-rendering-v1, fabric-resource-conditions-api-v1, fabric-resource-loader-v0, fabric-screen-api-v1, fabric-screen-handler-api-v1, fabric-sound-api-v1, fabric-tag-api-v1, fabric-transfer-api-v1, fabric-transitive-access-wideners-v1]
[12:31:26] [Render thread/DEBUG] (net.fabricmc.fabric.impl.resource.loader.ModResourcePackUtil) [Fabric] cur @ fabric, auto-enabled fabricloader, currently enabled: [vanilla, fabric, delta, fabric-api, fabric-api-base, fabric-api-lookup-api-v1, fabric-biome-api-v1, fabric-block-api-v1, fabric-block-view-api-v2, fabric-blockrenderlayer-v1, fabric-client-gametest-api-v1, fabric-client-tags-api-v1, fabric-command-api-v1, fabric-command-api-v2, fabric-commands-v0, fabric-content-registries-v0, fabric-convention-tags-v1, fabric-convention-tags-v2, fabric-crash-report-info-v1, fabric-data-attachment-api-v1, fabric-data-generation-api-v1, fabric-dimensions-v1, fabric-entity-events-v1, fabric-events-interaction-v0, fabric-game-rule-api-v1, fabric-gametest-api-v1, fabric-item-api-v1, fabric-item-group-api-v1, fabric-key-binding-api-v1, fabric-keybindings-v0, fabric-lifecycle-events-v1, fabric-loot-api-v2, fabric-loot-api-v3, fabric-message-api-v1, fabric-model-loading-api-v1, fabric-networking-api-v1, fabric-object-builder-api-v1, fabric-particles-v1, fabric-recipe-api-v1, fabric-registry-sync-v0, fabric-renderer-api-v1, fabric-renderer-indigo, fabric-rendering-data-attachment-v1, fabric-rendering-fluids-v1, fabric-rendering-v1, fabric-resource-conditions-api-v1, fabric-resource-loader-v0, fabric-screen-api-v1, fabric-screen-handler-api-v1, fabric-sound-api-v1, fabric-tag-api-v1, fabric-transfer-api-v1, fabric-transitive-access-wideners-v1, fabricloader]
[12:31:26] [Render thread/DEBUG] (net.fabricmc.fabric.impl.resource.loader.ModResourcePackUtil) [Fabric] Final sorting result: [vanilla, fabric, delta, fabric-api, fabric-api-base, fabric-api-lookup-api-v1, fabric-biome-api-v1, fabric-block-api-v1, fabric-block-view-api-v2, fabric-blockrenderlayer-v1, fabric-client-gametest-api-v1, fabric-client-tags-api-v1, fabric-command-api-v1, fabric-command-api-v2, fabric-commands-v0, fabric-content-registries-v0, fabric-convention-tags-v1, fabric-convention-tags-v2, fabric-crash-report-info-v1, fabric-data-attachment-api-v1, fabric-data-generation-api-v1, fabric-dimensions-v1, fabric-entity-events-v1, fabric-events-interaction-v0, fabric-game-rule-api-v1, fabric-gametest-api-v1, fabric-item-api-v1, fabric-item-group-api-v1, fabric-key-binding-api-v1, fabric-keybindings-v0, fabric-lifecycle-events-v1, fabric-loot-api-v2, fabric-loot-api-v3, fabric-message-api-v1, fabric-model-loading-api-v1, fabric-networking-api-v1, fabric-object-builder-api-v1, fabric-particles-v1, fabric-recipe-api-v1, fabric-registry-sync-v0, fabric-renderer-api-v1, fabric-renderer-indigo, fabric-rendering-data-attachment-v1, fabric-rendering-fluids-v1, fabric-rendering-v1, fabric-resource-conditions-api-v1, fabric-resource-loader-v0, fabric-screen-api-v1, fabric-screen-handler-api-v1, fabric-sound-api-v1, fabric-tag-api-v1, fabric-transfer-api-v1, fabric-transitive-access-wideners-v1, fabricloader]
[12:31:26] [Render thread/DEBUG] (FabricLoader/Mixin) Mixing KeyedResourceReloadListenerClientMixin from fabric-resource-loader-v0.client.mixins.json into net.minecraft.client.resource.language.LanguageManager
[12:31:26] [Render thread/DEBUG] (FabricLoader/Mixin) Mixing KeyedResourceReloadListenerClientMixin from fabric-resource-loader-v0.client.mixins.json into net.minecraft.client.texture.TextureManager
[12:31:26] [Render thread/DEBUG] (FabricLoader/Mixin) Mixing client.TextureManagerMixin from geckolib.mixins.json into net.minecraft.client.texture.TextureManager
[12:31:26] [Render thread/DEBUG] (FabricLoader/Mixin) geckolib.mixins.json:client.TextureManagerMixin from mod geckolib: Class version 65 required is higher than the class version supported by the current version of Mixin (JAVA_17 supports class version 61)
[12:31:26] [Render thread/DEBUG] (FabricLoader/Mixin) Mixing KeyedResourceReloadListenerClientMixin from fabric-resource-loader-v0.client.mixins.json into net.minecraft.client.sound.SoundManager
[12:31:26] [Render thread/DEBUG] (FabricLoader/Mixin) Mixing modification.DynamicRegistryManagerImmutableImplMixin from fabric-biome-api-v1.mixins.json into net.minecraft.registry.DynamicRegistryManager$ImmutableImpl
[12:31:26] [Render thread/DEBUG] (FabricLoader/Mixin) Mixing SoundSystemMixin from fabric-sound-api-v1.mixins.json into net.minecraft.client.sound.SoundSystem
[12:31:27] [Render thread/DEBUG] (FabricLoader/Mixin) Mixing FontManagerMixin from fabric-resource-loader-v0.client.mixins.json into net.minecraft.client.font.FontManager
[12:31:27] [Render thread/DEBUG] (FabricLoader/Mixin) Mixing BlockColorsMixin from fabric-registry-sync-v0.client.mixins.json into net.minecraft.client.color.block.BlockColors
[12:31:27] [Render thread/DEBUG] (FabricLoader/Mixin) Mixing BlockColorsMixin from fabric-rendering-v1.mixins.json into net.minecraft.client.color.block.BlockColors
[12:31:27] [Render thread/DEBUG] (FabricLoader/Mixin) fabric-registry-sync-v0.client.mixins.json:BlockColorsMixin from mod fabric-registry-sync-v0->@Inject::create(Lorg/spongepowered/asm/mixin/injection/callback/CallbackInfo;)V doesn't use it's CallbackInfo
[12:31:27] [Render thread/DEBUG] (FabricLoader/Mixin) fabric-registry-sync-v0.client.mixins.json:BlockColorsMixin from mod fabric-registry-sync-v0->@Inject::create(Lorg/spongepowered/asm/mixin/injection/callback/CallbackInfo;)V has 0 override(s) in child classes
[12:31:27] [Render thread/DEBUG] (FabricLoader/Mixin) fabric-registry-sync-v0.client.mixins.json:BlockColorsMixin from mod fabric-registry-sync-v0->@Inject::create(Lorg/spongepowered/asm/mixin/injection/callback/CallbackInfo;)V won't be passed a CallbackInfo as a result
[12:31:27] [Render thread/DEBUG] (FabricLoader/Mixin) fabric-rendering-v1.mixins.json:BlockColorsMixin from mod fabric-rendering-v1->@Inject::create(Lorg/spongepowered/asm/mixin/injection/callback/CallbackInfoReturnable;)V does use it's CallbackInfoReturnable
[12:31:27] [Render thread/DEBUG] (FabricLoader/Mixin) Mixing BakedModelManagerMixin from fabric-model-loading-api-v1.mixins.json into net.minecraft.client.render.model.BakedModelManager
[12:31:27] [Render thread/DEBUG] (FabricLoader/Mixin) Renaming synthetic method lambda$hookModelBaking$3(Ljava/util/function/Function;Ljava/lang/Void;)Ljava/lang/Object; to md1d5659$fabric-model-loading-api-v1$lambda$hookModelBaking$3$0 in fabric-model-loading-api-v1.mixins.json:BakedModelManagerMixin from mod fabric-model-loading-api-v1
[12:31:27] [Render thread/DEBUG] (FabricLoader/Mixin) Renaming synthetic method lambda$hookModelDiscovery$2(Ljava/util/function/Function;Ljava/lang/Void;)Lnet/minecraft/client/render/model/ReferencedModelsCollector; to md1d5659$fabric-model-loading-api-v1$lambda$hookModelDiscovery$2$1 in fabric-model-loading-api-v1.mixins.json:BakedModelManagerMixin from mod fabric-model-loading-api-v1
[12:31:27] [Render thread/DEBUG] (FabricLoader/Mixin) Renaming synthetic method lambda$hookBlockStateModels$1(Lnet/minecraft/client/render/model/BlockStatesLoader$BlockStateDefinition;Lnet/fabricmc/fabric/impl/client/model/loading/ModelLoadingEventDispatcher;)Lnet/minecraft/client/render/model/BlockStatesLoader$BlockStateDefinition; to md1d5659$fabric-model-loading-api-v1$lambda$hookBlockStateModels$1$2 in fabric-model-loading-api-v1.mixins.json:BakedModelManagerMixin from mod fabric-model-loading-api-v1
[12:31:27] [Render thread/DEBUG] (FabricLoader/Mixin) Renaming synthetic method lambda$resetEventDispatcherFuture$0(Ljava/lang/Void;)Ljava/lang/Void; to md1d5659$fabric-model-loading-api-v1$lambda$resetEventDispatcherFuture$0$3 in fabric-model-loading-api-v1.mixins.json:BakedModelManagerMixin from mod fabric-model-loading-api-v1
[12:31:27] [Render thread/DEBUG] (FabricLoader/Mixin) Mixing KeyedResourceReloadListenerClientMixin from fabric-resource-loader-v0.client.mixins.json into net.minecraft.client.render.model.BakedModelManager
[12:31:29] [Render thread/DEBUG] (FabricLoader/Mixin) fabric-model-loading-api-v1.mixins.json:BakedModelManagerMixin from mod fabric-model-loading-api-v1->@Inject::onHeadReload(Lnet/minecraft/resource/ResourceReloader$Synchronizer;Lnet/minecraft/resource/ResourceManager;Ljava/util/concurrent/Executor;Ljava/util/concurrent/Executor;Lorg/spongepowered/asm/mixin/injection/callback/CallbackInfoReturnable;)V doesn't use it's CallbackInfoReturnable
[12:31:29] [Render thread/DEBUG] (FabricLoader/Mixin) fabric-model-loading-api-v1.mixins.json:BakedModelManagerMixin from mod fabric-model-loading-api-v1->@Inject::onHeadReload(Lnet/minecraft/resource/ResourceReloader$Synchronizer;Lnet/minecraft/resource/ResourceManager;Ljava/util/concurrent/Executor;Ljava/util/concurrent/Executor;Lorg/spongepowered/asm/mixin/injection/callback/CallbackInfoReturnable;)V has 0 override(s) in child classes
[12:31:29] [Render thread/DEBUG] (FabricLoader/Mixin) fabric-model-loading-api-v1.mixins.json:BakedModelManagerMixin from mod fabric-model-loading-api-v1->@Inject::onHeadReload(Lnet/minecraft/resource/ResourceReloader$Synchronizer;Lnet/minecraft/resource/ResourceManager;Ljava/util/concurrent/Executor;Ljava/util/concurrent/Executor;Lorg/spongepowered/asm/mixin/injection/callback/CallbackInfoReturnable;)V won't be passed a CallbackInfoReturnable as a result
[12:31:29] [Render thread/DEBUG] (FabricLoader/Mixin) fabric-model-loading-api-v1.mixins.json:BakedModelManagerMixin from mod fabric-model-loading-api-v1->@Inject::onUpload(Lorg/spongepowered/asm/mixin/injection/callback/CallbackInfo;)V doesn't use it's CallbackInfo
[12:31:29] [Render thread/DEBUG] (FabricLoader/Mixin) fabric-model-loading-api-v1.mixins.json:BakedModelManagerMixin from mod fabric-model-loading-api-v1->@Inject::onUpload(Lorg/spongepowered/asm/mixin/injection/callback/CallbackInfo;)V has 0 override(s) in child classes
[12:31:29] [Render thread/DEBUG] (FabricLoader/Mixin) fabric-model-loading-api-v1.mixins.json:BakedModelManagerMixin from mod fabric-model-loading-api-v1->@Inject::onUpload(Lorg/spongepowered/asm/mixin/injection/callback/CallbackInfo;)V won't be passed a CallbackInfo as a result
[12:31:29] [Render thread/DEBUG] (FabricLoader/Mixin) Mixing JsonDataLoaderMixin from fabric-resource-conditions-api-v1.mixins.json into net.minecraft.resource.JsonDataLoader
[12:31:29] [Render thread/DEBUG] (FabricLoader/Mixin) Mixing JsonDataLoaderMixin from fabric-loot-api-v3.mixins.json into net.minecraft.resource.JsonDataLoader
[12:31:29] [Render thread/DEBUG] (FabricLoader/Mixin) fabric-resource-conditions-api-v1.mixins.json:JsonDataLoaderMixin from mod fabric-resource-conditions-api-v1->@Inject::skipData(Ljava/util/Map;Lnet/minecraft/util/Identifier;Ljava/lang/Object;Lorg/spongepowered/asm/mixin/injection/callback/CallbackInfo;)V does use it's CallbackInfo
[12:31:29] [Render thread/DEBUG] (FabricLoader/Mixin) fabric-loot-api-v3.mixins.json:JsonDataLoaderMixin from mod fabric-loot-api-v3->@Inject::fillSourceMap(Lnet/minecraft/resource/ResourceManager;Lnet/minecraft/resource/ResourceFinder;Lcom/mojang/serialization/DynamicOps;Lcom/mojang/serialization/Codec;Ljava/util/Map;Lorg/spongepowered/asm/mixin/injection/callback/CallbackInfo;)V doesn't use it's CallbackInfo
[12:31:31] [Render thread/DEBUG] (FabricLoader/Mixin) Mixing ModelBakerMixin from fabric-model-loading-api-v1.mixins.json into net.minecraft.client.render.model.ModelBaker
[12:31:31] [Render thread/DEBUG] (FabricLoader/Mixin) Renaming synthetic method lambda$onReturnBake$0(Lnet/minecraft/client/render/model/ModelBaker$ErrorCollectingSpriteGetter;Ljava/util/Map;Lnet/minecraft/util/Identifier;)V to md1d5659$fabric-model-loading-api-v1$lambda$onReturnBake$0$0 in fabric-model-loading-api-v1.mixins.json:ModelBakerMixin from mod fabric-model-loading-api-v1
[12:31:31] [Render thread/DEBUG] (FabricLoader/Mixin) fabric-model-loading-api-v1.mixins.json:ModelBakerMixin from mod fabric-model-loading-api-v1->@Inject::onReturnInit(Lorg/spongepowered/asm/mixin/injection/callback/CallbackInfo;)V doesn't use it's CallbackInfo
[12:31:31] [Render thread/DEBUG] (FabricLoader/Mixin) fabric-model-loading-api-v1.mixins.json:ModelBakerMixin from mod fabric-model-loading-api-v1->@Inject::onReturnInit(Lorg/spongepowered/asm/mixin/injection/callback/CallbackInfo;)V has 0 override(s) in child classes
[12:31:31] [Render thread/DEBUG] (FabricLoader/Mixin) fabric-model-loading-api-v1.mixins.json:ModelBakerMixin from mod fabric-model-loading-api-v1->@Inject::onReturnInit(Lorg/spongepowered/asm/mixin/injection/callback/CallbackInfo;)V won't be passed a CallbackInfo as a result
[12:31:31] [Render thread/DEBUG] (FabricLoader/Mixin) fabric-model-loading-api-v1.mixins.json:ModelBakerMixin from mod fabric-model-loading-api-v1->@Inject::onReturnBake(Lnet/minecraft/client/render/model/ModelBaker$ErrorCollectingSpriteGetter;Lorg/spongepowered/asm/mixin/injection/callback/CallbackInfoReturnable;)V does use it's CallbackInfoReturnable
[12:31:32] [Render thread/DEBUG] (FabricLoader/Mixin) Mixing KeyedResourceReloadListenerClientMixin from fabric-resource-loader-v0.client.mixins.json into net.minecraft.client.render.block.BlockRenderManager
[12:31:32] [Render thread/DEBUG] (FabricLoader/Mixin) Mixing BlockModelRendererMixin from fabric-renderer-indigo.mixins.json into net.minecraft.client.render.block.BlockModelRenderer
[12:31:33] [Render thread/DEBUG] (FabricLoader/Mixin) fabric-renderer-indigo.mixins.json:BlockModelRendererMixin from mod fabric-renderer-indigo->@Inject::hookRender(Lnet/minecraft/world/BlockRenderView;Lnet/minecraft/client/render/model/BakedModel;Lnet/minecraft/block/BlockState;Lnet/minecraft/util/math/BlockPos;Lnet/minecraft/client/util/math/MatrixStack;Lnet/minecraft/client/render/VertexConsumer;ZLnet/minecraft/util/math/random/Random;JILorg/spongepowered/asm/mixin/injection/callback/CallbackInfo;)V does use it's CallbackInfo
[12:31:33] [Render thread/DEBUG] (FabricLoader/Mixin) Mixing FluidRendererMixin from fabric-rendering-fluids-v1.mixins.json into net.minecraft.client.render.block.FluidRenderer
[12:31:33] [Render thread/DEBUG] (FabricLoader/Mixin) fabric-rendering-fluids-v1.mixins.json:FluidRendererMixin from mod fabric-rendering-fluids-v1->@Inject::onResourceReloadReturn(Lorg/spongepowered/asm/mixin/injection/callback/CallbackInfo;)V doesn't use it's CallbackInfo
[12:31:33] [Render thread/DEBUG] (FabricLoader/Mixin) fabric-rendering-fluids-v1.mixins.json:FluidRendererMixin from mod fabric-rendering-fluids-v1->@Inject::onResourceReloadReturn(Lorg/spongepowered/asm/mixin/injection/callback/CallbackInfo;)V has 0 override(s) in child classes
[12:31:33] [Render thread/DEBUG] (FabricLoader/Mixin) fabric-rendering-fluids-v1.mixins.json:FluidRendererMixin from mod fabric-rendering-fluids-v1->@Inject::onResourceReloadReturn(Lorg/spongepowered/asm/mixin/injection/callback/CallbackInfo;)V won't be passed a CallbackInfo as a result
[12:31:33] [Render thread/DEBUG] (FabricLoader/Mixin) fabric-rendering-fluids-v1.mixins.json:FluidRendererMixin from mod fabric-rendering-fluids-v1->@Inject::onHeadRender(Lnet/minecraft/world/BlockRenderView;Lnet/minecraft/util/math/BlockPos;Lnet/minecraft/client/render/VertexConsumer;Lnet/minecraft/block/BlockState;Lnet/minecraft/fluid/FluidState;Lorg/spongepowered/asm/mixin/injection/callback/CallbackInfo;)V does use it's CallbackInfo
[12:31:33] [Render thread/DEBUG] (FabricLoader/Mixin) Mixing client.EntityRenderDispatcherMixin from geckolib.mixins.json into net.minecraft.client.render.entity.EntityRenderDispatcher
[12:31:33] [Render thread/DEBUG] (FabricLoader/Mixin) geckolib.mixins.json:client.EntityRenderDispatcherMixin from mod geckolib: Class version 65 required is higher than the class version supported by the current version of Mixin (JAVA_17 supports class version 61)
[12:31:33] [Render thread/DEBUG] (FabricLoader/Mixin) Mixing mixin.HeldItemRendererMixin from delta.mixins.json into net.minecraft.client.render.item.HeldItemRenderer
[12:31:33] [Render thread/DEBUG] (FabricLoader/Mixin) Mixing HeldItemRendererMixin from fabric-item-api-v1.client.mixins.json into net.minecraft.client.render.item.HeldItemRenderer
[12:31:33] [Render thread/DEBUG] (FabricLoader/Mixin) delta.mixins.json:mixin.HeldItemRendererMixin from mod delta->@Inject::onRenderFirstPersonItem(Lnet/minecraft/client/network/AbstractClientPlayerEntity;FFLnet/minecraft/util/Hand;FLnet/minecraft/item/ItemStack;FLnet/minecraft/client/util/math/MatrixStack;Lnet/minecraft/client/render/VertexConsumerProvider;ILorg/spongepowered/asm/mixin/injection/callback/CallbackInfo;)V doesn't use it's CallbackInfo
[12:31:33] [Render thread/DEBUG] (FabricLoader/Mixin) delta.mixins.json:mixin.HeldItemRendererMixin from mod delta->@Inject::onRenderFirstPersonItem(Lnet/minecraft/client/network/AbstractClientPlayerEntity;FFLnet/minecraft/util/Hand;FLnet/minecraft/item/ItemStack;FLnet/minecraft/client/util/math/MatrixStack;Lnet/minecraft/client/render/VertexConsumerProvider;ILorg/spongepowered/asm/mixin/injection/callback/CallbackInfo;)V has 0 override(s) in child classes
[12:31:33] [Render thread/DEBUG] (FabricLoader/Mixin) delta.mixins.json:mixin.HeldItemRendererMixin from mod delta->@Inject::onRenderFirstPersonItem(Lnet/minecraft/client/network/AbstractClientPlayerEntity;FFLnet/minecraft/util/Hand;FLnet/minecraft/item/ItemStack;FLnet/minecraft/client/util/math/MatrixStack;Lnet/minecraft/client/render/VertexConsumerProvider;ILorg/spongepowered/asm/mixin/injection/callback/CallbackInfo;)V won't be passed a CallbackInfo as a result
[12:31:33] [Render thread/DEBUG] (FabricLoader/Mixin) fabric-item-api-v1.client.mixins.json:HeldItemRendererMixin from mod fabric-item-api-v1->@Inject::modifyProgressAnimation(Lorg/spongepowered/asm/mixin/injection/callback/CallbackInfo;)V doesn't use it's CallbackInfo
[12:31:33] [Render thread/DEBUG] (FabricLoader/Mixin) fabric-item-api-v1.client.mixins.json:HeldItemRendererMixin from mod fabric-item-api-v1->@Inject::modifyProgressAnimation(Lorg/spongepowered/asm/mixin/injection/callback/CallbackInfo;)V has 0 override(s) in child classes
[12:31:33] [Render thread/DEBUG] (FabricLoader/Mixin) fabric-item-api-v1.client.mixins.json:HeldItemRendererMixin from mod fabric-item-api-v1->@Inject::modifyProgressAnimation(Lorg/spongepowered/asm/mixin/injection/callback/CallbackInfo;)V won't be passed a CallbackInfo as a result
[12:31:33] [Render thread/DEBUG] (FabricLoader/Mixin) Mixing mixin.ParticleManagerMixin from delta.mixins.json into net.minecraft.client.particle.ParticleManager
[12:31:33] [Render thread/DEBUG] (FabricLoader/Mixin) Mixing ParticleManagerMixin from fabric-registry-sync-v0.client.mixins.json into net.minecraft.client.particle.ParticleManager
[12:31:33] [Render thread/DEBUG] (FabricLoader/Mixin) Mixing ParticleManagerMixin from fabric-particles-v1.client.mixins.json into net.minecraft.client.particle.ParticleManager
[12:31:33] [Render thread/DEBUG] (FabricLoader/Mixin) Mixing ParticleManagerAccessor from fabric-particles-v1.client.mixins.json into net.minecraft.client.particle.ParticleManager
[12:31:33] [Render thread/DEBUG] (FabricLoader/Mixin) delta.mixins.json:mixin.ParticleManagerMixin from mod delta->@Inject::onAddBlockBreakParticles(Lnet/minecraft/util/math/BlockPos;Lnet/minecraft/block/BlockState;Lorg/spongepowered/asm/mixin/injection/callback/CallbackInfo;)V does use it's CallbackInfo
[12:31:33] [Render thread/DEBUG] (FabricLoader/Mixin) delta.mixins.json:mixin.ParticleManagerMixin from mod delta->@Inject::onAddBlockBreakingParticles(Lnet/minecraft/util/math/BlockPos;Lnet/minecraft/util/math/Direction;Lorg/spongepowered/asm/mixin/injection/callback/CallbackInfo;)V does use it's CallbackInfo
[12:31:33] [Render thread/DEBUG] (FabricLoader/Mixin) delta.mixins.json:mixin.ParticleManagerMixin from mod delta->@Inject::onAddParticle(Lnet/minecraft/particle/ParticleEffect;DDDDDDLorg/spongepowered/asm/mixin/injection/callback/CallbackInfoReturnable;)V does use it's CallbackInfoReturnable
[12:31:33] [Render thread/DEBUG] (FabricLoader/Mixin) fabric-registry-sync-v0.client.mixins.json:ParticleManagerMixin from mod fabric-registry-sync-v0->@Inject::onInit(Lnet/minecraft/client/world/ClientWorld;Lnet/minecraft/client/texture/TextureManager;Lorg/spongepowered/asm/mixin/injection/callback/CallbackInfo;)V doesn't use it's CallbackInfo
[12:31:33] [Render thread/DEBUG] (FabricLoader/Mixin) fabric-registry-sync-v0.client.mixins.json:ParticleManagerMixin from mod fabric-registry-sync-v0->@Inject::onInit(Lnet/minecraft/client/world/ClientWorld;Lnet/minecraft/client/texture/TextureManager;Lorg/spongepowered/asm/mixin/injection/callback/CallbackInfo;)V has 0 override(s) in child classes
[12:31:33] [Render thread/DEBUG] (FabricLoader/Mixin) fabric-registry-sync-v0.client.mixins.json:ParticleManagerMixin from mod fabric-registry-sync-v0->@Inject::onInit(Lnet/minecraft/client/world/ClientWorld;Lnet/minecraft/client/texture/TextureManager;Lorg/spongepowered/asm/mixin/injection/callback/CallbackInfo;)V won't be passed a CallbackInfo as a result
[12:31:33] [Render thread/DEBUG] (FabricLoader/Mixin) fabric-particles-v1.client.mixins.json:ParticleManagerMixin from mod fabric-particles-v1->@Inject::onRegisterDefaultFactories(Lorg/spongepowered/asm/mixin/injection/callback/CallbackInfo;)V doesn't use it's CallbackInfo
[12:31:33] [Render thread/DEBUG] (FabricLoader/Mixin) fabric-particles-v1.client.mixins.json:ParticleManagerMixin from mod fabric-particles-v1->@Inject::onRegisterDefaultFactories(Lorg/spongepowered/asm/mixin/injection/callback/CallbackInfo;)V has 0 override(s) in child classes
[12:31:33] [Render thread/DEBUG] (FabricLoader/Mixin) fabric-particles-v1.client.mixins.json:ParticleManagerMixin from mod fabric-particles-v1->@Inject::onRegisterDefaultFactories(Lorg/spongepowered/asm/mixin/injection/callback/CallbackInfo;)V won't be passed a CallbackInfo as a result
[12:31:33] [Render thread/DEBUG] (FabricLoader/Mixin) Mixing BlockDustParticleMixin from fabric-particles-v1.client.mixins.json into net.minecraft.client.particle.BlockDustParticle
[12:31:33] [Render thread/DEBUG] (FabricLoader/Mixin) Mixing ParticleManagerAccessor$SimpleSpriteProviderAccessor from fabric-particles-v1.client.mixins.json into net.minecraft.client.particle.ParticleManager$SimpleSpriteProvider
[12:31:34] [Render thread/DEBUG] (FabricLoader/Mixin) Mixing mixin.GameRendererMixin from delta.mixins.json into net.minecraft.client.render.GameRenderer
[12:31:34] [Render thread/DEBUG] (FabricLoader/Mixin) Mixing GameRendererMixin from fabric-screen-api-v1.mixins.json into net.minecraft.client.render.GameRenderer
[12:31:34] [Render thread/DEBUG] (FabricLoader/Mixin) delta.mixins.json:mixin.GameRendererMixin from mod delta->@Inject::renderWorld(Lnet/minecraft/client/render/RenderTickCounter;Lorg/spongepowered/asm/mixin/injection/callback/CallbackInfo;)V doesn't use it's CallbackInfo
[12:31:34] [Render thread/DEBUG] (FabricLoader/Mixin) delta.mixins.json:mixin.GameRendererMixin from mod delta->@Inject::renderWorld(Lnet/minecraft/client/render/RenderTickCounter;Lorg/spongepowered/asm/mixin/injection/callback/CallbackInfo;)V has 0 override(s) in child classes
[12:31:34] [Render thread/DEBUG] (FabricLoader/Mixin) delta.mixins.json:mixin.GameRendererMixin from mod delta->@Inject::renderWorld(Lnet/minecraft/client/render/RenderTickCounter;Lorg/spongepowered/asm/mixin/injection/callback/CallbackInfo;)V won't be passed a CallbackInfo as a result
[12:31:34] [Render thread/DEBUG] (FabricLoader/Mixin) delta.mixins.json:mixin.GameRendererMixin from mod delta->@Inject::preRenderHand(Lnet/minecraft/client/render/Camera;FLorg/joml/Matrix4f;Lorg/spongepowered/asm/mixin/injection/callback/CallbackInfo;)V doesn't use it's CallbackInfo
[12:31:34] [Render thread/DEBUG] (FabricLoader/Mixin) delta.mixins.json:mixin.GameRendererMixin from mod delta->@Inject::preRenderHand(Lnet/minecraft/client/render/Camera;FLorg/joml/Matrix4f;Lorg/spongepowered/asm/mixin/injection/callback/CallbackInfo;)V has 0 override(s) in child classes
[12:31:34] [Render thread/DEBUG] (FabricLoader/Mixin) delta.mixins.json:mixin.GameRendererMixin from mod delta->@Inject::preRenderHand(Lnet/minecraft/client/render/Camera;FLorg/joml/Matrix4f;Lorg/spongepowered/asm/mixin/injection/callback/CallbackInfo;)V won't be passed a CallbackInfo as a result
[12:31:34] [Render thread/DEBUG] (FabricLoader/Mixin) delta.mixins.json:mixin.GameRendererMixin from mod delta->@Inject::postRenderHand(Lnet/minecraft/client/render/Camera;FLorg/joml/Matrix4f;Lorg/spongepowered/asm/mixin/injection/callback/CallbackInfo;)V doesn't use it's CallbackInfo
[12:31:34] [Render thread/DEBUG] (FabricLoader/Mixin) delta.mixins.json:mixin.GameRendererMixin from mod delta->@Inject::postRenderHand(Lnet/minecraft/client/render/Camera;FLorg/joml/Matrix4f;Lorg/spongepowered/asm/mixin/injection/callback/CallbackInfo;)V has 0 override(s) in child classes
[12:31:34] [Render thread/DEBUG] (FabricLoader/Mixin) delta.mixins.json:mixin.GameRendererMixin from mod delta->@Inject::postRenderHand(Lnet/minecraft/client/render/Camera;FLorg/joml/Matrix4f;Lorg/spongepowered/asm/mixin/injection/callback/CallbackInfo;)V won't be passed a CallbackInfo as a result
[12:31:34] [Render thread/DEBUG] (FabricLoader/Mixin) delta.mixins.json:mixin.GameRendererMixin from mod delta->@Inject::tiltViewWhenHurt(Lnet/minecraft/client/util/math/MatrixStack;FLorg/spongepowered/asm/mixin/injection/callback/CallbackInfo;)V does use it's CallbackInfo
[12:31:34] [Render thread/DEBUG] (FabricLoader/Mixin) delta.mixins.json:mixin.GameRendererMixin from mod delta->@Inject::onFindCrosshairTarget(Lnet/minecraft/entity/Entity;DDFLorg/spongepowered/asm/mixin/injection/callback/CallbackInfoReturnable;)V does use it's CallbackInfoReturnable
[12:31:34] [Render thread/DEBUG] (FabricLoader/Mixin) delta.mixins.json:mixin.GameRendererMixin from mod delta->@Inject::onFindCrosshairTarget(Lnet/minecraft/entity/Entity;DDFLorg/spongepowered/asm/mixin/injection/callback/CallbackInfoReturnable;)V does use it's CallbackInfoReturnable
[12:31:34] [Render thread/DEBUG] (FabricLoader/Mixin) Mixing mixin.CameraMixin from delta.mixins.json into net.minecraft.client.render.Camera
[12:31:34] [Render thread/DEBUG] (FabricLoader/Mixin) Mixing accessors.CameraAccessor from delta.mixins.json into net.minecraft.client.render.Camera
[12:31:34] [Render thread/DEBUG] (FabricLoader/Mixin) delta.mixins.json:mixin.CameraMixin from mod delta->@Inject::onUpdate(Lnet/minecraft/world/BlockView;Lnet/minecraft/entity/Entity;ZZFLorg/spongepowered/asm/mixin/injection/callback/CallbackInfo;)V doesn't use it's CallbackInfo
[12:31:34] [Render thread/DEBUG] (FabricLoader/Mixin) delta.mixins.json:mixin.CameraMixin from mod delta->@Inject::onUpdate(Lnet/minecraft/world/BlockView;Lnet/minecraft/entity/Entity;ZZFLorg/spongepowered/asm/mixin/injection/callback/CallbackInfo;)V has 0 override(s) in child classes
[12:31:34] [Render thread/DEBUG] (FabricLoader/Mixin) delta.mixins.json:mixin.CameraMixin from mod delta->@Inject::onUpdate(Lnet/minecraft/world/BlockView;Lnet/minecraft/entity/Entity;ZZFLorg/spongepowered/asm/mixin/injection/callback/CallbackInfo;)V won't be passed a CallbackInfo as a result
[12:31:34] [Render thread/DEBUG] (FabricLoader/Mixin) delta.mixins.json:mixin.CameraMixin from mod delta->@Inject::getSubmergedFluidState(Lorg/spongepowered/asm/mixin/injection/callback/CallbackInfoReturnable;)V does use it's CallbackInfoReturnable
[12:31:34] [Render thread/DEBUG] (FabricLoader/Mixin) delta.mixins.json:mixin.CameraMixin from mod delta->@Inject::onClipToSpace(FLorg/spongepowered/asm/mixin/injection/callback/CallbackInfoReturnable;)V does use it's CallbackInfoReturnable
[12:31:34] [Render thread/DEBUG] (FabricLoader/Mixin) Mixing mixin.LightmapTextureManagerMixin from delta.mixins.json into net.minecraft.client.render.LightmapTextureManager
[12:31:34] [Render thread/DEBUG] (FabricLoader/Mixin) Mixing mixin.WorldRendererMixin from delta.mixins.json into net.minecraft.client.render.WorldRenderer
[12:31:34] [Render thread/DEBUG] (FabricLoader/Mixin) Mixing client.LevelRendererMixin from geckolib.mixins.json into net.minecraft.client.render.WorldRenderer
[12:31:34] [Render thread/DEBUG] (FabricLoader/Mixin) geckolib.mixins.json:client.LevelRendererMixin from mod geckolib: Class version 65 required is higher than the class version supported by the current version of Mixin (JAVA_17 supports class version 61)
[12:31:34] [Render thread/DEBUG] (FabricLoader/Mixin) Renaming synthetic method lambda$geckolib$captureRenderedEntities$0(I)D to md1d5659$geckolib$lambda$geckolib$captureRenderedEntities$0$0 in geckolib.mixins.json:client.LevelRendererMixin from mod geckolib
[12:31:34] [Render thread/DEBUG] (FabricLoader/Mixin) Mixing KeyedResourceReloadListenerClientMixin from fabric-resource-loader-v0.client.mixins.json into net.minecraft.client.render.WorldRenderer
[12:31:34] [Render thread/DEBUG] (FabricLoader/Mixin) Mixing WorldRendererMixin from fabric-rendering-v1.mixins.json into net.minecraft.client.render.WorldRenderer
[12:31:34] [Render thread/DEBUG] (FabricLoader/Mixin) Renaming synthetic method lambda$beforeClouds$0()V to md1d5659$fabric-rendering-v1$lambda$beforeClouds$0$1 in fabric-rendering-v1.mixins.json:WorldRendererMixin from mod fabric-rendering-v1
[12:31:34] [Render thread/DEBUG] (FabricLoader/Mixin) delta.mixins.json:mixin.WorldRendererMixin from mod delta->@Inject::onRenderWeather(Lnet/minecraft/client/render/FrameGraphBuilder;Lnet/minecraft/util/math/Vec3d;FLnet/minecraft/client/render/Fog;Lorg/spongepowered/asm/mixin/injection/callback/CallbackInfo;)V does use it's CallbackInfo
[12:31:34] [Render thread/DEBUG] (FabricLoader/Mixin) geckolib.mixins.json:client.LevelRendererMixin from mod geckolib->@Inject::geckolib$captureRenderedEntities(Lorg/spongepowered/asm/mixin/injection/callback/CallbackInfo;)V doesn't use it's CallbackInfo
[12:31:34] [Render thread/DEBUG] (FabricLoader/Mixin) geckolib.mixins.json:client.LevelRendererMixin from mod geckolib->@Inject::geckolib$captureRenderedEntities(Lorg/spongepowered/asm/mixin/injection/callback/CallbackInfo;)V has 0 override(s) in child classes
[12:31:34] [Render thread/DEBUG] (FabricLoader/Mixin) geckolib.mixins.json:client.LevelRendererMixin from mod geckolib->@Inject::geckolib$captureRenderedEntities(Lorg/spongepowered/asm/mixin/injection/callback/CallbackInfo;)V won't be passed a CallbackInfo as a result
[12:31:34] [Render thread/DEBUG] (FabricLoader/Mixin) fabric-rendering-v1.mixins.json:WorldRendererMixin from mod fabric-rendering-v1->@Inject::beforeRender(Lnet/minecraft/client/util/ObjectAllocator;Lnet/minecraft/client/render/RenderTickCounter;ZLnet/minecraft/client/render/Camera;Lnet/minecraft/client/render/GameRenderer;Lorg/joml/Matrix4f;Lorg/joml/Matrix4f;Lorg/spongepowered/asm/mixin/injection/callback/CallbackInfo;)V doesn't use it's CallbackInfo
[12:31:34] [Render thread/DEBUG] (FabricLoader/Mixin) fabric-rendering-v1.mixins.json:WorldRendererMixin from mod fabric-rendering-v1->@Inject::beforeRender(Lnet/minecraft/client/util/ObjectAllocator;Lnet/minecraft/client/render/RenderTickCounter;ZLnet/minecraft/client/render/Camera;Lnet/minecraft/client/render/GameRenderer;Lorg/joml/Matrix4f;Lorg/joml/Matrix4f;Lorg/spongepowered/asm/mixin/injection/callback/CallbackInfo;)V has 0 override(s) in child classes
[12:31:34] [Render thread/DEBUG] (FabricLoader/Mixin) fabric-rendering-v1.mixins.json:WorldRendererMixin from mod fabric-rendering-v1->@Inject::beforeRender(Lnet/minecraft/client/util/ObjectAllocator;Lnet/minecraft/client/render/RenderTickCounter;ZLnet/minecraft/client/render/Camera;Lnet/minecraft/client/render/GameRenderer;Lorg/joml/Matrix4f;Lorg/joml/Matrix4f;Lorg/spongepowered/asm/mixin/injection/callback/CallbackInfo;)V won't be passed a CallbackInfo as a result
[12:31:34] [Render thread/DEBUG] (FabricLoader/Mixin) fabric-rendering-v1.mixins.json:WorldRendererMixin from mod fabric-rendering-v1->@Inject::afterTerrainSetup(Lnet/minecraft/client/render/Camera;Lnet/minecraft/client/render/Frustum;ZZLorg/spongepowered/asm/mixin/injection/callback/CallbackInfo;)V doesn't use it's CallbackInfo
[12:31:34] [Render thread/DEBUG] (FabricLoader/Mixin) fabric-rendering-v1.mixins.json:WorldRendererMixin from mod fabric-rendering-v1->@Inject::afterTerrainSetup(Lnet/minecraft/client/render/Camera;Lnet/minecraft/client/render/Frustum;ZZLorg/spongepowered/asm/mixin/injection/callback/CallbackInfo;)V has 0 override(s) in child classes
[12:31:34] [Render thread/DEBUG] (FabricLoader/Mixin) fabric-rendering-v1.mixins.json:WorldRendererMixin from mod fabric-rendering-v1->@Inject::afterTerrainSetup(Lnet/minecraft/client/render/Camera;Lnet/minecraft/client/render/Frustum;ZZLorg/spongepowered/asm/mixin/injection/callback/CallbackInfo;)V won't be passed a CallbackInfo as a result
[12:31:34] [Render thread/DEBUG] (FabricLoader/Mixin) fabric-rendering-v1.mixins.json:WorldRendererMixin from mod fabric-rendering-v1->@Inject::beforeTerrainSolid(Lorg/spongepowered/asm/mixin/injection/callback/CallbackInfo;)V doesn't use it's CallbackInfo
[12:31:34] [Render thread/DEBUG] (FabricLoader/Mixin) fabric-rendering-v1.mixins.json:WorldRendererMixin from mod fabric-rendering-v1->@Inject::beforeTerrainSolid(Lorg/spongepowered/asm/mixin/injection/callback/CallbackInfo;)V has 0 override(s) in child classes
[12:31:34] [Render thread/DEBUG] (FabricLoader/Mixin) fabric-rendering-v1.mixins.json:WorldRendererMixin from mod fabric-rendering-v1->@Inject::beforeTerrainSolid(Lorg/spongepowered/asm/mixin/injection/callback/CallbackInfo;)V won't be passed a CallbackInfo as a result
[12:31:34] [Render thread/DEBUG] (FabricLoader/Mixin) fabric-rendering-v1.mixins.json:WorldRendererMixin from mod fabric-rendering-v1->@Inject::afterTerrainSolid(Lorg/spongepowered/asm/mixin/injection/callback/CallbackInfo;)V doesn't use it's CallbackInfo
[12:31:34] [Render thread/DEBUG] (FabricLoader/Mixin) fabric-rendering-v1.mixins.json:WorldRendererMixin from mod fabric-rendering-v1->@Inject::afterTerrainSolid(Lorg/spongepowered/asm/mixin/injection/callback/CallbackInfo;)V has 0 override(s) in child classes
[12:31:34] [Render thread/DEBUG] (FabricLoader/Mixin) fabric-rendering-v1.mixins.json:WorldRendererMixin from mod fabric-rendering-v1->@Inject::afterTerrainSolid(Lorg/spongepowered/asm/mixin/injection/callback/CallbackInfo;)V won't be passed a CallbackInfo as a result
[12:31:34] [Render thread/DEBUG] (FabricLoader/Mixin) fabric-rendering-v1.mixins.json:WorldRendererMixin from mod fabric-rendering-v1->@Inject::afterEntities(Lorg/spongepowered/asm/mixin/injection/callback/CallbackInfo;)V doesn't use it's CallbackInfo
[12:31:34] [Render thread/DEBUG] (FabricLoader/Mixin) fabric-rendering-v1.mixins.json:WorldRendererMixin from mod fabric-rendering-v1->@Inject::afterEntities(Lorg/spongepowered/asm/mixin/injection/callback/CallbackInfo;)V has 0 override(s) in child classes
[12:31:34] [Render thread/DEBUG] (FabricLoader/Mixin) fabric-rendering-v1.mixins.json:WorldRendererMixin from mod fabric-rendering-v1->@Inject::afterEntities(Lorg/spongepowered/asm/mixin/injection/callback/CallbackInfo;)V won't be passed a CallbackInfo as a result
[12:31:34] [Render thread/DEBUG] (FabricLoader/Mixin) fabric-rendering-v1.mixins.json:WorldRendererMixin from mod fabric-rendering-v1->@Inject::beforeRenderOutline(Lnet/minecraft/client/render/Camera;Lnet/minecraft/client/render/VertexConsumerProvider$Immediate;Lnet/minecraft/client/util/math/MatrixStack;ZLorg/spongepowered/asm/mixin/injection/callback/CallbackInfo;)V doesn't use it's CallbackInfo
[12:31:34] [Render thread/DEBUG] (FabricLoader/Mixin) fabric-rendering-v1.mixins.json:WorldRendererMixin from mod fabric-rendering-v1->@Inject::beforeRenderOutline(Lnet/minecraft/client/render/Camera;Lnet/minecraft/client/render/VertexConsumerProvider$Immediate;Lnet/minecraft/client/util/math/MatrixStack;ZLorg/spongepowered/asm/mixin/injection/callback/CallbackInfo;)V has 0 override(s) in child classes
[12:31:34] [Render thread/DEBUG] (FabricLoader/Mixin) fabric-rendering-v1.mixins.json:WorldRendererMixin from mod fabric-rendering-v1->@Inject::beforeRenderOutline(Lnet/minecraft/client/render/Camera;Lnet/minecraft/client/render/VertexConsumerProvider$Immediate;Lnet/minecraft/client/util/math/MatrixStack;ZLorg/spongepowered/asm/mixin/injection/callback/CallbackInfo;)V won't be passed a CallbackInfo as a result
[12:31:34] [Render thread/DEBUG] (FabricLoader/Mixin) fabric-rendering-v1.mixins.json:WorldRendererMixin from mod fabric-rendering-v1->@Inject::onDrawBlockOutline(Lnet/minecraft/client/render/Camera;Lnet/minecraft/client/render/VertexConsumerProvider$Immediate;Lnet/minecraft/client/util/math/MatrixStack;ZLorg/spongepowered/asm/mixin/injection/callback/CallbackInfo;)V does use it's CallbackInfo
[12:31:34] [Render thread/DEBUG] (FabricLoader/Mixin) fabric-rendering-v1.mixins.json:WorldRendererMixin from mod fabric-rendering-v1->@Inject::beforeDebugRender(Lorg/spongepowered/asm/mixin/injection/callback/CallbackInfo;)V doesn't use it's CallbackInfo
[12:31:34] [Render thread/DEBUG] (FabricLoader/Mixin) fabric-rendering-v1.mixins.json:WorldRendererMixin from mod fabric-rendering-v1->@Inject::beforeDebugRender(Lorg/spongepowered/asm/mixin/injection/callback/CallbackInfo;)V has 0 override(s) in child classes
[12:31:34] [Render thread/DEBUG] (FabricLoader/Mixin) fabric-rendering-v1.mixins.json:WorldRendererMixin from mod fabric-rendering-v1->@Inject::beforeDebugRender(Lorg/spongepowered/asm/mixin/injection/callback/CallbackInfo;)V won't be passed a CallbackInfo as a result
[12:31:34] [Render thread/DEBUG] (FabricLoader/Mixin) fabric-rendering-v1.mixins.json:WorldRendererMixin from mod fabric-rendering-v1->@Inject::beforeClouds(Lorg/spongepowered/asm/mixin/injection/callback/CallbackInfo;)V doesn't use it's CallbackInfo
[12:31:34] [Render thread/DEBUG] (FabricLoader/Mixin) fabric-rendering-v1.mixins.json:WorldRendererMixin from mod fabric-rendering-v1->@Inject::beforeClouds(Lorg/spongepowered/asm/mixin/injection/callback/CallbackInfo;)V has 0 override(s) in child classes
[12:31:34] [Render thread/DEBUG] (FabricLoader/Mixin) fabric-rendering-v1.mixins.json:WorldRendererMixin from mod fabric-rendering-v1->@Inject::beforeClouds(Lorg/spongepowered/asm/mixin/injection/callback/CallbackInfo;)V won't be passed a CallbackInfo as a result
[12:31:34] [Render thread/DEBUG] (FabricLoader/Mixin) fabric-rendering-v1.mixins.json:WorldRendererMixin from mod fabric-rendering-v1->@Inject::onFinishWritingFramebuffer(Lorg/spongepowered/asm/mixin/injection/callback/CallbackInfo;)V doesn't use it's CallbackInfo
[12:31:34] [Render thread/DEBUG] (FabricLoader/Mixin) fabric-rendering-v1.mixins.json:WorldRendererMixin from mod fabric-rendering-v1->@Inject::onFinishWritingFramebuffer(Lorg/spongepowered/asm/mixin/injection/callback/CallbackInfo;)V has 0 override(s) in child classes
[12:31:34] [Render thread/DEBUG] (FabricLoader/Mixin) fabric-rendering-v1.mixins.json:WorldRendererMixin from mod fabric-rendering-v1->@Inject::onFinishWritingFramebuffer(Lorg/spongepowered/asm/mixin/injection/callback/CallbackInfo;)V won't be passed a CallbackInfo as a result
[12:31:34] [Render thread/DEBUG] (FabricLoader/Mixin) fabric-rendering-v1.mixins.json:WorldRendererMixin from mod fabric-rendering-v1->@Inject::afterRender(Lorg/spongepowered/asm/mixin/injection/callback/CallbackInfo;)V doesn't use it's CallbackInfo
[12:31:34] [Render thread/DEBUG] (FabricLoader/Mixin) fabric-rendering-v1.mixins.json:WorldRendererMixin from mod fabric-rendering-v1->@Inject::afterRender(Lorg/spongepowered/asm/mixin/injection/callback/CallbackInfo;)V has 0 override(s) in child classes
[12:31:34] [Render thread/DEBUG] (FabricLoader/Mixin) fabric-rendering-v1.mixins.json:WorldRendererMixin from mod fabric-rendering-v1->@Inject::afterRender(Lorg/spongepowered/asm/mixin/injection/callback/CallbackInfo;)V won't be passed a CallbackInfo as a result
[12:31:34] [Render thread/DEBUG] (FabricLoader/Mixin) fabric-rendering-v1.mixins.json:WorldRendererMixin from mod fabric-rendering-v1->@Inject::onReload(Lorg/spongepowered/asm/mixin/injection/callback/CallbackInfo;)V doesn't use it's CallbackInfo
[12:31:34] [Render thread/DEBUG] (FabricLoader/Mixin) fabric-rendering-v1.mixins.json:WorldRendererMixin from mod fabric-rendering-v1->@Inject::onReload(Lorg/spongepowered/asm/mixin/injection/callback/CallbackInfo;)V has 0 override(s) in child classes
[12:31:34] [Render thread/DEBUG] (FabricLoader/Mixin) fabric-rendering-v1.mixins.json:WorldRendererMixin from mod fabric-rendering-v1->@Inject::onReload(Lorg/spongepowered/asm/mixin/injection/callback/CallbackInfo;)V won't be passed a CallbackInfo as a result
[12:31:34] [Render thread/DEBUG] (FabricLoader/Mixin) fabric-rendering-v1.mixins.json:WorldRendererMixin from mod fabric-rendering-v1->@Inject::renderWeather(Lnet/minecraft/client/render/FrameGraphBuilder;Lnet/minecraft/util/math/Vec3d;FLnet/minecraft/client/render/Fog;Lorg/spongepowered/asm/mixin/injection/callback/CallbackInfo;)V does use it's CallbackInfo
[12:31:34] [Render thread/DEBUG] (FabricLoader/Mixin) fabric-rendering-v1.mixins.json:WorldRendererMixin from mod fabric-rendering-v1->@Inject::renderCloud(Lnet/minecraft/client/render/FrameGraphBuilder;Lorg/joml/Matrix4f;Lorg/joml/Matrix4f;Lnet/minecraft/client/option/CloudRenderMode;Lnet/minecraft/util/math/Vec3d;FIFLorg/spongepowered/asm/mixin/injection/callback/CallbackInfo;)V does use it's CallbackInfo
[12:31:34] [Render thread/DEBUG] (FabricLoader/Mixin) fabric-rendering-v1.mixins.json:WorldRendererMixin from mod fabric-rendering-v1->@Inject::renderSky(Lnet/minecraft/client/render/FrameGraphBuilder;Lnet/minecraft/client/render/Camera;FLnet/minecraft/client/render/Fog;Lorg/spongepowered/asm/mixin/injection/callback/CallbackInfo;)V does use it's CallbackInfo
[12:31:35] [Render thread/DEBUG] (com.mojang.blaze3d.systems.RenderSystem) Growing IndexBuffer: Old limit 0, new limit 9360.
[12:31:35] [Render thread/DEBUG] (com.mojang.blaze3d.systems.RenderSystem) Growing IndexBuffer: Old limit 0, new limit 20.
[12:31:35] [Render thread/DEBUG] (FabricLoader/Mixin) Mixing mixin.WeatherRenderingMixin from delta.mixins.json into net.minecraft.client.render.WeatherRendering
[12:31:35] [Render thread/DEBUG] (FabricLoader/Mixin) Mixing LayeredDrawerAccessor from fabric-rendering-v1.mixins.json into net.minecraft.client.gui.LayeredDrawer
[12:31:35] [Render thread/DEBUG] (FabricLoader/Mixin) Mixing LayeredDrawerMixin from fabric-rendering-v1.mixins.json into net.minecraft.client.gui.LayeredDrawer
[12:31:35] [Render thread/DEBUG] (FabricLoader/Mixin) fabric-rendering-v1.mixins.json:LayeredDrawerMixin from mod fabric-rendering-v1->@Inject::wrapSubDrawer(Lnet/minecraft/client/gui/LayeredDrawer;Ljava/util/function/BooleanSupplier;Lorg/spongepowered/asm/mixin/injection/callback/CallbackInfoReturnable;)V does use it's CallbackInfoReturnable
[12:31:35] [Render thread/DEBUG] (FabricLoader/Mixin) Mixing mixin.DebugHudMixin from delta.mixins.json into net.minecraft.client.gui.hud.DebugHud
[12:31:35] [Render thread/DEBUG] (FabricLoader/Mixin) Mixing DebugHudMixin from fabric-renderer-api-v1.debughud.mixins.json into net.minecraft.client.gui.hud.DebugHud
[12:31:35] [Render thread/DEBUG] (FabricLoader/Mixin) fabric-renderer-api-v1.debughud.mixins.json:DebugHudMixin from mod fabric-renderer-api-v1->@Inject::getLeftText(Lorg/spongepowered/asm/mixin/injection/callback/CallbackInfoReturnable;)V does use it's CallbackInfoReturnable
[12:31:35] [Render thread/DEBUG] (FabricLoader/Mixin) fabric-renderer-api-v1.debughud.mixins.json:DebugHudMixin from mod fabric-renderer-api-v1->@Inject::getLeftText(Lorg/spongepowered/asm/mixin/injection/callback/CallbackInfoReturnable;)V does use it's CallbackInfoReturnable
[12:31:35] [Render thread/DEBUG] (FabricLoader/Mixin) Mixing accessors.PlayerListHudAccessor from delta.mixins.json into net.minecraft.client.gui.hud.PlayerListHud
[12:31:35] [Render thread/DEBUG] (FabricLoader/Mixin) Mixing mixin.PlayerListHudMixin from delta.mixins.json into net.minecraft.client.gui.hud.PlayerListHud
[12:31:35] [Render thread/DEBUG] (FabricLoader/Mixin) delta.mixins.json:mixin.PlayerListHudMixin from mod delta->@Inject::setVisible(ZLorg/spongepowered/asm/mixin/injection/callback/CallbackInfo;)V doesn't use it's CallbackInfo
[12:31:35] [Render thread/DEBUG] (FabricLoader/Mixin) delta.mixins.json:mixin.PlayerListHudMixin from mod delta->@Inject::setVisible(ZLorg/spongepowered/asm/mixin/injection/callback/CallbackInfo;)V has 0 override(s) in child classes
[12:31:35] [Render thread/DEBUG] (FabricLoader/Mixin) delta.mixins.json:mixin.PlayerListHudMixin from mod delta->@Inject::setVisible(ZLorg/spongepowered/asm/mixin/injection/callback/CallbackInfo;)V won't be passed a CallbackInfo as a result
[12:31:35] [Render thread/DEBUG] (FabricLoader/Mixin) delta.mixins.json:mixin.PlayerListHudMixin from mod delta->@Inject::headRender(Lnet/minecraft/client/gui/DrawContext;ILnet/minecraft/scoreboard/Scoreboard;Lnet/minecraft/scoreboard/ScoreboardObjective;Lorg/spongepowered/asm/mixin/injection/callback/CallbackInfo;)V doesn't use it's CallbackInfo
[12:31:35] [Render thread/DEBUG] (FabricLoader/Mixin) delta.mixins.json:mixin.PlayerListHudMixin from mod delta->@Inject::headRender(Lnet/minecraft/client/gui/DrawContext;ILnet/minecraft/scoreboard/Scoreboard;Lnet/minecraft/scoreboard/ScoreboardObjective;Lorg/spongepowered/asm/mixin/injection/callback/CallbackInfo;)V has 0 override(s) in child classes
[12:31:35] [Render thread/DEBUG] (FabricLoader/Mixin) delta.mixins.json:mixin.PlayerListHudMixin from mod delta->@Inject::headRender(Lnet/minecraft/client/gui/DrawContext;ILnet/minecraft/scoreboard/Scoreboard;Lnet/minecraft/scoreboard/ScoreboardObjective;Lorg/spongepowered/asm/mixin/injection/callback/CallbackInfo;)V won't be passed a CallbackInfo as a result
[12:31:35] [Render thread/DEBUG] (FabricLoader/Mixin) delta.mixins.json:mixin.PlayerListHudMixin from mod delta->@Inject::render(Lnet/minecraft/client/gui/DrawContext;ILnet/minecraft/scoreboard/Scoreboard;Lnet/minecraft/scoreboard/ScoreboardObjective;Lorg/spongepowered/asm/mixin/injection/callback/CallbackInfo;)V doesn't use it's CallbackInfo
[12:31:35] [Render thread/DEBUG] (FabricLoader/Mixin) delta.mixins.json:mixin.PlayerListHudMixin from mod delta->@Inject::render(Lnet/minecraft/client/gui/DrawContext;ILnet/minecraft/scoreboard/Scoreboard;Lnet/minecraft/scoreboard/ScoreboardObjective;Lorg/spongepowered/asm/mixin/injection/callback/CallbackInfo;)V has 0 override(s) in child classes
[12:31:35] [Render thread/DEBUG] (FabricLoader/Mixin) delta.mixins.json:mixin.PlayerListHudMixin from mod delta->@Inject::render(Lnet/minecraft/client/gui/DrawContext;ILnet/minecraft/scoreboard/Scoreboard;Lnet/minecraft/scoreboard/ScoreboardObjective;Lorg/spongepowered/asm/mixin/injection/callback/CallbackInfo;)V won't be passed a CallbackInfo as a result
[12:31:35] [Render thread/DEBUG] (FabricLoader/Mixin) Mixing mixin.BossBarHudMixin from delta.mixins.json into net.minecraft.client.gui.hud.BossBarHud
[12:31:35] [Render thread/DEBUG] (FabricLoader/Mixin) Mixing accessors.BossBarHudAccessor from delta.mixins.json into net.minecraft.client.gui.hud.BossBarHud
[12:31:35] [Render thread/DEBUG] (FabricLoader/Mixin) delta.mixins.json:mixin.BossBarHudMixin from mod delta->@Inject::render(Lorg/spongepowered/asm/mixin/injection/callback/CallbackInfo;)V does use it's CallbackInfo
[12:31:35] [Render thread/DEBUG] (FabricLoader/Mixin) Mixing ResourceMixin from fabric-resource-loader-v0.mixins.json into net.minecraft.resource.Resource
[12:31:35] [Render thread/DEBUG] (FabricLoader/Mixin) Mixing mixin.NarratorManagerMixin from delta.mixins.json into net.minecraft.client.util.NarratorManager
[12:31:35] [Render thread/DEBUG] (FabricLoader/Mixin) Mixing MessageHandlerMixin from fabric-message-api-v1.client.mixins.json into net.minecraft.client.network.message.MessageHandler
[12:31:35] [Render thread/DEBUG] (FabricLoader/Mixin) fabric-message-api-v1.client.mixins.json:MessageHandlerMixin from mod fabric-message-api-v1->@Inject::fabric_onSignedChatMessage(Lnet/minecraft/network/message/MessageType$Parameters;Lnet/minecraft/network/message/SignedMessage;Lnet/minecraft/text/Text;Lcom/mojang/authlib/GameProfile;ZLjava/time/Instant;Lorg/spongepowered/asm/mixin/injection/callback/CallbackInfoReturnable;)V does use it's CallbackInfoReturnable
[12:31:35] [Render thread/DEBUG] (FabricLoader/Mixin) fabric-message-api-v1.client.mixins.json:MessageHandlerMixin from mod fabric-message-api-v1->@Inject::fabric_onFilteredSignedChatMessage(Lnet/minecraft/network/message/MessageType$Parameters;Lnet/minecraft/network/message/SignedMessage;Lnet/minecraft/text/Text;Lcom/mojang/authlib/GameProfile;ZLjava/time/Instant;Lorg/spongepowered/asm/mixin/injection/callback/CallbackInfoReturnable;)V does use it's CallbackInfoReturnable
[12:31:35] [Render thread/DEBUG] (FabricLoader/Mixin) fabric-message-api-v1.client.mixins.json:MessageHandlerMixin from mod fabric-message-api-v1->@Inject::fabric_onProfilelessChatMessage(Lnet/minecraft/network/message/MessageType$Parameters;Lnet/minecraft/text/Text;Ljava/time/Instant;Lorg/spongepowered/asm/mixin/injection/callback/CallbackInfoReturnable;)V does use it's CallbackInfoReturnable
[12:31:35] [Render thread/DEBUG] (FabricLoader/Mixin) fabric-message-api-v1.client.mixins.json:MessageHandlerMixin from mod fabric-message-api-v1->@Inject::fabric_allowGameMessage(Lnet/minecraft/text/Text;ZLorg/spongepowered/asm/mixin/injection/callback/CallbackInfo;)V does use it's CallbackInfo
[12:31:36] [Render thread/DEBUG] (FabricLoader/Mixin) Mixing mixin.TextVisitFactoryMixin from delta.mixins.json into net.minecraft.text.TextVisitFactory
[12:31:36] [Render thread/INFO] (net.minecraft.resource.ReloadableResourceManagerImpl) Reloading ResourceManager: vanilla, fabric, delta, fabric-api, fabric-api-base, fabric-api-lookup-api-v1, fabric-biome-api-v1, fabric-block-api-v1, fabric-block-view-api-v2, fabric-blockrenderlayer-v1, fabric-client-gametest-api-v1, fabric-client-tags-api-v1, fabric-command-api-v1, fabric-command-api-v2, fabric-commands-v0, fabric-content-registries-v0, fabric-convention-tags-v1, fabric-convention-tags-v2, fabric-crash-report-info-v1, fabric-data-attachment-api-v1, fabric-data-generation-api-v1, fabric-dimensions-v1, fabric-entity-events-v1, fabric-events-interaction-v0, fabric-game-rule-api-v1, fabric-gametest-api-v1, fabric-item-api-v1, fabric-item-group-api-v1, fabric-key-binding-api-v1, fabric-keybindings-v0, fabric-lifecycle-events-v1, fabric-loot-api-v2, fabric-loot-api-v3, fabric-message-api-v1, fabric-model-loading-api-v1, fabric-networking-api-v1, fabric-object-builder-api-v1, fabric-particles-v1, fabric-recipe-api-v1, fabric-registry-sync-v0, fabric-renderer-api-v1, fabric-renderer-indigo, fabric-rendering-data-attachment-v1, fabric-rendering-fluids-v1, fabric-rendering-v1, fabric-resource-conditions-api-v1, fabric-resource-loader-v0, fabric-screen-api-v1, fabric-screen-handler-api-v1, fabric-sound-api-v1, fabric-tag-api-v1, fabric-transfer-api-v1, fabric-transitive-access-wideners-v1, fabricloader
[12:31:36] [Render thread/DEBUG] (FabricLoader/Mixin) Mixing SimpleResourceReloadMixin from fabric-resource-loader-v0.mixins.json into net.minecraft.resource.SimpleResourceReload
[12:31:36] [Render thread/DEBUG] (FabricLoader/Mixin) fabric-resource-loader-v0.mixins.json:SimpleResourceReloadMixin from mod fabric-resource-loader-v0->@Inject::method_40087(Lnet/minecraft/resource/ResourceManager;Ljava/util/List;Ljava/util/concurrent/Executor;Ljava/util/concurrent/Executor;Ljava/util/concurrent/CompletableFuture;ZLorg/spongepowered/asm/mixin/injection/callback/CallbackInfoReturnable;)V doesn't use it's CallbackInfoReturnable
[12:31:36] [Render thread/DEBUG] (FabricLoader/Mixin) Mixing JsonUnbakedModelAccessor from fabric-model-loading-api-v1.mixins.json into net.minecraft.client.render.model.json.JsonUnbakedModel
[12:31:36] [Render thread/DEBUG] (FabricLoader/Mixin) Renaming @Accessor method fabric_getGson()Lcom/google/gson/Gson; to fabric_getGson$fabric-model-loading-api-v1_$md$1d5659$0 in fabric-model-loading-api-v1.mixins.json:JsonUnbakedModelAccessor from mod fabric-model-loading-api-v1
[12:31:36] [Render thread/DEBUG] (FabricLoader/Mixin) Mixing JsonUnbakedModelMixin from fabric-model-loading-api-v1.mixins.json into net.minecraft.client.render.model.json.JsonUnbakedModel
[12:31:36] [Render thread/DEBUG] (FabricLoader/Mixin) Mixing ReferencedModelsCollectorMixin from fabric-model-loading-api-v1.mixins.json into net.minecraft.client.render.model.ReferencedModelsCollector
[12:31:36] [Render thread/DEBUG] (FabricLoader/Mixin) Renaming synthetic method lambda$onReturnInit$0(Lnet/minecraft/util/Identifier;)V to md1d5659$fabric-model-loading-api-v1$lambda$onReturnInit$0$0 in fabric-model-loading-api-v1.mixins.json:ReferencedModelsCollectorMixin from mod fabric-model-loading-api-v1
[12:31:36] [Render thread/DEBUG] (FabricLoader/Mixin) fabric-model-loading-api-v1.mixins.json:ReferencedModelsCollectorMixin from mod fabric-model-loading-api-v1->@Inject::onReturnInit(Lorg/spongepowered/asm/mixin/injection/callback/CallbackInfo;)V doesn't use it's CallbackInfo
[12:31:36] [Render thread/DEBUG] (FabricLoader/Mixin) fabric-model-loading-api-v1.mixins.json:ReferencedModelsCollectorMixin from mod fabric-model-loading-api-v1->@Inject::onReturnInit(Lorg/spongepowered/asm/mixin/injection/callback/CallbackInfo;)V has 0 override(s) in child classes
[12:31:36] [Render thread/DEBUG] (FabricLoader/Mixin) fabric-model-loading-api-v1.mixins.json:ReferencedModelsCollectorMixin from mod fabric-model-loading-api-v1->@Inject::onReturnInit(Lorg/spongepowered/asm/mixin/injection/callback/CallbackInfo;)V won't be passed a CallbackInfo as a result
[12:31:36] [ForkJoinPool.commonPool-worker-1/DEBUG] (FabricLoader/Mixin) Mixing client.BakedModelMixin from fabric-renderer-api-v1.mixins.json into net.minecraft.client.render.model.BakedModel
[12:31:36] [Render thread/DEBUG] (FabricLoader/Mixin) Mixing mixin.InactivityFpsLimiterMixin from delta.mixins.json into net.minecraft.client.option.InactivityFpsLimiter
[12:31:36] [Render thread/DEBUG] (FabricLoader/Mixin) delta.mixins.json:mixin.InactivityFpsLimiterMixin from mod delta->@Inject::onUpdate(Lorg/spongepowered/asm/mixin/injection/callback/CallbackInfoReturnable;)V does use it's CallbackInfoReturnable
[12:31:36] [Worker-Main-2/INFO] (net.minecraft.client.font.UnihexFont) Found unifont_all_no_pua-16.0.01.hex, loading
[12:31:37] [Worker-Main-1/DEBUG] (FabricLoader/Mixin) Mixing EntityModelsMixin from fabric-rendering-v1.mixins.json into net.minecraft.client.render.entity.model.EntityModels
[12:31:37] [Worker-Main-1/DEBUG] (FabricLoader/Mixin) fabric-rendering-v1.mixins.json:EntityModelsMixin from mod fabric-rendering-v1->@Inject::registerExtraModelData(Lorg/spongepowered/asm/mixin/injection/callback/CallbackInfoReturnable;Lcom/google/common/collect/ImmutableMap$Builder;)V doesn't use it's CallbackInfoReturnable
[12:31:37] [Worker-Main-1/DEBUG] (FabricLoader/Mixin) Mixing accessors.BipedEntityModelAccessor from delta.mixins.json into net.minecraft.client.render.entity.model.BipedEntityModel
[12:31:37] [Worker-Main-1/DEBUG] (FabricLoader/Mixin) Mixing client.EntityRenderStateMixin from geckolib.mixins.json into net.minecraft.client.render.entity.state.EntityRenderState
[12:31:37] [Worker-Main-1/DEBUG] (FabricLoader/Mixin) geckolib.mixins.json:client.EntityRenderStateMixin from mod geckolib: Class version 65 required is higher than the class version supported by the current version of Mixin (JAVA_17 supports class version 61)
[12:31:37] [Worker-Main-1/DEBUG] (FabricLoader/Mixin) Mixing EntityModelLayersAccessor from fabric-rendering-v1.mixins.json into net.minecraft.client.render.entity.model.EntityModelLayers
[12:31:37] [Worker-Main-1/DEBUG] (FabricLoader/Mixin) Renaming @Accessor method getLayers()Ljava/util/Set; to getLayers$fabric-rendering-v1_$md$1d5659$0 in fabric-rendering-v1.mixins.json:EntityModelLayersAccessor from mod fabric-rendering-v1
[12:31:37] [Worker-Main-1/DEBUG] (FabricLoader/Mixin) Mixing EntityModelLayersMixin from fabric-object-builder-v1.client.mixins.json into net.minecraft.client.render.entity.model.EntityModelLayers
[12:31:37] [Worker-Main-1/DEBUG] (FabricLoader/Mixin) Renaming synthetic method lambda$createHangingSign$0(Lnet/minecraft/client/render/block/entity/HangingSignBlockEntityRenderer$AttachmentType;Ljava/lang/String;)Ljava/lang/String; to md1d5659$fabric-object-builder-api-v1$lambda$createHangingSign$0$1 in fabric-object-builder-v1.client.mixins.json:EntityModelLayersMixin from mod fabric-object-builder-api-v1
[12:31:37] [Worker-Main-1/DEBUG] (FabricLoader/Mixin) fabric-object-builder-v1.client.mixins.json:EntityModelLayersMixin from mod fabric-object-builder-api-v1->@Inject::createStandingSign(Lnet/minecraft/block/WoodType;Lorg/spongepowered/asm/mixin/injection/callback/CallbackInfoReturnable;)V does use it's CallbackInfoReturnable
[12:31:37] [Worker-Main-1/DEBUG] (FabricLoader/Mixin) fabric-object-builder-v1.client.mixins.json:EntityModelLayersMixin from mod fabric-object-builder-api-v1->@Inject::createWallSign(Lnet/minecraft/block/WoodType;Lorg/spongepowered/asm/mixin/injection/callback/CallbackInfoReturnable;)V does use it's CallbackInfoReturnable
[12:31:37] [Worker-Main-1/DEBUG] (FabricLoader/Mixin) fabric-object-builder-v1.client.mixins.json:EntityModelLayersMixin from mod fabric-object-builder-api-v1->@Inject::createHangingSign(Lnet/minecraft/block/WoodType;Lnet/minecraft/client/render/block/entity/HangingSignBlockEntityRenderer$AttachmentType;Lorg/spongepowered/asm/mixin/injection/callback/CallbackInfoReturnable;)V does use it's CallbackInfoReturnable
[12:31:37] [Worker-Main-2/INFO] (net.minecraft.client.font.UnihexFont) Found unifont_jp_patch-16.0.01.hex, loading
[12:31:37] [Worker-Main-1/DEBUG] (FabricLoader/Mixin) Mixing mixin.SkinTexturesMixin from delta.mixins.json into net.minecraft.client.util.SkinTextures
[12:31:37] [Worker-Main-1/DEBUG] (FabricLoader/Mixin) delta.mixins.json:mixin.SkinTexturesMixin from mod delta->@Inject::texture(Lorg/spongepowered/asm/mixin/injection/callback/CallbackInfoReturnable;)V does use it's CallbackInfoReturnable
[12:31:40] [Worker-Main-3/DEBUG] (FabricLoader/Mixin) Mixing AtlasSourceManagerAccessor from fabric-rendering-v1.mixins.json into net.minecraft.client.texture.atlas.AtlasSourceManager
[12:31:40] [Worker-Main-3/DEBUG] (FabricLoader/Mixin) Renaming @Accessor method getSourceTypeById()Lcom/google/common/collect/BiMap; to getSourceTypeById$fabric-rendering-v1_$md$1d5659$0 in fabric-rendering-v1.mixins.json:AtlasSourceManagerAccessor from mod fabric-rendering-v1
[12:31:41] [Worker-Main-1/DEBUG] (FabricLoader/Mixin) Mixing ModelBakerBakerImplMixin from fabric-model-loading-api-v1.mixins.json into net.minecraft.client.render.model.ModelBaker$BakerImpl
[12:31:41] [Worker-Main-1/DEBUG] (FabricLoader/Mixin) Mixing client.MultipartBakedModelMixin from fabric-renderer-api-v1.mixins.json into net.minecraft.client.render.model.MultipartBakedModel
[12:31:41] [Worker-Main-1/DEBUG] (FabricLoader/Mixin) Renaming synthetic method lambda$emitBlockQuads$0(Lnet/minecraft/util/math/random/Random;J)Lnet/minecraft/util/math/random/Random; to md1d5659$fabric-renderer-api-v1$lambda$emitBlockQuads$0$0 in fabric-renderer-api-v1.mixins.json:client.MultipartBakedModelMixin from mod fabric-renderer-api-v1
[12:31:41] [Worker-Main-1/DEBUG] (FabricLoader/Mixin) fabric-renderer-api-v1.mixins.json:client.MultipartBakedModelMixin from mod fabric-renderer-api-v1->@Inject::onInit(Ljava/util/List;Lorg/spongepowered/asm/mixin/injection/callback/CallbackInfo;)V doesn't use it's CallbackInfo
[12:31:41] [Worker-Main-1/DEBUG] (FabricLoader/Mixin) fabric-renderer-api-v1.mixins.json:client.MultipartBakedModelMixin from mod fabric-renderer-api-v1->@Inject::onInit(Ljava/util/List;Lorg/spongepowered/asm/mixin/injection/callback/CallbackInfo;)V has 0 override(s) in child classes
[12:31:41] [Worker-Main-1/DEBUG] (FabricLoader/Mixin) fabric-renderer-api-v1.mixins.json:client.MultipartBakedModelMixin from mod fabric-renderer-api-v1->@Inject::onInit(Ljava/util/List;Lorg/spongepowered/asm/mixin/injection/callback/CallbackInfo;)V won't be passed a CallbackInfo as a result
[12:31:41] [Worker-Main-1/DEBUG] (FabricLoader/Mixin) Mixing WrapperBakedModelMixin from fabric-model-loading-api-v1.mixins.json into net.minecraft.client.render.model.WrapperBakedModel
[12:31:41] [Worker-Main-1/DEBUG] (FabricLoader/Mixin) Mixing client.WrapperBakedModelMixin from fabric-renderer-api-v1.mixins.json into net.minecraft.client.render.model.WrapperBakedModel
[12:31:42] [Worker-Main-1/DEBUG] (FabricLoader/Mixin) Mixing client.WeightedBakedModelMixin from fabric-renderer-api-v1.mixins.json into net.minecraft.client.render.model.WeightedBakedModel
[12:31:42] [Worker-Main-1/DEBUG] (FabricLoader/Mixin) Renaming synthetic method lambda$emitItemQuads$1(Ljava/util/function/Supplier;)Lnet/minecraft/util/math/random/Random; to md1d5659$fabric-renderer-api-v1$lambda$emitItemQuads$1$0 in fabric-renderer-api-v1.mixins.json:client.WeightedBakedModelMixin from mod fabric-renderer-api-v1
[12:31:42] [Worker-Main-1/DEBUG] (FabricLoader/Mixin) Renaming synthetic method lambda$emitBlockQuads$0(Ljava/util/function/Supplier;)Lnet/minecraft/util/math/random/Random; to md1d5659$fabric-renderer-api-v1$lambda$emitBlockQuads$0$1 in fabric-renderer-api-v1.mixins.json:client.WeightedBakedModelMixin from mod fabric-renderer-api-v1
[12:31:42] [Worker-Main-1/DEBUG] (FabricLoader/Mixin) fabric-renderer-api-v1.mixins.json:client.WeightedBakedModelMixin from mod fabric-renderer-api-v1->@Inject::onInit(Lnet/minecraft/util/collection/DataPool;Lorg/spongepowered/asm/mixin/injection/callback/CallbackInfo;)V doesn't use it's CallbackInfo
[12:31:42] [Worker-Main-1/DEBUG] (FabricLoader/Mixin) fabric-renderer-api-v1.mixins.json:client.WeightedBakedModelMixin from mod fabric-renderer-api-v1->@Inject::onInit(Lnet/minecraft/util/collection/DataPool;Lorg/spongepowered/asm/mixin/injection/callback/CallbackInfo;)V has 0 override(s) in child classes
[12:31:42] [Worker-Main-1/DEBUG] (FabricLoader/Mixin) fabric-renderer-api-v1.mixins.json:client.WeightedBakedModelMixin from mod fabric-renderer-api-v1->@Inject::onInit(Lnet/minecraft/util/collection/DataPool;Lorg/spongepowered/asm/mixin/injection/callback/CallbackInfo;)V won't be passed a CallbackInfo as a result
[12:31:42] [Render thread/DEBUG] (FabricLoader/Mixin) Mixing mixin.AbstractSoundInstanceMixin from delta.mixins.json into net.minecraft.client.sound.AbstractSoundInstance
[12:31:44] [Worker-Main-1/DEBUG] (FabricLoader/Mixin) Mixing ModelBakerBakedModelsMixin from fabric-model-loading-api-v1.mixins.json into net.minecraft.client.render.model.ModelBaker$BakedModels
[12:31:45] [Render thread/INFO] (net.minecraft.client.sound.SoundEngine) OpenAL initialized on device OpenAL Soft on Динамики (Realtek High Definition Audio)
[12:31:45] [Render thread/INFO] (net.minecraft.client.sound.SoundSystem) Sound engine started
[12:31:45] [Render thread/INFO] (net.minecraft.client.texture.SpriteAtlasTexture) Created: 1024x512x4 minecraft:textures/atlas/blocks.png-atlas
[12:31:45] [Render thread/INFO] (net.minecraft.client.texture.SpriteAtlasTexture) Created: 256x256x4 minecraft:textures/atlas/signs.png-atlas
[12:31:45] [Render thread/INFO] (net.minecraft.client.texture.SpriteAtlasTexture) Created: 512x512x4 minecraft:textures/atlas/banner_patterns.png-atlas
[12:31:45] [Render thread/INFO] (net.minecraft.client.texture.SpriteAtlasTexture) Created: 512x512x4 minecraft:textures/atlas/shield_patterns.png-atlas
[12:31:45] [Render thread/INFO] (net.minecraft.client.texture.SpriteAtlasTexture) Created: 2048x1024x4 minecraft:textures/atlas/armor_trims.png-atlas
[12:31:45] [Render thread/INFO] (net.minecraft.client.texture.SpriteAtlasTexture) Created: 256x256x4 minecraft:textures/atlas/chest.png-atlas
[12:31:45] [Render thread/INFO] (net.minecraft.client.texture.SpriteAtlasTexture) Created: 128x64x4 minecraft:textures/atlas/decorated_pot.png-atlas
[12:31:45] [Render thread/INFO] (net.minecraft.client.texture.SpriteAtlasTexture) Created: 512x256x4 minecraft:textures/atlas/beds.png-atlas
[12:31:45] [Render thread/INFO] (net.minecraft.client.texture.SpriteAtlasTexture) Created: 512x256x4 minecraft:textures/atlas/shulker_boxes.png-atlas
[12:31:45] [Render thread/INFO] (net.minecraft.client.texture.SpriteAtlasTexture) Created: 64x64x0 minecraft:textures/atlas/map_decorations.png-atlas
[12:31:45] [Render thread/DEBUG] (FabricLoader/Mixin) Mixing EntityRenderersMixin from fabric-rendering-v1.mixins.json into net.minecraft.client.render.entity.EntityRenderers
[12:31:45] [Render thread/DEBUG] (FabricLoader/Mixin) Renaming synthetic method lambda$onRegisterRenderers$0(Lnet/minecraft/entity/EntityType;Lnet/minecraft/client/render/entity/EntityRendererFactory;)V to md1d5659$fabric-rendering-v1$lambda$onRegisterRenderers$0$0 in fabric-rendering-v1.mixins.json:EntityRenderersMixin from mod fabric-rendering-v1
[12:31:45] [Render thread/DEBUG] (FabricLoader/Mixin) fabric-rendering-v1.mixins.json:EntityRenderersMixin from mod fabric-rendering-v1->@Inject::onRegisterRenderers(Lorg/spongepowered/asm/mixin/injection/callback/CallbackInfo;)V doesn't use it's CallbackInfo
[12:31:45] [Render thread/DEBUG] (FabricLoader/Mixin) Mixing mixin.PlayerEntityRendererMixin from delta.mixins.json into net.minecraft.client.render.entity.PlayerEntityRenderer
[12:31:45] [Render thread/DEBUG] (FabricLoader/Mixin) delta.mixins.json:mixin.PlayerEntityRendererMixin from mod delta->@Inject::renderLabelIfPresent(Lnet/minecraft/client/render/entity/state/PlayerEntityRenderState;Lnet/minecraft/text/Text;Lnet/minecraft/client/util/math/MatrixStack;Lnet/minecraft/client/render/VertexConsumerProvider;ILorg/spongepowered/asm/mixin/injection/callback/CallbackInfo;)V does use it's CallbackInfo
[12:31:45] [Render thread/DEBUG] (FabricLoader/Mixin) Mixing client.HumanoidArmorLayerMixin from geckolib.mixins.json into net.minecraft.client.render.entity.feature.ArmorFeatureRenderer
[12:31:45] [Render thread/DEBUG] (FabricLoader/Mixin) geckolib.mixins.json:client.HumanoidArmorLayerMixin from mod geckolib: Class version 65 required is higher than the class version supported by the current version of Mixin (JAVA_17 supports class version 61)
[12:31:45] [Render thread/DEBUG] (FabricLoader/Mixin) Mixing ArmorFeatureRendererMixin from fabric-rendering-v1.mixins.json into net.minecraft.client.render.entity.feature.ArmorFeatureRenderer
[12:31:45] [Render thread/WARN] (FabricLoader/Mixin) Error loading class: net/minecraft/client/renderer/entity/layers/HumanoidArmorLayer (java.lang.ClassNotFoundException: net/minecraft/client/renderer/entity/layers/HumanoidArmorLayer)
[12:31:45] [Render thread/DEBUG] (FabricLoader/Mixin) fabric-rendering-v1.mixins.json:ArmorFeatureRendererMixin from mod fabric-rendering-v1->@Inject::render(Lnet/minecraft/client/util/math/MatrixStack;Lnet/minecraft/client/render/VertexConsumerProvider;ILnet/minecraft/client/render/entity/state/BipedEntityRenderState;FFLorg/spongepowered/asm/mixin/injection/callback/CallbackInfo;)V doesn't use it's CallbackInfo
[12:31:45] [Render thread/DEBUG] (FabricLoader/Mixin) fabric-rendering-v1.mixins.json:ArmorFeatureRendererMixin from mod fabric-rendering-v1->@Inject::render(Lnet/minecraft/client/util/math/MatrixStack;Lnet/minecraft/client/render/VertexConsumerProvider;ILnet/minecraft/client/render/entity/state/BipedEntityRenderState;FFLorg/spongepowered/asm/mixin/injection/callback/CallbackInfo;)V has 0 override(s) in child classes
[12:31:45] [Render thread/DEBUG] (FabricLoader/Mixin) fabric-rendering-v1.mixins.json:ArmorFeatureRendererMixin from mod fabric-rendering-v1->@Inject::render(Lnet/minecraft/client/util/math/MatrixStack;Lnet/minecraft/client/render/VertexConsumerProvider;ILnet/minecraft/client/render/entity/state/BipedEntityRenderState;FFLorg/spongepowered/asm/mixin/injection/callback/CallbackInfo;)V won't be passed a CallbackInfo as a result
[12:31:45] [Render thread/DEBUG] (FabricLoader/Mixin) fabric-rendering-v1.mixins.json:ArmorFeatureRendererMixin from mod fabric-rendering-v1->@Inject::renderArmor(Lnet/minecraft/client/util/math/MatrixStack;Lnet/minecraft/client/render/VertexConsumerProvider;Lnet/minecraft/item/ItemStack;Lnet/minecraft/entity/EquipmentSlot;ILnet/minecraft/client/render/entity/model/BipedEntityModel;Lorg/spongepowered/asm/mixin/injection/callback/CallbackInfo;)V does use it's CallbackInfo
[12:31:45] [Render thread/DEBUG] (FabricLoader/Mixin) Mixing mixin.HeadFeatureRendererMixin from delta.mixins.json into net.minecraft.client.render.entity.feature.HeadFeatureRenderer
[12:31:46] [Render thread/DEBUG] (FabricLoader/Mixin) delta.mixins.json:mixin.HeadFeatureRendererMixin from mod delta->@Inject::onRenderHead(Lnet/minecraft/client/util/math/MatrixStack;Lnet/minecraft/client/render/VertexConsumerProvider;ILnet/minecraft/client/render/entity/state/LivingEntityRenderState;FFLorg/spongepowered/asm/mixin/injection/callback/CallbackInfo;)V doesn't use it's CallbackInfo
[12:31:46] [Render thread/DEBUG] (FabricLoader/Mixin) delta.mixins.json:mixin.HeadFeatureRendererMixin from mod delta->@Inject::onRenderHead(Lnet/minecraft/client/util/math/MatrixStack;Lnet/minecraft/client/render/VertexConsumerProvider;ILnet/minecraft/client/render/entity/state/LivingEntityRenderState;FFLorg/spongepowered/asm/mixin/injection/callback/CallbackInfo;)V has 0 override(s) in child classes
[12:31:46] [Render thread/DEBUG] (FabricLoader/Mixin) delta.mixins.json:mixin.HeadFeatureRendererMixin from mod delta->@Inject::onRenderHead(Lnet/minecraft/client/util/math/MatrixStack;Lnet/minecraft/client/render/VertexConsumerProvider;ILnet/minecraft/client/render/entity/state/LivingEntityRenderState;FFLorg/spongepowered/asm/mixin/injection/callback/CallbackInfo;)V won't be passed a CallbackInfo as a result
[12:31:46] [Render thread/DEBUG] (FabricLoader/Mixin) Mixing mixin.ItemEntityRendererMixin from delta.mixins.json into net.minecraft.client.render.entity.ItemEntityRenderer
[12:31:46] [Render thread/DEBUG] (FabricLoader/Mixin) delta.mixins.json:mixin.ItemEntityRendererMixin from mod delta->@Inject::captureGround(Lnet/minecraft/entity/ItemEntity;Lnet/minecraft/client/render/entity/state/ItemEntityRenderState;FLorg/spongepowered/asm/mixin/injection/callback/CallbackInfo;)V doesn't use it's CallbackInfo
[12:31:46] [Render thread/DEBUG] (FabricLoader/Mixin) delta.mixins.json:mixin.ItemEntityRendererMixin from mod delta->@Inject::captureGround(Lnet/minecraft/entity/ItemEntity;Lnet/minecraft/client/render/entity/state/ItemEntityRenderState;FLorg/spongepowered/asm/mixin/injection/callback/CallbackInfo;)V has 0 override(s) in child classes
[12:31:46] [Render thread/DEBUG] (FabricLoader/Mixin) delta.mixins.json:mixin.ItemEntityRendererMixin from mod delta->@Inject::captureGround(Lnet/minecraft/entity/ItemEntity;Lnet/minecraft/client/render/entity/state/ItemEntityRenderState;FLorg/spongepowered/asm/mixin/injection/callback/CallbackInfo;)V won't be passed a CallbackInfo as a result
[12:31:46] [Render thread/DEBUG] (FabricLoader/Mixin) delta.mixins.json:mixin.ItemEntityRendererMixin from mod delta->@Inject::applyPhysics(Lnet/minecraft/client/render/entity/state/ItemEntityRenderState;Lnet/minecraft/client/util/math/MatrixStack;Lnet/minecraft/client/render/VertexConsumerProvider;ILorg/spongepowered/asm/mixin/injection/callback/CallbackInfo;)V doesn't use it's CallbackInfo
[12:31:46] [Render thread/DEBUG] (FabricLoader/Mixin) delta.mixins.json:mixin.ItemEntityRendererMixin from mod delta->@Inject::applyPhysics(Lnet/minecraft/client/render/entity/state/ItemEntityRenderState;Lnet/minecraft/client/util/math/MatrixStack;Lnet/minecraft/client/render/VertexConsumerProvider;ILorg/spongepowered/asm/mixin/injection/callback/CallbackInfo;)V has 0 override(s) in child classes
[12:31:46] [Render thread/DEBUG] (FabricLoader/Mixin) delta.mixins.json:mixin.ItemEntityRendererMixin from mod delta->@Inject::applyPhysics(Lnet/minecraft/client/render/entity/state/ItemEntityRenderState;Lnet/minecraft/client/util/math/MatrixStack;Lnet/minecraft/client/render/VertexConsumerProvider;ILorg/spongepowered/asm/mixin/injection/callback/CallbackInfo;)V won't be passed a CallbackInfo as a result
[12:31:46] [Render thread/DEBUG] (FabricLoader/Mixin) Mixing mixin.ItemEntityRenderStateMixin from delta.mixins.json into net.minecraft.client.render.entity.state.ItemEntityRenderState
[12:31:46] [Render thread/DEBUG] (FabricLoader/Mixin) Mixing CapeFeatureRendererMixin from fabric-rendering-v1.mixins.json into net.minecraft.client.render.entity.feature.CapeFeatureRenderer
[12:31:46] [Render thread/DEBUG] (FabricLoader/Mixin) Mixing BlockEntityRendererFactoriesMixin from fabric-rendering-v1.mixins.json into net.minecraft.client.render.block.entity.BlockEntityRendererFactories
[12:31:46] [Render thread/DEBUG] (FabricLoader/Mixin) Renaming synthetic method lambda$init$0(Lnet/minecraft/block/entity/BlockEntityType;Lnet/minecraft/client/render/block/entity/BlockEntityRendererFactory;)V to md1d5659$fabric-rendering-v1$lambda$init$0$0 in fabric-rendering-v1.mixins.json:BlockEntityRendererFactoriesMixin from mod fabric-rendering-v1
[12:31:46] [Render thread/DEBUG] (FabricLoader/Mixin) fabric-rendering-v1.mixins.json:BlockEntityRendererFactoriesMixin from mod fabric-rendering-v1->@Inject::init(Lorg/spongepowered/asm/mixin/injection/callback/CallbackInfo;)V doesn't use it's CallbackInfo
[12:31:46] [Render thread/INFO] (net.minecraft.client.texture.SpriteAtlasTexture) Created: 512x256x0 minecraft:textures/atlas/particles.png-atlas
[12:31:46] [Render thread/INFO] (net.minecraft.client.texture.SpriteAtlasTexture) Created: 512x256x0 minecraft:textures/atlas/paintings.png-atlas
[12:31:46] [Render thread/INFO] (net.minecraft.client.texture.SpriteAtlasTexture) Created: 256x128x0 minecraft:textures/atlas/mob_effects.png-atlas
[12:31:46] [Render thread/INFO] (net.minecraft.client.texture.SpriteAtlasTexture) Created: 1024x512x0 minecraft:textures/atlas/gui.png-atlas
[12:31:51] [Render thread/DEBUG] (FabricLoader/Mixin) Mixing accessors.ButtonWidgetAccessor from delta.mixins.json into net.minecraft.client.gui.widget.ButtonWidget
[12:31:52] [Render thread/DEBUG] (FabricLoader/Mixin) Mixing mixin.ConnectScreenMixin from delta.mixins.json into net.minecraft.client.gui.screen.multiplayer.ConnectScreen
[12:31:52] [Render thread/DEBUG] (FabricLoader/Mixin) Mixing accessor.ConnectScreenAccessor from fabric-networking-api-v1.client.mixins.json into net.minecraft.client.gui.screen.multiplayer.ConnectScreen
[12:31:52] [Render thread/DEBUG] (FabricLoader/Mixin) delta.mixins.json:mixin.ConnectScreenMixin from mod delta->@Inject::connect(Lnet/minecraft/client/gui/screen/Screen;Lnet/minecraft/client/MinecraftClient;Lnet/minecraft/client/network/ServerAddress;Lnet/minecraft/client/network/ServerInfo;ZLnet/minecraft/client/network/CookieStorage;Lorg/spongepowered/asm/mixin/injection/callback/CallbackInfo;)V doesn't use it's CallbackInfo
[12:31:52] [Render thread/INFO] (net.minecraft.client.gui.screen.multiplayer.ConnectScreen) Connecting to mc.spookytime.net, 25565
[12:31:52] [Render thread/DEBUG] (FabricLoader/Mixin) Mixing mixin.DisconnectedScreenMixin from delta.mixins.json into net.minecraft.client.gui.screen.DisconnectedScreen
[12:31:52] [Render thread/DEBUG] (FabricLoader/Mixin) Renaming synthetic method lambda$refreshWidgetPositions$3(Ljava/lang/Integer;Ljava/lang/Integer;)I to md1d5659$delta$lambda$refreshWidgetPositions$3$0 in delta.mixins.json:mixin.DisconnectedScreenMixin from mod delta
[12:31:52] [Render thread/DEBUG] (FabricLoader/Mixin) Renaming synthetic method lambda$refreshWidgetPositions$2(Lnet/minecraft/client/gui/Element;)Ljava/lang/Integer; to md1d5659$delta$lambda$refreshWidgetPositions$2$1 in delta.mixins.json:mixin.DisconnectedScreenMixin from mod delta
[12:31:52] [Render thread/DEBUG] (FabricLoader/Mixin) Renaming synthetic method lambda$refreshWidgetPositions$1(Lnet/minecraft/client/gui/Element;)Z to md1d5659$delta$lambda$refreshWidgetPositions$1$2 in delta.mixins.json:mixin.DisconnectedScreenMixin from mod delta
[12:31:52] [Render thread/DEBUG] (FabricLoader/Mixin) Renaming synthetic method lambda$init$0(Lnet/minecraft/client/network/ServerInfo;Lnet/minecraft/client/gui/widget/ButtonWidget;)V to md1d5659$delta$lambda$init$0$3 in delta.mixins.json:mixin.DisconnectedScreenMixin from mod delta
[12:31:52] [Render thread/DEBUG] (FabricLoader/Mixin) delta.mixins.json:mixin.DisconnectedScreenMixin from mod delta->@Inject::init(Lorg/spongepowered/asm/mixin/injection/callback/CallbackInfo;)V doesn't use it's CallbackInfo
[12:31:52] [Render thread/DEBUG] (FabricLoader/Mixin) delta.mixins.json:mixin.DisconnectedScreenMixin from mod delta->@Inject::init(Lorg/spongepowered/asm/mixin/injection/callback/CallbackInfo;)V has 0 override(s) in child classes
[12:31:52] [Render thread/DEBUG] (FabricLoader/Mixin) delta.mixins.json:mixin.DisconnectedScreenMixin from mod delta->@Inject::init(Lorg/spongepowered/asm/mixin/injection/callback/CallbackInfo;)V won't be passed a CallbackInfo as a result
[12:31:52] [Render thread/DEBUG] (FabricLoader/Mixin) delta.mixins.json:mixin.DisconnectedScreenMixin from mod delta->@Inject::refreshWidgetPositions(Lorg/spongepowered/asm/mixin/injection/callback/CallbackInfo;)V doesn't use it's CallbackInfo
[12:31:52] [Render thread/DEBUG] (FabricLoader/Mixin) delta.mixins.json:mixin.DisconnectedScreenMixin from mod delta->@Inject::refreshWidgetPositions(Lorg/spongepowered/asm/mixin/injection/callback/CallbackInfo;)V has 0 override(s) in child classes
[12:31:52] [Render thread/DEBUG] (FabricLoader/Mixin) delta.mixins.json:mixin.DisconnectedScreenMixin from mod delta->@Inject::refreshWidgetPositions(Lorg/spongepowered/asm/mixin/injection/callback/CallbackInfo;)V won't be passed a CallbackInfo as a result
[12:32:06] [Server Pinger #0/DEBUG] (FabricLoader/Mixin) Mixing ingredient.EncoderHandlerMixin from fabric-recipe-api-v1.mixins.json into net.minecraft.network.handler.EncoderHandler
[12:32:06] [Server Pinger #0/DEBUG] (FabricLoader/Mixin) fabric-recipe-api-v1.mixins.json:ingredient.EncoderHandlerMixin from mod fabric-recipe-api-v1->@Inject::capturePacketEncoder(Lio/netty/channel/ChannelHandlerContext;Lnet/minecraft/network/packet/Packet;Lio/netty/buffer/ByteBuf;Lorg/spongepowered/asm/mixin/injection/callback/CallbackInfo;)V doesn't use it's CallbackInfo
[12:32:06] [Server Pinger #0/DEBUG] (FabricLoader/Mixin) fabric-recipe-api-v1.mixins.json:ingredient.EncoderHandlerMixin from mod fabric-recipe-api-v1->@Inject::capturePacketEncoder(Lio/netty/channel/ChannelHandlerContext;Lnet/minecraft/network/packet/Packet;Lio/netty/buffer/ByteBuf;Lorg/spongepowered/asm/mixin/injection/callback/CallbackInfo;)V has 0 override(s) in child classes
[12:32:06] [Server Pinger #0/DEBUG] (FabricLoader/Mixin) fabric-recipe-api-v1.mixins.json:ingredient.EncoderHandlerMixin from mod fabric-recipe-api-v1->@Inject::capturePacketEncoder(Lio/netty/channel/ChannelHandlerContext;Lnet/minecraft/network/packet/Packet;Lio/netty/buffer/ByteBuf;Lorg/spongepowered/asm/mixin/injection/callback/CallbackInfo;)V won't be passed a CallbackInfo as a result
[12:32:06] [Server Pinger #0/DEBUG] (FabricLoader/Mixin) fabric-recipe-api-v1.mixins.json:ingredient.EncoderHandlerMixin from mod fabric-recipe-api-v1->@Inject::releasePacketEncoder(Lio/netty/channel/ChannelHandlerContext;Lnet/minecraft/network/packet/Packet;Lio/netty/buffer/ByteBuf;Lorg/spongepowered/asm/mixin/injection/callback/CallbackInfo;)V doesn't use it's CallbackInfo
[12:32:06] [Server Pinger #0/DEBUG] (FabricLoader/Mixin) fabric-recipe-api-v1.mixins.json:ingredient.EncoderHandlerMixin from mod fabric-recipe-api-v1->@Inject::releasePacketEncoder(Lio/netty/channel/ChannelHandlerContext;Lnet/minecraft/network/packet/Packet;Lio/netty/buffer/ByteBuf;Lorg/spongepowered/asm/mixin/injection/callback/CallbackInfo;)V has 0 override(s) in child classes
[12:32:06] [Server Pinger #0/DEBUG] (FabricLoader/Mixin) fabric-recipe-api-v1.mixins.json:ingredient.EncoderHandlerMixin from mod fabric-recipe-api-v1->@Inject::releasePacketEncoder(Lio/netty/channel/ChannelHandlerContext;Lnet/minecraft/network/packet/Packet;Lio/netty/buffer/ByteBuf;Lorg/spongepowered/asm/mixin/injection/callback/CallbackInfo;)V won't be passed a CallbackInfo as a result
[12:32:06] [Server Pinger #0/DEBUG] (FabricLoader/Mixin) fabric-recipe-api-v1.mixins.json:ingredient.EncoderHandlerMixin from mod fabric-recipe-api-v1->@Inject::releasePacketEncoder(Lio/netty/channel/ChannelHandlerContext;Lnet/minecraft/network/packet/Packet;Lio/netty/buffer/ByteBuf;Lorg/spongepowered/asm/mixin/injection/callback/CallbackInfo;)V doesn't use it's CallbackInfo
[12:32:06] [Server Pinger #0/DEBUG] (FabricLoader/Mixin) fabric-recipe-api-v1.mixins.json:ingredient.EncoderHandlerMixin from mod fabric-recipe-api-v1->@Inject::releasePacketEncoder(Lio/netty/channel/ChannelHandlerContext;Lnet/minecraft/network/packet/Packet;Lio/netty/buffer/ByteBuf;Lorg/spongepowered/asm/mixin/injection/callback/CallbackInfo;)V has 0 override(s) in child classes
[12:32:06] [Server Pinger #0/DEBUG] (FabricLoader/Mixin) fabric-recipe-api-v1.mixins.json:ingredient.EncoderHandlerMixin from mod fabric-recipe-api-v1->@Inject::releasePacketEncoder(Lio/netty/channel/ChannelHandlerContext;Lnet/minecraft/network/packet/Packet;Lio/netty/buffer/ByteBuf;Lorg/spongepowered/asm/mixin/injection/callback/CallbackInfo;)V won't be passed a CallbackInfo as a result
[12:32:06] [Server Pinger #0/DEBUG] (FabricLoader/Mixin) Mixing PacketCodecDispatcherMixin from fabric-networking-api-v1.mixins.json into net.minecraft.network.handler.PacketCodecDispatcher
[12:32:06] [Server Pinger #0/DEBUG] (FabricLoader/Mixin) fabric-networking-api-v1.mixins.json:PacketCodecDispatcherMixin from mod fabric-networking-api-v1->@Inject::encode(Lio/netty/buffer/ByteBuf;Ljava/lang/Object;Lorg/spongepowered/asm/mixin/injection/callback/CallbackInfo;)V doesn't use it's CallbackInfo
[12:32:06] [Server Pinger #0/DEBUG] (FabricLoader/Mixin) fabric-networking-api-v1.mixins.json:PacketCodecDispatcherMixin from mod fabric-networking-api-v1->@Inject::encode(Lio/netty/buffer/ByteBuf;Ljava/lang/Object;Lorg/spongepowered/asm/mixin/injection/callback/CallbackInfo;)V has 0 override(s) in child classes
[12:32:06] [Server Pinger #0/DEBUG] (FabricLoader/Mixin) fabric-networking-api-v1.mixins.json:PacketCodecDispatcherMixin from mod fabric-networking-api-v1->@Inject::encode(Lio/netty/buffer/ByteBuf;Ljava/lang/Object;Lorg/spongepowered/asm/mixin/injection/callback/CallbackInfo;)V won't be passed a CallbackInfo as a result
[12:32:06] [Server Pinger #3/DEBUG] (io.netty.util.internal.InternalThreadLocalMap) -Dio.netty.threadLocalMap.stringBuilder.initialSize: 1024
[12:32:06] [Server Pinger #3/DEBUG] (io.netty.util.internal.InternalThreadLocalMap) -Dio.netty.threadLocalMap.stringBuilder.maxSize: 4096
[12:32:06] [Server Pinger #2/DEBUG] (io.netty.util.internal.PlatformDependent0) -Dio.netty.noUnsafe: false
[12:32:06] [Server Pinger #2/DEBUG] (io.netty.util.internal.PlatformDependent0) Java version: 21
[12:32:06] [Server Pinger #2/DEBUG] (io.netty.util.internal.PlatformDependent0) sun.misc.Unsafe.theUnsafe: available
[12:32:06] [Server Pinger #2/DEBUG] (io.netty.util.internal.PlatformDependent0) sun.misc.Unsafe base methods: all available
[12:32:06] [Server Pinger #2/DEBUG] (io.netty.util.internal.PlatformDependent0) sun.misc.Unsafe.storeFence: available
[12:32:06] [Server Pinger #2/DEBUG] (io.netty.util.internal.PlatformDependent0) java.nio.Buffer.address: available
[12:32:06] [Server Pinger #2/DEBUG] (io.netty.util.internal.PlatformDependent0) direct buffer constructor: unavailable: Reflective setAccessible(true) disabled
[12:32:06] [Server Pinger #2/DEBUG] (io.netty.util.internal.PlatformDependent0) java.nio.Bits.unaligned: available, true
[12:32:06] [Server Pinger #2/DEBUG] (io.netty.util.internal.PlatformDependent0) jdk.internal.misc.Unsafe.allocateUninitializedArray(int): unavailable: class io.netty.util.internal.PlatformDependent0$7 cannot access class jdk.internal.misc.Unsafe (in module java.base) because module java.base does not export jdk.internal.misc to unnamed module @a37aefe
[12:32:06] [Server Pinger #2/DEBUG] (io.netty.util.internal.PlatformDependent0) java.nio.DirectByteBuffer.<init>(long, {int,long}): unavailable
[12:32:06] [Server Pinger #2/DEBUG] (io.netty.util.internal.PlatformDependent) sun.misc.Unsafe: available
[12:32:06] [Server Pinger #2/DEBUG] (io.netty.util.internal.PlatformDependent) -Dio.netty.tmpdir: C:\Users\79522\AppData\Local\Temp (java.io.tmpdir)
[12:32:06] [Server Pinger #2/DEBUG] (io.netty.util.internal.PlatformDependent) -Dio.netty.bitMode: 64 (sun.arch.data.model)
[12:32:06] [Server Pinger #2/DEBUG] (io.netty.util.internal.PlatformDependent) Platform: Windows
[12:32:06] [Server Pinger #2/DEBUG] (io.netty.util.internal.PlatformDependent) -Dio.netty.maxDirectMemory: -1 bytes
[12:32:06] [Server Pinger #2/DEBUG] (io.netty.util.internal.PlatformDependent) -Dio.netty.uninitializedArrayAllocationThreshold: -1
[12:32:06] [Server Pinger #2/DEBUG] (io.netty.util.internal.CleanerJava9) java.nio.ByteBuffer.cleaner(): available
[12:32:06] [Server Pinger #2/DEBUG] (io.netty.util.internal.PlatformDependent) -Dio.netty.noPreferDirect: false
[12:32:06] [Server Pinger #4/DEBUG] (io.netty.channel.MultithreadEventLoopGroup) -Dio.netty.eventLoopThreads: 8
[12:32:06] [Server Pinger #4/DEBUG] (io.netty.util.concurrent.GlobalEventExecutor) -Dio.netty.globalEventExecutor.quietPeriodSeconds: 1
[12:32:06] [Server Pinger #4/DEBUG] (io.netty.channel.nio.NioEventLoop) -Dio.netty.noKeySetOptimization: false
[12:32:06] [Server Pinger #4/DEBUG] (io.netty.channel.nio.NioEventLoop) -Dio.netty.selectorAutoRebuildThreshold: 512
[12:32:06] [Server Pinger #4/DEBUG] (io.netty.util.internal.PlatformDependent) org.jctools-core.MpscChunkedArrayQueue: available
[12:32:06] [Server Pinger #1/DEBUG] (io.netty.channel.DefaultChannelId) -Dio.netty.processId: 16652 (auto-detected)
[12:32:06] [Server Pinger #1/DEBUG] (io.netty.util.NetUtil) -Djava.net.preferIPv4Stack: false
[12:32:06] [Server Pinger #1/DEBUG] (io.netty.util.NetUtil) -Djava.net.preferIPv6Addresses: false
[12:32:06] [Server Pinger #1/DEBUG] (io.netty.util.NetUtilInitializations) Loopback interface: loopback_0 (Software Loopback Interface 1, 0:0:0:0:0:0:0:1)
[12:32:06] [Server Pinger #1/DEBUG] (io.netty.util.NetUtil) Failed to get SOMAXCONN from sysctl and file \proc\sys\net\core\somaxconn. Default: 200
[12:32:06] [Server Pinger #1/DEBUG] (io.netty.channel.DefaultChannelId) -Dio.netty.machineId: 70:4d:7b:ff:fe:71:df:8d (auto-detected)
[12:32:07] [Server Pinger #4/DEBUG] (io.netty.buffer.PooledByteBufAllocator) -Dio.netty.allocator.numHeapArenas: 8
[12:32:07] [Server Pinger #4/DEBUG] (io.netty.buffer.PooledByteBufAllocator) -Dio.netty.allocator.numDirectArenas: 8
[12:32:07] [Server Pinger #4/DEBUG] (io.netty.buffer.PooledByteBufAllocator) -Dio.netty.allocator.pageSize: 8192
[12:32:07] [Server Pinger #4/DEBUG] (io.netty.buffer.PooledByteBufAllocator) -Dio.netty.allocator.maxOrder: 9
[12:32:07] [Server Pinger #4/DEBUG] (io.netty.buffer.PooledByteBufAllocator) -Dio.netty.allocator.chunkSize: 4194304
[12:32:07] [Server Pinger #4/DEBUG] (io.netty.buffer.PooledByteBufAllocator) -Dio.netty.allocator.smallCacheSize: 256
[12:32:07] [Server Pinger #4/DEBUG] (io.netty.buffer.PooledByteBufAllocator) -Dio.netty.allocator.normalCacheSize: 64
[12:32:07] [Server Pinger #4/DEBUG] (io.netty.buffer.PooledByteBufAllocator) -Dio.netty.allocator.maxCachedBufferCapacity: 32768
[12:32:07] [Server Pinger #4/DEBUG] (io.netty.buffer.PooledByteBufAllocator) -Dio.netty.allocator.cacheTrimInterval: 8192
[12:32:07] [Server Pinger #4/DEBUG] (io.netty.buffer.PooledByteBufAllocator) -Dio.netty.allocator.cacheTrimIntervalMillis: 0
[12:32:07] [Server Pinger #4/DEBUG] (io.netty.buffer.PooledByteBufAllocator) -Dio.netty.allocator.useCacheForAllThreads: false
[12:32:07] [Server Pinger #4/DEBUG] (io.netty.buffer.PooledByteBufAllocator) -Dio.netty.allocator.maxCachedByteBuffersPerChunk: 1023
[12:32:07] [Server Pinger #4/DEBUG] (io.netty.buffer.PooledByteBufAllocator) -Dio.netty.allocator.disableCacheFinalizersForFastThreadLocalThreads: false
[12:32:07] [Server Pinger #4/DEBUG] (io.netty.buffer.ByteBufUtil) -Dio.netty.allocator.type: pooled
[12:32:07] [Server Pinger #4/DEBUG] (io.netty.buffer.ByteBufUtil) -Dio.netty.threadLocalDirectBufferSize: 0
[12:32:07] [Server Pinger #4/DEBUG] (io.netty.buffer.ByteBufUtil) -Dio.netty.maxThreadLocalCharBufferSize: 16384
[12:32:07] [Server Pinger #4/DEBUG] (io.netty.bootstrap.ChannelInitializerExtensions) -Dio.netty.bootstrap.extensions: null
[12:32:07] [Netty Client IO #2/DEBUG] (io.netty.buffer.AbstractByteBuf) -Dio.netty.buffer.checkAccessible: true
[12:32:07] [Netty Client IO #2/DEBUG] (io.netty.buffer.AbstractByteBuf) -Dio.netty.buffer.checkBounds: true
[12:32:07] [Netty Client IO #2/DEBUG] (io.netty.util.ResourceLeakDetectorFactory) Loaded default ResourceLeakDetector: io.netty.util.ResourceLeakDetector@f75a5b4
[12:32:07] [Server Pinger #4/DEBUG] (io.netty.util.Recycler) -Dio.netty.recycler.maxCapacityPerThread: 4096
[12:32:07] [Server Pinger #4/DEBUG] (io.netty.util.Recycler) -Dio.netty.recycler.ratio: 8
[12:32:07] [Server Pinger #4/DEBUG] (io.netty.util.Recycler) -Dio.netty.recycler.chunkSize: 32
[12:32:07] [Server Pinger #4/DEBUG] (io.netty.util.Recycler) -Dio.netty.recycler.blocking: false
[12:32:07] [Server Pinger #4/DEBUG] (io.netty.util.Recycler) -Dio.netty.recycler.batchFastThreadLocalOnly: true
[12:32:07] [Netty Client IO #4/DEBUG] (FabricLoader/Mixin) Mixing VarIntsAccessor from fabric-data-attachment-api-v1.mixins.json into net.minecraft.network.encoding.VarInts
[12:32:07] [Netty Client IO #4/DEBUG] (FabricLoader/Mixin) Renaming @Accessor method getMaxByteSize()I to getMaxByteSize$fabric-data-attachment-api-v1_$md$1d5659$0 in fabric-data-attachment-api-v1.mixins.json:VarIntsAccessor from mod fabric-data-attachment-api-v1
[12:32:08] [Render thread/DEBUG] (FabricLoader/Mixin) Mixing TooltipComponentMixin from fabric-rendering-v1.mixins.json into net.minecraft.client.gui.tooltip.TooltipComponent
[12:32:08] [Render thread/DEBUG] (FabricLoader/Mixin) fabric-rendering-v1.mixins.json:TooltipComponentMixin from mod fabric-rendering-v1->@Inject::convertCustomTooltipData(Lnet/minecraft/item/tooltip/TooltipData;Lorg/spongepowered/asm/mixin/injection/callback/CallbackInfoReturnable;)V does use it's CallbackInfoReturnable
[12:32:09] [Render thread/INFO] (net.minecraft.client.gui.screen.multiplayer.ConnectScreen) Connecting to mc.spookytime.net, 25565
[12:32:09] [Server Connector #2/DEBUG] (FabricLoader/Mixin) Mixing LoginQueryResponseC2SPacketMixin from fabric-networking-api-v1.mixins.json into net.minecraft.network.packet.c2s.login.LoginQueryResponseC2SPacket
[12:32:09] [Server Connector #2/DEBUG] (FabricLoader/Mixin) fabric-networking-api-v1.mixins.json:LoginQueryResponseC2SPacketMixin from mod fabric-networking-api-v1->@Inject::readResponse(ILnet/minecraft/network/PacketByteBuf;Lorg/spongepowered/asm/mixin/injection/callback/CallbackInfoReturnable;)V does use it's CallbackInfoReturnable
[12:32:09] [Server Connector #2/DEBUG] (FabricLoader/Mixin) Mixing LoginQueryRequestS2CPacketMixin from fabric-networking-api-v1.mixins.json into net.minecraft.network.packet.s2c.login.LoginQueryRequestS2CPacket
[12:32:09] [Server Connector #2/DEBUG] (FabricLoader/Mixin) fabric-networking-api-v1.mixins.json:LoginQueryRequestS2CPacketMixin from mod fabric-networking-api-v1->@Inject::readPayload(Lnet/minecraft/util/Identifier;Lnet/minecraft/network/PacketByteBuf;Lorg/spongepowered/asm/mixin/injection/callback/CallbackInfoReturnable;)V does use it's CallbackInfoReturnable
[12:32:09] [Netty Client IO #2/DEBUG] (FabricLoader/Mixin) Mixing SelectKnownPacksC2SPacketMixin from fabric-resource-loader-v0.mixins.json into net.minecraft.network.packet.c2s.config.SelectKnownPacksC2SPacket
[12:32:09] [Netty Client IO #2/DEBUG] (FabricLoader/Mixin) Mixing CustomPayloadS2CPacketMixin from fabric-networking-api-v1.mixins.json into net.minecraft.network.packet.s2c.common.CustomPayloadS2CPacket
[12:32:09] [Netty Client IO #2/DEBUG] (FabricLoader/Mixin) Renaming synthetic method lambda$wrapConfigCodec$1(Lnet/minecraft/network/PacketByteBuf;Lnet/minecraft/util/Identifier;)Lnet/minecraft/network/packet/CustomPayload$Type; to md1d5659$fabric-networking-api-v1$lambda$wrapConfigCodec$1$0 in fabric-networking-api-v1.mixins.json:CustomPayloadS2CPacketMixin from mod fabric-networking-api-v1
[12:32:09] [Netty Client IO #2/DEBUG] (FabricLoader/Mixin) Renaming synthetic method lambda$wrapPlayCodec$0(Lnet/minecraft/network/RegistryByteBuf;Lnet/minecraft/util/Identifier;)Lnet/minecraft/network/packet/CustomPayload$Type; to md1d5659$fabric-networking-api-v1$lambda$wrapPlayCodec$0$1 in fabric-networking-api-v1.mixins.json:CustomPayloadS2CPacketMixin from mod fabric-networking-api-v1
[12:32:09] [Netty Client IO #2/DEBUG] (FabricLoader/Mixin) Mixing SerializableRegistriesMixin from fabric-registry-sync-v0.mixins.json into net.minecraft.registry.SerializableRegistries
[12:32:09] [Netty Client IO #2/DEBUG] (FabricLoader/Mixin) fabric-registry-sync-v0.mixins.json:SerializableRegistriesMixin from mod fabric-registry-sync-v0->@Inject::filterNonSyncedEntries(Lnet/minecraft/registry/DynamicRegistryManager$Entry;Lorg/spongepowered/asm/mixin/injection/callback/CallbackInfoReturnable;)V does use it's CallbackInfoReturnable
[12:32:09] [Netty Client IO #2/DEBUG] (FabricLoader/Mixin) fabric-registry-sync-v0.mixins.json:SerializableRegistriesMixin from mod fabric-registry-sync-v0->@Inject::filterNonSyncedEntriesAgain(Ljava/util/Set;Lnet/minecraft/registry/RegistryLoader$Entry;Lcom/mojang/serialization/DynamicOps;Ljava/util/function/BiConsumer;Lnet/minecraft/registry/Registry;Lorg/spongepowered/asm/mixin/injection/callback/CallbackInfo;)V does use it's CallbackInfo
[12:32:10] [Netty Client IO #2/DEBUG] (FabricLoader/Mixin) Mixing ClientRegistriesMixin from fabric-registry-sync-v0.client.mixins.json into net.minecraft.client.network.ClientRegistries
[12:32:10] [Netty Client IO #2/DEBUG] (FabricLoader/Mixin) Renaming synthetic method lambda$skipEmptyRegistries$0(Ljava/util/Map;Lnet/minecraft/registry/RegistryLoader$Entry;)Z to md1d5659$fabric-registry-sync-v0$lambda$skipEmptyRegistries$0$0 in fabric-registry-sync-v0.client.mixins.json:ClientRegistriesMixin from mod fabric-registry-sync-v0
[12:32:10] [Netty Client IO #2/DEBUG] (ClientPlayNetworkAddon for ssiwipe28) Handling inbound packet from channel with name "minecraft:brand"
[12:32:10] [Render thread/DEBUG] (ClientPlayNetworkAddon for ssiwipe28) Handling inbound packet from channel with name "minecraft:brand"
[12:32:10] [Render thread/DEBUG] (FabricLoader/Mixin) Mixing ClientDataPackManagerMixin from fabric-resource-loader-v0.client.mixins.json into net.minecraft.client.resource.ClientDataPackManager
[12:32:10] [Render thread/DEBUG] (net.fabricmc.fabric.impl.resource.loader.ModResourcePackUtil) [Fabric] Starting internal pack sorting with: []
[12:32:10] [Render thread/DEBUG] (net.fabricmc.fabric.impl.resource.loader.ModResourcePackUtil) [Fabric] Removed all internal packs, result: []
[12:32:10] [Render thread/DEBUG] (net.fabricmc.fabric.impl.resource.loader.ModResourcePackUtil) [Fabric] Final sorting result: []
[12:32:10] [Render thread/DEBUG] (net.fabricmc.fabric.impl.resource.loader.ModResourcePackUtil) [Fabric] Starting internal pack sorting with: [vanilla]
[12:32:10] [Render thread/DEBUG] (net.fabricmc.fabric.impl.resource.loader.ModResourcePackUtil) [Fabric] Removed all internal packs, result: [vanilla]
[12:32:10] [Render thread/DEBUG] (net.fabricmc.fabric.impl.resource.loader.ModResourcePackUtil) [Fabric] Final sorting result: [vanilla]
[12:32:10] [Render thread/DEBUG] (FabricLoader/Mixin) Mixing ClientRegistriesDynamicRegistriesAccessor from fabric-registry-sync-v0.client.mixins.json into net.minecraft.client.network.ClientRegistries$DynamicRegistries
[12:32:10] [Render thread/DEBUG] (FabricLoader/Mixin) Mixing RegistryLoaderMixin from fabric-item-api-v1.mixins.json into net.minecraft.registry.RegistryLoader
[12:32:10] [Render thread/DEBUG] (FabricLoader/Mixin) Mixing RegistryLoaderMixin from fabric-resource-conditions-api-v1.mixins.json into net.minecraft.registry.RegistryLoader
[12:32:10] [Render thread/DEBUG] (FabricLoader/Mixin) Mixing RegistryLoaderMixin from fabric-registry-sync-v0.mixins.json into net.minecraft.registry.RegistryLoader
[12:32:10] [Render thread/DEBUG] (FabricLoader/Mixin) Renaming synthetic method lambda$static$0()Ljava/lang/Boolean; to md1d5659$fabric-registry-sync-v0$lambda$static$0$0 in fabric-registry-sync-v0.mixins.json:RegistryLoaderMixin from mod fabric-registry-sync-v0
[12:32:10] [Render thread/DEBUG] (FabricLoader/Mixin) fabric-resource-conditions-api-v1.mixins.json:RegistryLoaderMixin from mod fabric-resource-conditions-api-v1->@Inject::captureRegistries(Lnet/minecraft/resource/ResourceManager;Lnet/minecraft/registry/RegistryOps$RegistryInfoGetter;Lnet/minecraft/registry/MutableRegistry;Lcom/mojang/serialization/Decoder;Ljava/util/Map;Lorg/spongepowered/asm/mixin/injection/callback/CallbackInfo;)V doesn't use it's CallbackInfo
[12:32:10] [Render thread/DEBUG] (FabricLoader/Mixin) fabric-resource-conditions-api-v1.mixins.json:RegistryLoaderMixin from mod fabric-resource-conditions-api-v1->@Inject::releaseRegistries(Lnet/minecraft/resource/ResourceManager;Lnet/minecraft/registry/RegistryOps$RegistryInfoGetter;Lnet/minecraft/registry/MutableRegistry;Lcom/mojang/serialization/Decoder;Ljava/util/Map;Lorg/spongepowered/asm/mixin/injection/callback/CallbackInfo;)V doesn't use it's CallbackInfo
[12:32:10] [Render thread/DEBUG] (FabricLoader/Mixin) fabric-resource-conditions-api-v1.mixins.json:RegistryLoaderMixin from mod fabric-resource-conditions-api-v1->@Inject::checkResourceCondition(Lnet/minecraft/registry/MutableRegistry;Lcom/mojang/serialization/Decoder;Lnet/minecraft/registry/RegistryOps;Lnet/minecraft/registry/RegistryKey;Lnet/minecraft/resource/Resource;Lnet/minecraft/registry/entry/RegistryEntryInfo;Lorg/spongepowered/asm/mixin/injection/callback/CallbackInfo;)V does use it's CallbackInfo
[12:32:10] [Render thread/DEBUG] (FabricLoader/Mixin) fabric-registry-sync-v0.mixins.json:RegistryLoaderMixin from mod fabric-registry-sync-v0->@Inject::beforeLoad(Ljava/lang/Object;Ljava/util/List;Ljava/util/List;Lorg/spongepowered/asm/mixin/injection/callback/CallbackInfoReturnable;)V doesn't use it's CallbackInfoReturnable
[12:32:10] [Render thread/DEBUG] (FabricLoader/Mixin) Mixing SimpleRegistry2Mixin from fabric-tag-api-v1.mixins.json into net.minecraft.registry.SimpleRegistry$2
[12:32:10] [Render thread/DEBUG] (FabricLoader/Mixin) Mixing SimpleRegistry3Mixin from fabric-tag-api-v1.mixins.json into net.minecraft.registry.SimpleRegistry$3
[12:32:10] [Render thread/DEBUG] (FabricLoader/Mixin) fabric-tag-api-v1.mixins.json:SimpleRegistry3Mixin from mod fabric-tag-api-v1->@Inject::applyTagAliases(Lorg/spongepowered/asm/mixin/injection/callback/CallbackInfo;)V doesn't use it's CallbackInfo
[12:32:10] [Render thread/DEBUG] (FabricLoader/Mixin) fabric-tag-api-v1.mixins.json:SimpleRegistry3Mixin from mod fabric-tag-api-v1->@Inject::applyTagAliases(Lorg/spongepowered/asm/mixin/injection/callback/CallbackInfo;)V has 0 override(s) in child classes
[12:32:10] [Render thread/DEBUG] (FabricLoader/Mixin) fabric-tag-api-v1.mixins.json:SimpleRegistry3Mixin from mod fabric-tag-api-v1->@Inject::applyTagAliases(Lorg/spongepowered/asm/mixin/injection/callback/CallbackInfo;)V won't be passed a CallbackInfo as a result
[12:32:10] [Render thread/DEBUG] (FabricLoader/Mixin) Mixing accessors.ClickSlotC2SPacketAccessor from delta.mixins.json into net.minecraft.network.packet.c2s.play.ClickSlotC2SPacket
[12:32:10] [Render thread/DEBUG] (FabricLoader/Mixin) Mixing accessors.PlayerMoveC2SPacketAccessor from delta.mixins.json into net.minecraft.network.packet.c2s.play.PlayerMoveC2SPacket
[12:32:10] [Render thread/DEBUG] (FabricLoader/Mixin) Mixing accessors.EntitySpawnS2CPacketAccessor from delta.mixins.json into net.minecraft.network.packet.s2c.play.EntitySpawnS2CPacket
[12:32:11] [Render thread/DEBUG] (FabricLoader/Mixin) Mixing accessors.ScreenHandlerSlotUpdateS2CPacketAccessor from delta.mixins.json into net.minecraft.network.packet.s2c.play.ScreenHandlerSlotUpdateS2CPacket
[12:32:11] [Render thread/DEBUG] (FabricLoader/Mixin) Mixing BrewingRecipeRegistryBuilderMixin from fabric-content-registries-v0.mixins.json into net.minecraft.recipe.BrewingRecipeRegistry$Builder
[12:32:11] [Render thread/DEBUG] (FabricLoader/Mixin) fabric-content-registries-v0.mixins.json:BrewingRecipeRegistryBuilderMixin from mod fabric-content-registries-v0->@Inject::build(Lorg/spongepowered/asm/mixin/injection/callback/CallbackInfoReturnable;)V doesn't use it's CallbackInfoReturnable
[12:32:11] [Render thread/DEBUG] (FabricLoader/Mixin) fabric-content-registries-v0.mixins.json:BrewingRecipeRegistryBuilderMixin from mod fabric-content-registries-v0->@Inject::build(Lorg/spongepowered/asm/mixin/injection/callback/CallbackInfoReturnable;)V has 0 override(s) in child classes
[12:32:11] [Render thread/DEBUG] (FabricLoader/Mixin) fabric-content-registries-v0.mixins.json:BrewingRecipeRegistryBuilderMixin from mod fabric-content-registries-v0->@Inject::build(Lorg/spongepowered/asm/mixin/injection/callback/CallbackInfoReturnable;)V won't be passed a CallbackInfoReturnable as a result
[12:32:11] [Render thread/DEBUG] (FabricLoader/Mixin) Mixing FuelRegistryMixin from fabric-content-registries-v0.mixins.json into net.minecraft.item.FuelRegistry
[12:32:11] [Render thread/DEBUG] (FabricLoader/Mixin) Mixing invokers.ClientPlayerInteractionManagerInvoker from delta.mixins.json into net.minecraft.client.network.ClientPlayerInteractionManager
[12:32:11] [Render thread/DEBUG] (FabricLoader/Mixin) Mixing mixin.ClientPlayerInteractionManagerMixin from delta.mixins.json into net.minecraft.client.network.ClientPlayerInteractionManager
[12:32:11] [Render thread/DEBUG] (FabricLoader/Mixin) Mixing ClientPlayerInteractionManagerMixin from fabric-events-interaction-v0.client.mixins.json into net.minecraft.client.network.ClientPlayerInteractionManager
[12:32:11] [Render thread/DEBUG] (FabricLoader/Mixin) Renaming synthetic method lambda$interactItem$2(Lnet/minecraft/util/Hand;Lnet/minecraft/entity/player/PlayerEntity;I)Lnet/minecraft/network/packet/Packet; to md1d5659$fabric-events-interaction-v0$lambda$interactItem$2$0 in fabric-events-interaction-v0.client.mixins.json:ClientPlayerInteractionManagerMixin from mod fabric-events-interaction-v0
[12:32:11] [Render thread/DEBUG] (FabricLoader/Mixin) Renaming synthetic method lambda$interactBlock$1(Lnet/minecraft/util/Hand;Lnet/minecraft/util/hit/BlockHitResult;I)Lnet/minecraft/network/packet/Packet; to md1d5659$fabric-events-interaction-v0$lambda$interactBlock$1$1 in fabric-events-interaction-v0.client.mixins.json:ClientPlayerInteractionManagerMixin from mod fabric-events-interaction-v0
[12:32:11] [Render thread/DEBUG] (FabricLoader/Mixin) Renaming synthetic method lambda$fabric_fireAttackBlockCallback$0(Lnet/minecraft/util/math/BlockPos;Lnet/minecraft/util/math/Direction;I)Lnet/minecraft/network/packet/Packet; to md1d5659$fabric-events-interaction-v0$lambda$fabric_fireAttackBlockCallback$0$2 in fabric-events-interaction-v0.client.mixins.json:ClientPlayerInteractionManagerMixin from mod fabric-events-interaction-v0
[12:32:11] [Render thread/DEBUG] (FabricLoader/Mixin) Mixing ClientPlayerInteractionManagerMixin from fabric-item-api-v1.client.mixins.json into net.minecraft.client.network.ClientPlayerInteractionManager
[12:32:11] [Render thread/DEBUG] (FabricLoader/Mixin) delta.mixins.json:mixin.ClientPlayerInteractionManagerMixin from mod delta->@Inject::interactBlock(Lnet/minecraft/client/network/ClientPlayerEntity;Lnet/minecraft/util/Hand;Lnet/minecraft/util/hit/BlockHitResult;Lorg/spongepowered/asm/mixin/injection/callback/CallbackInfoReturnable;)V does use it's CallbackInfoReturnable
[12:32:11] [Render thread/DEBUG] (FabricLoader/Mixin) delta.mixins.json:mixin.ClientPlayerInteractionManagerMixin from mod delta->@Inject::interactEntity(Lnet/minecraft/entity/player/PlayerEntity;Lnet/minecraft/entity/Entity;Lnet/minecraft/util/Hand;Lorg/spongepowered/asm/mixin/injection/callback/CallbackInfoReturnable;)V does use it's CallbackInfoReturnable
[12:32:11] [Render thread/DEBUG] (FabricLoader/Mixin) delta.mixins.json:mixin.ClientPlayerInteractionManagerMixin from mod delta->@Inject::onAttackEntity(Lnet/minecraft/entity/player/PlayerEntity;Lnet/minecraft/entity/Entity;Lorg/spongepowered/asm/mixin/injection/callback/CallbackInfo;)V does use it's CallbackInfo
[12:32:11] [Render thread/DEBUG] (FabricLoader/Mixin) fabric-events-interaction-v0.client.mixins.json:ClientPlayerInteractionManagerMixin from mod fabric-events-interaction-v0->@Inject::attackBlock(Lnet/minecraft/util/math/BlockPos;Lnet/minecraft/util/math/Direction;Lorg/spongepowered/asm/mixin/injection/callback/CallbackInfoReturnable;)V does use it's CallbackInfoReturnable
[12:32:11] [Render thread/DEBUG] (FabricLoader/Mixin) fabric-events-interaction-v0.client.mixins.json:ClientPlayerInteractionManagerMixin from mod fabric-events-interaction-v0->@Inject::method_2902(Lnet/minecraft/util/math/BlockPos;Lnet/minecraft/util/math/Direction;Lorg/spongepowered/asm/mixin/injection/callback/CallbackInfoReturnable;)V does use it's CallbackInfoReturnable
[12:32:11] [Render thread/DEBUG] (FabricLoader/Mixin) fabric-events-interaction-v0.client.mixins.json:ClientPlayerInteractionManagerMixin from mod fabric-events-interaction-v0->@Inject::fabric$onBlockBroken(Lnet/minecraft/util/math/BlockPos;Lorg/spongepowered/asm/mixin/injection/callback/CallbackInfoReturnable;Lnet/minecraft/world/World;Lnet/minecraft/block/BlockState;)V doesn't use it's CallbackInfoReturnable
[12:32:11] [Render thread/DEBUG] (FabricLoader/Mixin) fabric-events-interaction-v0.client.mixins.json:ClientPlayerInteractionManagerMixin from mod fabric-events-interaction-v0->@Inject::fabric$onBlockBroken(Lnet/minecraft/util/math/BlockPos;Lorg/spongepowered/asm/mixin/injection/callback/CallbackInfoReturnable;Lnet/minecraft/world/World;Lnet/minecraft/block/BlockState;)V has 0 override(s) in child classes
[12:32:11] [Render thread/DEBUG] (FabricLoader/Mixin) fabric-events-interaction-v0.client.mixins.json:ClientPlayerInteractionManagerMixin from mod fabric-events-interaction-v0->@Inject::fabric$onBlockBroken(Lnet/minecraft/util/math/BlockPos;Lorg/spongepowered/asm/mixin/injection/callback/CallbackInfoReturnable;Lnet/minecraft/world/World;Lnet/minecraft/block/BlockState;)V won't be passed a CallbackInfoReturnable as a result
[12:32:11] [Render thread/DEBUG] (FabricLoader/Mixin) fabric-events-interaction-v0.client.mixins.json:ClientPlayerInteractionManagerMixin from mod fabric-events-interaction-v0->@Inject::interactBlock(Lnet/minecraft/client/network/ClientPlayerEntity;Lnet/minecraft/util/Hand;Lnet/minecraft/util/hit/BlockHitResult;Lorg/spongepowered/asm/mixin/injection/callback/CallbackInfoReturnable;)V does use it's CallbackInfoReturnable
[12:32:11] [Render thread/DEBUG] (FabricLoader/Mixin) fabric-events-interaction-v0.client.mixins.json:ClientPlayerInteractionManagerMixin from mod fabric-events-interaction-v0->@Inject::interactItem(Lnet/minecraft/entity/player/PlayerEntity;Lnet/minecraft/util/Hand;Lorg/spongepowered/asm/mixin/injection/callback/CallbackInfoReturnable;)V does use it's CallbackInfoReturnable
[12:32:11] [Render thread/DEBUG] (FabricLoader/Mixin) fabric-events-interaction-v0.client.mixins.json:ClientPlayerInteractionManagerMixin from mod fabric-events-interaction-v0->@Inject::attackEntity(Lnet/minecraft/entity/player/PlayerEntity;Lnet/minecraft/entity/Entity;Lorg/spongepowered/asm/mixin/injection/callback/CallbackInfo;)V does use it's CallbackInfo
[12:32:11] [Render thread/DEBUG] (FabricLoader/Mixin) Mixing mixin.ClientWorldPropertiesMixin from delta.mixins.json into net.minecraft.client.world.ClientWorld$Properties
[12:32:11] [Render thread/DEBUG] (FabricLoader/Mixin) Mixing ClientChunkManagerMixin from fabric-lifecycle-events-v1.client.mixins.json into net.minecraft.client.world.ClientChunkManager
[12:32:11] [Render thread/DEBUG] (FabricLoader/Mixin) fabric-lifecycle-events-v1.client.mixins.json:ClientChunkManagerMixin from mod fabric-lifecycle-events-v1->@Inject::onChunkLoad(IILnet/minecraft/network/PacketByteBuf;Lnet/minecraft/nbt/NbtCompound;Ljava/util/function/Consumer;Lorg/spongepowered/asm/mixin/injection/callback/CallbackInfoReturnable;)V does use it's CallbackInfoReturnable
[12:32:11] [Render thread/DEBUG] (FabricLoader/Mixin) fabric-lifecycle-events-v1.client.mixins.json:ClientChunkManagerMixin from mod fabric-lifecycle-events-v1->@Inject::onChunkUnload(IILnet/minecraft/network/PacketByteBuf;Lnet/minecraft/nbt/NbtCompound;Ljava/util/function/Consumer;Lorg/spongepowered/asm/mixin/injection/callback/CallbackInfoReturnable;ILnet/minecraft/world/chunk/WorldChunk;Lnet/minecraft/util/math/ChunkPos;)V doesn't use it's CallbackInfoReturnable
[12:32:11] [Render thread/DEBUG] (FabricLoader/Mixin) fabric-lifecycle-events-v1.client.mixins.json:ClientChunkManagerMixin from mod fabric-lifecycle-events-v1->@Inject::onChunkUnload(IILnet/minecraft/network/PacketByteBuf;Lnet/minecraft/nbt/NbtCompound;Ljava/util/function/Consumer;Lorg/spongepowered/asm/mixin/injection/callback/CallbackInfoReturnable;ILnet/minecraft/world/chunk/WorldChunk;Lnet/minecraft/util/math/ChunkPos;)V has 0 override(s) in child classes
[12:32:11] [Render thread/DEBUG] (FabricLoader/Mixin) fabric-lifecycle-events-v1.client.mixins.json:ClientChunkManagerMixin from mod fabric-lifecycle-events-v1->@Inject::onChunkUnload(IILnet/minecraft/network/PacketByteBuf;Lnet/minecraft/nbt/NbtCompound;Ljava/util/function/Consumer;Lorg/spongepowered/asm/mixin/injection/callback/CallbackInfoReturnable;ILnet/minecraft/world/chunk/WorldChunk;Lnet/minecraft/util/math/ChunkPos;)V won't be passed a CallbackInfoReturnable as a result
[12:32:11] [Render thread/DEBUG] (FabricLoader/Mixin) fabric-lifecycle-events-v1.client.mixins.json:ClientChunkManagerMixin from mod fabric-lifecycle-events-v1->@Inject::onChunkUnload(Lnet/minecraft/util/math/ChunkPos;Lorg/spongepowered/asm/mixin/injection/callback/CallbackInfo;ILnet/minecraft/world/chunk/WorldChunk;)V doesn't use it's CallbackInfo
[12:32:11] [Render thread/DEBUG] (FabricLoader/Mixin) fabric-lifecycle-events-v1.client.mixins.json:ClientChunkManagerMixin from mod fabric-lifecycle-events-v1->@Inject::onChunkUnload(Lnet/minecraft/util/math/ChunkPos;Lorg/spongepowered/asm/mixin/injection/callback/CallbackInfo;ILnet/minecraft/world/chunk/WorldChunk;)V has 0 override(s) in child classes
[12:32:11] [Render thread/DEBUG] (FabricLoader/Mixin) fabric-lifecycle-events-v1.client.mixins.json:ClientChunkManagerMixin from mod fabric-lifecycle-events-v1->@Inject::onChunkUnload(Lnet/minecraft/util/math/ChunkPos;Lorg/spongepowered/asm/mixin/injection/callback/CallbackInfo;ILnet/minecraft/world/chunk/WorldChunk;)V won't be passed a CallbackInfo as a result
[12:32:11] [Render thread/DEBUG] (FabricLoader/Mixin) fabric-lifecycle-events-v1.client.mixins.json:ClientChunkManagerMixin from mod fabric-lifecycle-events-v1->@Inject::onUpdateLoadDistance(ILorg/spongepowered/asm/mixin/injection/callback/CallbackInfo;IILnet/minecraft/client/world/ClientChunkManager$ClientChunkMap;ILnet/minecraft/world/chunk/WorldChunk;Lnet/minecraft/util/math/ChunkPos;)V doesn't use it's CallbackInfo
[12:32:11] [Render thread/DEBUG] (FabricLoader/Mixin) fabric-lifecycle-events-v1.client.mixins.json:ClientChunkManagerMixin from mod fabric-lifecycle-events-v1->@Inject::onUpdateLoadDistance(ILorg/spongepowered/asm/mixin/injection/callback/CallbackInfo;IILnet/minecraft/client/world/ClientChunkManager$ClientChunkMap;ILnet/minecraft/world/chunk/WorldChunk;Lnet/minecraft/util/math/ChunkPos;)V has 0 override(s) in child classes
[12:32:11] [Render thread/DEBUG] (FabricLoader/Mixin) fabric-lifecycle-events-v1.client.mixins.json:ClientChunkManagerMixin from mod fabric-lifecycle-events-v1->@Inject::onUpdateLoadDistance(ILorg/spongepowered/asm/mixin/injection/callback/CallbackInfo;IILnet/minecraft/client/world/ClientChunkManager$ClientChunkMap;ILnet/minecraft/world/chunk/WorldChunk;Lnet/minecraft/util/math/ChunkPos;)V won't be passed a CallbackInfo as a result
[12:32:11] [Render thread/DEBUG] (FabricLoader/Mixin) Mixing ClientWorldClientEntityHandlerMixin from fabric-lifecycle-events-v1.client.mixins.json into net.minecraft.client.world.ClientWorld$ClientEntityHandler
[12:32:11] [Render thread/DEBUG] (FabricLoader/Mixin) fabric-lifecycle-events-v1.client.mixins.json:ClientWorldClientEntityHandlerMixin from mod fabric-lifecycle-events-v1->@Inject::invokeLoadEntity(Lnet/minecraft/entity/Entity;Lorg/spongepowered/asm/mixin/injection/callback/CallbackInfo;)V doesn't use it's CallbackInfo
[12:32:11] [Render thread/DEBUG] (FabricLoader/Mixin) fabric-lifecycle-events-v1.client.mixins.json:ClientWorldClientEntityHandlerMixin from mod fabric-lifecycle-events-v1->@Inject::invokeUnloadEntity(Lnet/minecraft/entity/Entity;Lorg/spongepowered/asm/mixin/injection/callback/CallbackInfo;)V doesn't use it's CallbackInfo
[12:32:11] [Render thread/DEBUG] (FabricLoader/Mixin) Mixing ChunkSectionMixin from fabric-block-api-v1.mixins.json into net.minecraft.world.chunk.ChunkSection
[12:32:11] [Render thread/DEBUG] (FabricLoader/Mixin) Mixing DimensionEffectsAccessor from fabric-rendering-v1.mixins.json into net.minecraft.client.render.DimensionEffects
[12:32:11] [Render thread/DEBUG] (FabricLoader/Mixin) Renaming @Accessor method getIdentifierMap()Lit/unimi/dsi/fastutil/objects/Object2ObjectMap; to getIdentifierMap$fabric-rendering-v1_$md$1d5659$0 in fabric-rendering-v1.mixins.json:DimensionEffectsAccessor from mod fabric-rendering-v1
[12:32:11] [Render thread/DEBUG] (FabricLoader/Mixin) Mixing SectionBuilderMixin from fabric-renderer-indigo.mixins.json into net.minecraft.client.render.chunk.SectionBuilder
[12:32:11] [Render thread/DEBUG] (FabricLoader/Mixin) Renaming synthetic method lambda$hookBuild$0(Ljava/util/Map;Lnet/minecraft/client/render/chunk/BlockBufferAllocatorStorage;Lnet/minecraft/client/render/RenderLayer;)Lnet/minecraft/client/render/BufferBuilder; to md1d5659$fabric-renderer-indigo$lambda$hookBuild$0$0 in fabric-renderer-indigo.mixins.json:SectionBuilderMixin from mod fabric-renderer-indigo
[12:32:11] [Render thread/DEBUG] (FabricLoader/Mixin) fabric-renderer-indigo.mixins.json:SectionBuilderMixin from mod fabric-renderer-indigo->@Inject::hookBuild(Lnet/minecraft/util/math/ChunkSectionPos;Lnet/minecraft/client/render/chunk/ChunkRendererRegion;Lcom/mojang/blaze3d/systems/VertexSorter;Lnet/minecraft/client/render/chunk/BlockBufferAllocatorStorage;Lorg/spongepowered/asm/mixin/injection/callback/CallbackInfoReturnable;)V doesn't use it's CallbackInfoReturnable
[12:32:11] [Render thread/DEBUG] (FabricLoader/Mixin) fabric-renderer-indigo.mixins.json:SectionBuilderMixin from mod fabric-renderer-indigo->@Inject::hookBuild(Lnet/minecraft/util/math/ChunkSectionPos;Lnet/minecraft/client/render/chunk/ChunkRendererRegion;Lcom/mojang/blaze3d/systems/VertexSorter;Lnet/minecraft/client/render/chunk/BlockBufferAllocatorStorage;Lorg/spongepowered/asm/mixin/injection/callback/CallbackInfoReturnable;)V has 0 override(s) in child classes
[12:32:11] [Render thread/DEBUG] (FabricLoader/Mixin) fabric-renderer-indigo.mixins.json:SectionBuilderMixin from mod fabric-renderer-indigo->@Inject::hookBuild(Lnet/minecraft/util/math/ChunkSectionPos;Lnet/minecraft/client/render/chunk/ChunkRendererRegion;Lcom/mojang/blaze3d/systems/VertexSorter;Lnet/minecraft/client/render/chunk/BlockBufferAllocatorStorage;Lorg/spongepowered/asm/mixin/injection/callback/CallbackInfoReturnable;)V won't be passed a CallbackInfoReturnable as a result
[12:32:11] [Render thread/DEBUG] (FabricLoader/Mixin) fabric-renderer-indigo.mixins.json:SectionBuilderMixin from mod fabric-renderer-indigo->@Inject::hookBuildReturn(Lnet/minecraft/util/math/ChunkSectionPos;Lnet/minecraft/client/render/chunk/ChunkRendererRegion;Lcom/mojang/blaze3d/systems/VertexSorter;Lnet/minecraft/client/render/chunk/BlockBufferAllocatorStorage;Lorg/spongepowered/asm/mixin/injection/callback/CallbackInfoReturnable;)V doesn't use it's CallbackInfoReturnable
[12:32:11] [Render thread/DEBUG] (FabricLoader/Mixin) fabric-renderer-indigo.mixins.json:SectionBuilderMixin from mod fabric-renderer-indigo->@Inject::hookBuildReturn(Lnet/minecraft/util/math/ChunkSectionPos;Lnet/minecraft/client/render/chunk/ChunkRendererRegion;Lcom/mojang/blaze3d/systems/VertexSorter;Lnet/minecraft/client/render/chunk/BlockBufferAllocatorStorage;Lorg/spongepowered/asm/mixin/injection/callback/CallbackInfoReturnable;)V has 0 override(s) in child classes
[12:32:11] [Render thread/DEBUG] (FabricLoader/Mixin) fabric-renderer-indigo.mixins.json:SectionBuilderMixin from mod fabric-renderer-indigo->@Inject::hookBuildReturn(Lnet/minecraft/util/math/ChunkSectionPos;Lnet/minecraft/client/render/chunk/ChunkRendererRegion;Lcom/mojang/blaze3d/systems/VertexSorter;Lnet/minecraft/client/render/chunk/BlockBufferAllocatorStorage;Lorg/spongepowered/asm/mixin/injection/callback/CallbackInfoReturnable;)V won't be passed a CallbackInfoReturnable as a result
[12:32:11] [Render thread/DEBUG] (FabricLoader/Mixin) Mixing RenderLayersMixin from fabric-blockrenderlayer-v1.mixins.json into net.minecraft.client.render.RenderLayers
[12:32:11] [Render thread/DEBUG] (FabricLoader/Mixin) fabric-blockrenderlayer-v1.mixins.json:RenderLayersMixin from mod fabric-blockrenderlayer-v1->@Inject::onInitialize(Lorg/spongepowered/asm/mixin/injection/callback/CallbackInfo;)V doesn't use it's CallbackInfo
[12:32:11] [Render thread/DEBUG] (FabricLoader/Mixin) Mixing HangingSignEditScreenMixin from fabric-object-builder-v1.client.mixins.json into net.minecraft.client.gui.screen.ingame.HangingSignEditScreen
[12:32:11] [Render thread/DEBUG] (FabricLoader/Mixin) Renaming synthetic method lambda$init$0(Ljava/lang/String;)Ljava/lang/String; to md1d5659$fabric-object-builder-api-v1$lambda$init$0$0 in fabric-object-builder-v1.client.mixins.json:HangingSignEditScreenMixin from mod fabric-object-builder-api-v1
[12:32:11] [Render thread/DEBUG] (FabricLoader/Mixin) Mixing mixin.ItemCooldownManagerMixin from delta.mixins.json into net.minecraft.entity.player.ItemCooldownManager
[12:32:11] [Render thread/DEBUG] (FabricLoader/Mixin) Renaming synthetic method lambda$getGroup$0(Lnet/minecraft/entity/effect/StatusEffectInstance;)Z to md1d5659$delta$lambda$getGroup$0$0 in delta.mixins.json:mixin.ItemCooldownManagerMixin from mod delta
[12:32:11] [Render thread/DEBUG] (FabricLoader/Mixin) Mixing accessors.ItemCooldownManagerAccessor from delta.mixins.json into net.minecraft.entity.player.ItemCooldownManager
[12:32:11] [Render thread/DEBUG] (FabricLoader/Mixin) delta.mixins.json:mixin.ItemCooldownManagerMixin from mod delta->@Inject::getGroup(Lnet/minecraft/item/ItemStack;Lorg/spongepowered/asm/mixin/injection/callback/CallbackInfoReturnable;)V does use it's CallbackInfoReturnable
[12:32:11] [Render thread/DEBUG] (FabricLoader/Mixin) Mixing mixin.AnvilScreenMixin from delta.mixins.json into net.minecraft.client.gui.screen.ingame.AnvilScreen
[12:32:11] [Render thread/DEBUG] (FabricLoader/Mixin) Mixing CreativeInventoryScreenMixin from fabric-item-group-api-v1.client.mixins.json into net.minecraft.client.gui.screen.ingame.CreativeInventoryScreen
[12:32:11] [Render thread/DEBUG] (FabricLoader/Mixin) Renaming synthetic method lambda$getItemGroupsOnPage$3(Lnet/minecraft/item/ItemGroup;Lnet/minecraft/item/ItemGroup;)I to md1d5659$fabric-item-group-api-v1$lambda$getItemGroupsOnPage$3$0 in fabric-item-group-api-v1.client.mixins.json:CreativeInventoryScreenMixin from mod fabric-item-group-api-v1
[12:32:11] [Render thread/DEBUG] (FabricLoader/Mixin) Renaming synthetic method lambda$getItemGroupsOnPage$2(ILnet/minecraft/item/ItemGroup;)Z to md1d5659$fabric-item-group-api-v1$lambda$getItemGroupsOnPage$2$1 in fabric-item-group-api-v1.client.mixins.json:CreativeInventoryScreenMixin from mod fabric-item-group-api-v1
[12:32:11] [Render thread/DEBUG] (FabricLoader/Mixin) Renaming synthetic method lambda$hasGroupForPage$1(ILnet/minecraft/item/ItemGroup;)Z to md1d5659$fabric-item-group-api-v1$lambda$hasGroupForPage$1$2 in fabric-item-group-api-v1.client.mixins.json:CreativeInventoryScreenMixin from mod fabric-item-group-api-v1
[12:32:11] [Render thread/DEBUG] (FabricLoader/Mixin) Renaming synthetic method lambda$updateSelection$0(Lnet/minecraft/item/ItemGroup;Lnet/minecraft/item/ItemGroup;)I to md1d5659$fabric-item-group-api-v1$lambda$updateSelection$0$3 in fabric-item-group-api-v1.client.mixins.json:CreativeInventoryScreenMixin from mod fabric-item-group-api-v1
[12:32:11] [Render thread/DEBUG] (FabricLoader/Mixin) fabric-item-group-api-v1.client.mixins.json:CreativeInventoryScreenMixin from mod fabric-item-group-api-v1->@Inject::init(Lorg/spongepowered/asm/mixin/injection/callback/CallbackInfo;)V doesn't use it's CallbackInfo
[12:32:11] [Render thread/DEBUG] (FabricLoader/Mixin) fabric-item-group-api-v1.client.mixins.json:CreativeInventoryScreenMixin from mod fabric-item-group-api-v1->@Inject::init(Lorg/spongepowered/asm/mixin/injection/callback/CallbackInfo;)V has 0 override(s) in child classes
[12:32:11] [Render thread/DEBUG] (FabricLoader/Mixin) fabric-item-group-api-v1.client.mixins.json:CreativeInventoryScreenMixin from mod fabric-item-group-api-v1->@Inject::init(Lorg/spongepowered/asm/mixin/injection/callback/CallbackInfo;)V won't be passed a CallbackInfo as a result
[12:32:11] [Render thread/DEBUG] (FabricLoader/Mixin) fabric-item-group-api-v1.client.mixins.json:CreativeInventoryScreenMixin from mod fabric-item-group-api-v1->@Inject::setSelectedTab(Lnet/minecraft/item/ItemGroup;Lorg/spongepowered/asm/mixin/injection/callback/CallbackInfo;)V does use it's CallbackInfo
[12:32:11] [Render thread/DEBUG] (FabricLoader/Mixin) fabric-item-group-api-v1.client.mixins.json:CreativeInventoryScreenMixin from mod fabric-item-group-api-v1->@Inject::renderTabTooltipIfHovered(Lnet/minecraft/client/gui/DrawContext;Lnet/minecraft/item/ItemGroup;IILorg/spongepowered/asm/mixin/injection/callback/CallbackInfoReturnable;)V does use it's CallbackInfoReturnable
[12:32:11] [Render thread/DEBUG] (FabricLoader/Mixin) fabric-item-group-api-v1.client.mixins.json:CreativeInventoryScreenMixin from mod fabric-item-group-api-v1->@Inject::isClickInTab(Lnet/minecraft/item/ItemGroup;DDLorg/spongepowered/asm/mixin/injection/callback/CallbackInfoReturnable;)V does use it's CallbackInfoReturnable
[12:32:11] [Render thread/DEBUG] (FabricLoader/Mixin) fabric-item-group-api-v1.client.mixins.json:CreativeInventoryScreenMixin from mod fabric-item-group-api-v1->@Inject::renderTabIcon(Lnet/minecraft/client/gui/DrawContext;Lnet/minecraft/item/ItemGroup;Lorg/spongepowered/asm/mixin/injection/callback/CallbackInfo;)V does use it's CallbackInfo
[12:32:11] [Render thread/DEBUG] (FabricLoader/Mixin) fabric-item-group-api-v1.client.mixins.json:CreativeInventoryScreenMixin from mod fabric-item-group-api-v1->@Inject::keyPressed(IIILorg/spongepowered/asm/mixin/injection/callback/CallbackInfoReturnable;)V does use it's CallbackInfoReturnable
[12:32:11] [Render thread/DEBUG] (FabricLoader/Mixin) Mixing mixin.BackgroundRendererMixin from delta.mixins.json into net.minecraft.client.render.BackgroundRenderer
[12:32:11] [Render thread/DEBUG] (FabricLoader/Mixin) delta.mixins.json:mixin.BackgroundRendererMixin from mod delta->@Inject::onGetFogModifier(Lnet/minecraft/entity/Entity;FLorg/spongepowered/asm/mixin/injection/callback/CallbackInfoReturnable;)V does use it's CallbackInfoReturnable
[12:32:11] [Render thread/DEBUG] (FabricLoader/Mixin) Mixing ChunkRendererRegionBuilderMixin from fabric-block-view-api-v2.client.mixins.json into net.minecraft.client.render.chunk.ChunkRendererRegionBuilder
[12:32:11] [Render thread/DEBUG] (FabricLoader/Mixin) fabric-block-view-api-v2.client.mixins.json:ChunkRendererRegionBuilderMixin from mod fabric-block-view-api-v2->@Inject::copyDataForChunk(Lnet/minecraft/world/World;Lnet/minecraft/util/math/ChunkSectionPos;Lorg/spongepowered/asm/mixin/injection/callback/CallbackInfoReturnable;)V doesn't use it's CallbackInfoReturnable
[12:32:11] [Render thread/DEBUG] (FabricLoader/Mixin) fabric-block-view-api-v2.client.mixins.json:ChunkRendererRegionBuilderMixin from mod fabric-block-view-api-v2->@Inject::copyDataForChunk(Lnet/minecraft/world/World;Lnet/minecraft/util/math/ChunkSectionPos;Lorg/spongepowered/asm/mixin/injection/callback/CallbackInfoReturnable;)V has 0 override(s) in child classes
[12:32:11] [Render thread/DEBUG] (FabricLoader/Mixin) fabric-block-view-api-v2.client.mixins.json:ChunkRendererRegionBuilderMixin from mod fabric-block-view-api-v2->@Inject::copyDataForChunk(Lnet/minecraft/world/World;Lnet/minecraft/util/math/ChunkSectionPos;Lorg/spongepowered/asm/mixin/injection/callback/CallbackInfoReturnable;)V won't be passed a CallbackInfoReturnable as a result
[12:32:12] [Render thread/DEBUG] (FabricLoader/Mixin) fabric-block-view-api-v2.client.mixins.json:ChunkRendererRegionBuilderMixin from mod fabric-block-view-api-v2->@Inject::createDataMap(Lnet/minecraft/world/World;Lnet/minecraft/util/math/ChunkSectionPos;Lorg/spongepowered/asm/mixin/injection/callback/CallbackInfoReturnable;)V does use it's CallbackInfoReturnable
[12:32:12] [Render thread/DEBUG] (FabricLoader/Mixin) Mixing mixin.InGameOverlayRendererMixin from delta.mixins.json into net.minecraft.client.gui.hud.InGameOverlayRenderer
[12:32:12] [Render thread/DEBUG] (FabricLoader/Mixin) delta.mixins.json:mixin.InGameOverlayRendererMixin from mod delta->@Inject::renderFireOverlay(Lnet/minecraft/client/util/math/MatrixStack;Lnet/minecraft/client/render/VertexConsumerProvider;Lorg/spongepowered/asm/mixin/injection/callback/CallbackInfo;)V does use it's CallbackInfo
[12:32:12] [Render thread/DEBUG] (FabricLoader/Mixin) delta.mixins.json:mixin.InGameOverlayRendererMixin from mod delta->@Inject::renderInWallOverlay(Lnet/minecraft/client/texture/Sprite;Lnet/minecraft/client/util/math/MatrixStack;Lnet/minecraft/client/render/VertexConsumerProvider;Lorg/spongepowered/asm/mixin/injection/callback/CallbackInfo;)V does use it's CallbackInfo
[12:32:12] [Render thread/DEBUG] (FabricLoader/Mixin) Mixing mixin.HeartTypeMixin from delta.mixins.json into net.minecraft.client.gui.hud.InGameHud$HeartType
[12:32:12] [Render thread/INFO] (net.minecraft.client.gui.hud.ChatHud) [System] [CHAT] ➥ Идёт проверка, пожалуйста, подождите...
[12:32:14] [Render thread/INFO] (net.minecraft.client.gui.hud.ChatHud) [System] [CHAT] ➥ Идёт проверка, пожалуйста, подождите...
[12:32:14] [Render thread/INFO] (net.minecraft.client.gui.hud.ChatHud) [System] [CHAT] ➥ Идёт проверка, пожалуйста, подождите...
[12:32:14] [Render thread/DEBUG] (FabricLoader/Mixin) Mixing EnchantmentHelperMixin from fabric-item-api-v1.mixins.json into net.minecraft.enchantment.EnchantmentHelper
[12:32:16] [Render thread/DEBUG] (FabricLoader/Mixin) Mixing ChunkRendererRegionMixin from fabric-block-view-api-v2.client.mixins.json into net.minecraft.client.render.chunk.ChunkRendererRegion
[12:32:16] [Render thread/DEBUG] (FabricLoader/Mixin) Mixing ChunkRendererRegionMixin from fabric-rendering-data-attachment-v1.client.mixins.json into net.minecraft.client.render.chunk.ChunkRendererRegion
[12:32:16] [Render thread/DEBUG] (FabricLoader/Mixin) Mixing ChunkRendererRegionMixin from fabric-renderer-indigo.mixins.json into net.minecraft.client.render.chunk.ChunkRendererRegion
[12:32:16] [Render thread/INFO] (net.minecraft.client.gui.hud.ChatHud) [System] [CHAT] ➥ Идёт проверка, пожалуйста, подождите...
[12:32:19] [Render thread/INFO] (net.minecraft.client.gui.hud.ChatHud) [System] [CHAT] ➥ Идёт проверка, пожалуйста, подождите...
[12:32:21] [Render thread/INFO] (net.minecraft.client.gui.hud.ChatHud) [System] [CHAT] ➥ Идёт проверка, пожалуйста, подождите...
[12:32:21] [Render thread/INFO] (net.minecraft.client.gui.hud.ChatHud) [System] [CHAT] ➥ Идёт проверка, пожалуйста, подождите...
[12:32:21] [Render thread/INFO] (net.minecraft.client.gui.hud.ChatHud) [System] [CHAT] ➥ Вы успешно прошли проверку! :)
[12:32:21] [Render thread/INFO] (net.minecraft.client.gui.hud.ChatHud) [System] [CHAT] [✾] Войдите в игру ⇝ /login <Пароль>
[12:32:22] [Render thread/DEBUG] (net.fabricmc.fabric.impl.resource.loader.ModResourcePackUtil) [Fabric] Starting internal pack sorting with: []
[12:32:22] [Render thread/DEBUG] (net.fabricmc.fabric.impl.resource.loader.ModResourcePackUtil) [Fabric] Removed all internal packs, result: []
[12:32:22] [Render thread/DEBUG] (net.fabricmc.fabric.impl.resource.loader.ModResourcePackUtil) [Fabric] Final sorting result: []
[12:32:22] [Render thread/DEBUG] (net.fabricmc.fabric.impl.resource.loader.ModResourcePackUtil) [Fabric] Starting internal pack sorting with: []
[12:32:22] [Render thread/DEBUG] (net.fabricmc.fabric.impl.resource.loader.ModResourcePackUtil) [Fabric] Removed all internal packs, result: []
[12:32:22] [Render thread/DEBUG] (net.fabricmc.fabric.impl.resource.loader.ModResourcePackUtil) [Fabric] Final sorting result: []
[12:32:22] [Netty Client IO #2/WARN] (fabric-networking-api-v1) Received invalid channel identifier "legacy:minecraft:brand"
[12:32:22] [Netty Client IO #2/WARN] (fabric-networking-api-v1) Received invalid channel identifier "legacy:mc|brand"
[12:32:22] [Netty Client IO #2/DEBUG] (ClientPlayNetworkAddon for ssiwipe28) Handling inbound packet from channel with name "minecraft:register"
[12:32:22] [Netty Client IO #2/DEBUG] (ClientPlayNetworkAddon for ssiwipe28) Handling inbound packet from channel with name "minecraft:brand"
[12:32:22] [Render thread/DEBUG] (ClientPlayNetworkAddon for ssiwipe28) Handling inbound packet from channel with name "minecraft:brand"
[12:32:22] [Netty Client IO #2/DEBUG] (FabricLoader/Mixin) Mixing accessors.SerializableTeamAccessor from delta.mixins.json into net.minecraft.network.packet.s2c.play.TeamS2CPacket$SerializableTeam
[12:32:22] [Render thread/WARN] (net.minecraft.client.network.ClientPlayNetworkHandler) Ignoring player info update for unknown player f32fdf0a-24a6-3a36-afcb-8c1dc8735ee0 ([UPDATE_GAME_MODE])
[12:32:22] [Netty Client IO #2/DEBUG] (ClientPlayNetworkAddon for ssiwipe28) Handling inbound packet from channel with name "vv:server_details"
[12:32:22] [Render thread/WARN] (net.minecraft.client.network.ClientPlayNetworkHandler) Ignoring player info update for unknown player f32fdf0a-24a6-3a36-afcb-8c1dc8735ee0 ([UPDATE_GAME_MODE])
[12:32:22] [Render thread/WARN] (net.minecraft.client.network.ClientPlayNetworkHandler) Ignoring player info update for unknown player f32fdf0a-24a6-3a36-afcb-8c1dc8735ee0 ([UPDATE_GAME_MODE])
[12:32:22] [Render thread/WARN] (net.minecraft.client.network.ClientPlayNetworkHandler) Ignoring player info update for unknown player f32fdf0a-24a6-3a36-afcb-8c1dc8735ee0 ([UPDATE_GAME_MODE])
[12:32:22] [Netty Client IO #2/DEBUG] (ClientPlayNetworkAddon for ssiwipe28) Handling inbound packet from channel with name "minecraft:brand"
[12:32:22] [Render thread/DEBUG] (ClientPlayNetworkAddon for ssiwipe28) Handling inbound packet from channel with name "minecraft:brand"
[12:32:22] [Render thread/INFO] (net.minecraft.advancement.AdvancementManager) Loaded 0 advancements
[12:32:22] [Render thread/DEBUG] (com.mojang.blaze3d.systems.RenderSystem) Growing IndexBuffer: Old limit 9360, new limit 37560.
[12:32:23] [Render thread/WARN] (net.minecraft.client.network.ClientPlayNetworkHandler) Ignoring player info update for unknown player 7837faf6-951a-31b3-9bf2-0b8b6fcf2f0f ([UPDATE_GAME_MODE])
[12:32:23] [Render thread/WARN] (net.minecraft.client.network.ClientPlayNetworkHandler) Ignoring player info update for unknown player 7837faf6-951a-31b3-9bf2-0b8b6fcf2f0f ([UPDATE_GAME_MODE])
[12:32:23] [Render thread/WARN] (net.minecraft.client.network.ClientPlayNetworkHandler) Ignoring player info update for unknown player 7837faf6-951a-31b3-9bf2-0b8b6fcf2f0f ([UPDATE_GAME_MODE])
[12:32:23] [Render thread/WARN] (net.minecraft.client.network.ClientPlayNetworkHandler) Ignoring player info update for unknown player 7837faf6-951a-31b3-9bf2-0b8b6fcf2f0f ([UPDATE_GAME_MODE])
[12:32:23] [Render thread/DEBUG] (FabricLoader/Mixin) Mixing mixin.ChatInputSuggestorMixin from delta.mixins.json into net.minecraft.client.gui.screen.ChatInputSuggestor
[12:32:23] [Render thread/DEBUG] (FabricLoader/Mixin) Renaming synthetic method lambda$onRefresh$0()V to md1d5659$delta$lambda$onRefresh$0$0 in delta.mixins.json:mixin.ChatInputSuggestorMixin from mod delta
[12:32:23] [Render thread/DEBUG] (FabricLoader/Mixin) delta.mixins.json:mixin.ChatInputSuggestorMixin from mod delta->@Inject::onRefresh(Lorg/spongepowered/asm/mixin/injection/callback/CallbackInfo;)V does use it's CallbackInfo
[12:32:25] [Render thread/DEBUG] (net.fabricmc.fabric.impl.command.client.ClientCommandInternals) Syntax exception for client-sided command 'l regreg'
com.mojang.brigadier.exceptions.CommandSyntaxException: Неизвестная или неполная команда; см. ниже, чтобы найти ошибку at position 0: <--[HERE]
[12:32:26] [Render thread/INFO] (net.minecraft.client.gui.hud.ChatHud) [System] [CHAT] [✾] Успешная авторизация! Приятной игры!
[12:32:26] [Render thread/DEBUG] (net.fabricmc.fabric.impl.resource.loader.ModResourcePackUtil) [Fabric] Starting internal pack sorting with: []
[12:32:26] [Render thread/DEBUG] (net.fabricmc.fabric.impl.resource.loader.ModResourcePackUtil) [Fabric] Removed all internal packs, result: []
[12:32:26] [Render thread/DEBUG] (net.fabricmc.fabric.impl.resource.loader.ModResourcePackUtil) [Fabric] Final sorting result: []
[12:32:26] [Render thread/DEBUG] (net.fabricmc.fabric.impl.resource.loader.ModResourcePackUtil) [Fabric] Starting internal pack sorting with: []
[12:32:26] [Render thread/DEBUG] (net.fabricmc.fabric.impl.resource.loader.ModResourcePackUtil) [Fabric] Removed all internal packs, result: []
[12:32:26] [Render thread/DEBUG] (net.fabricmc.fabric.impl.resource.loader.ModResourcePackUtil) [Fabric] Final sorting result: []
[12:32:26] [Render thread/INFO] (net.minecraft.client.gui.hud.ChatHud) [System] [CHAT]  ╔═════ ★ SpookyTime.net ★ ═══╗\n ║\n ║ Добро пожаловать на SpookyTime\n ║ Наши социальные сети - /links\n ║ Приятной игры и новых побед!\n ║\n ╚═════════════════════╝
[12:32:26] [Netty Client IO #2/WARN] (fabric-networking-api-v1) Received invalid channel identifier "legacy:minecraft:brand"
[12:32:26] [Netty Client IO #2/WARN] (fabric-networking-api-v1) Received invalid channel identifier "legacy:mc|brand"
[12:32:26] [Netty Client IO #2/DEBUG] (ClientPlayNetworkAddon for ssiwipe28) Handling inbound packet from channel with name "minecraft:register"
[12:32:26] [Netty Client IO #2/DEBUG] (ClientPlayNetworkAddon for ssiwipe28) Handling inbound packet from channel with name "minecraft:brand"
[12:32:26] [Render thread/DEBUG] (ClientPlayNetworkAddon for ssiwipe28) Handling inbound packet from channel with name "minecraft:brand"
[12:32:27] [Render thread/WARN] (net.minecraft.client.network.ClientPlayNetworkHandler) Ignoring player info update for unknown player f32fdf0a-24a6-3a36-afcb-8c1dc8735ee0 ([UPDATE_GAME_MODE])
[12:32:27] [Render thread/WARN] (net.minecraft.client.network.ClientPlayNetworkHandler) Ignoring player info update for unknown player f32fdf0a-24a6-3a36-afcb-8c1dc8735ee0 ([UPDATE_GAME_MODE])
[12:32:27] [Render thread/WARN] (net.minecraft.client.network.ClientPlayNetworkHandler) Ignoring player info update for unknown player f32fdf0a-24a6-3a36-afcb-8c1dc8735ee0 ([UPDATE_GAME_MODE])
[12:32:27] [Netty Client IO #2/DEBUG] (ClientPlayNetworkAddon for ssiwipe28) Handling inbound packet from channel with name "vv:server_details"
[12:32:27] [Render thread/WARN] (net.minecraft.client.network.ClientPlayNetworkHandler) Ignoring player info update for unknown player f32fdf0a-24a6-3a36-afcb-8c1dc8735ee0 ([UPDATE_GAME_MODE])
[12:32:27] [Netty Client IO #2/DEBUG] (ClientPlayNetworkAddon for ssiwipe28) Handling inbound packet from channel with name "minecraft:brand"
[12:32:27] [Render thread/DEBUG] (ClientPlayNetworkAddon for ssiwipe28) Handling inbound packet from channel with name "minecraft:brand"
[12:32:27] [Render thread/DEBUG] (FabricLoader/Mixin) Mixing LandPathNodeMakerMixin from fabric-content-registries-v0.mixins.json into net.minecraft.entity.ai.pathing.LandPathNodeMaker
[12:32:27] [Render thread/DEBUG] (FabricLoader/Mixin) fabric-content-registries-v0.mixins.json:LandPathNodeMakerMixin from mod fabric-content-registries-v0->@Inject::getCommonNodeType(Lnet/minecraft/world/BlockView;Lnet/minecraft/util/math/BlockPos;Lorg/spongepowered/asm/mixin/injection/callback/CallbackInfoReturnable;)V does use it's CallbackInfoReturnable
[12:32:27] [Render thread/INFO] (net.minecraft.advancement.AdvancementManager) Loaded 0 advancements
[12:32:28] [Render thread/WARN] (net.minecraft.client.network.ClientPlayNetworkHandler) Ignoring player info update for unknown player 9ea6044b-1645-3d5d-b255-106fb972bc08 ([UPDATE_GAME_MODE])
[12:32:28] [Render thread/WARN] (net.minecraft.client.network.ClientPlayNetworkHandler) Ignoring player info update for unknown player 9ea6044b-1645-3d5d-b255-106fb972bc08 ([UPDATE_GAME_MODE])
[12:32:28] [Render thread/DEBUG] (FabricLoader/Mixin) Mixing KeyedResourceReloadListenerMixin from fabric-resource-loader-v0.mixins.json into net.minecraft.recipe.ServerRecipeManager
[12:32:28] [Render thread/DEBUG] (FabricLoader/Mixin) Mixing ServerRecipeManagerMixin from fabric-resource-loader-v0.mixins.json into net.minecraft.recipe.ServerRecipeManager
[12:32:28] [Render thread/DEBUG] (FabricLoader/Mixin) Renaming @Unique field registriesLnet/minecraft/registry/RegistryWrapper$WrapperLookup; to fd1d5659$fabric-resource-loader-v0$registries$0 in fabric-resource-loader-v0.mixins.json:ServerRecipeManagerMixin from mod fabric-resource-loader-v0
[12:32:28] [Render thread/DEBUG] (FabricLoader/Mixin) Mixing ServerRecipeManagerMixin from fabric-recipe-api-v1.mixins.json into net.minecraft.recipe.ServerRecipeManager
[12:32:28] [Render thread/DEBUG] (FabricLoader/Mixin) fabric-resource-loader-v0.mixins.json:ServerRecipeManagerMixin from mod fabric-resource-loader-v0->@Inject::init(Lnet/minecraft/registry/RegistryWrapper$WrapperLookup;Lorg/spongepowered/asm/mixin/injection/callback/CallbackInfo;)V doesn't use it's CallbackInfo
[12:32:28] [Render thread/DEBUG] (FabricLoader/Mixin) fabric-resource-loader-v0.mixins.json:ServerRecipeManagerMixin from mod fabric-resource-loader-v0->@Inject::init(Lnet/minecraft/registry/RegistryWrapper$WrapperLookup;Lorg/spongepowered/asm/mixin/injection/callback/CallbackInfo;)V has 0 override(s) in child classes
[12:32:28] [Render thread/DEBUG] (FabricLoader/Mixin) fabric-resource-loader-v0.mixins.json:ServerRecipeManagerMixin from mod fabric-resource-loader-v0->@Inject::init(Lnet/minecraft/registry/RegistryWrapper$WrapperLookup;Lorg/spongepowered/asm/mixin/injection/callback/CallbackInfo;)V won't be passed a CallbackInfo as a result
[12:32:29] [Render thread/INFO] (net.minecraft.client.gui.hud.ChatHud) [System] [CHAT] ** ! Внимание !\n** Чтобы ваш Аккаунт был в БЕЗОПАСНОСТИ!\n** Привяжите его к ВК: /vk\n** Или к Телеграм: /tg\n\n** ! Внимание !\n** Чтобы ваш Аккаунт был в БЕЗОПАСНОСТИ!\n** Привяжите его к ВК: /vk\n** Или к Телеграм: /tg
[12:32:31] [Render thread/INFO] (net.minecraft.client.gui.hud.ChatHud) [System] [CHAT] Вы были кикнуты с сервера 1duels: \nСервер заполнен!
[12:32:31] [Render thread/DEBUG] (net.fabricmc.fabric.impl.resource.loader.ModResourcePackUtil) [Fabric] Starting internal pack sorting with: []
[12:32:31] [Render thread/DEBUG] (net.fabricmc.fabric.impl.resource.loader.ModResourcePackUtil) [Fabric] Removed all internal packs, result: []
[12:32:31] [Render thread/DEBUG] (net.fabricmc.fabric.impl.resource.loader.ModResourcePackUtil) [Fabric] Final sorting result: []
[12:32:31] [Render thread/DEBUG] (net.fabricmc.fabric.impl.resource.loader.ModResourcePackUtil) [Fabric] Starting internal pack sorting with: []
[12:32:31] [Render thread/DEBUG] (net.fabricmc.fabric.impl.resource.loader.ModResourcePackUtil) [Fabric] Removed all internal packs, result: []
[12:32:31] [Render thread/DEBUG] (net.fabricmc.fabric.impl.resource.loader.ModResourcePackUtil) [Fabric] Final sorting result: []
[12:32:31] [Render thread/INFO] (net.minecraft.client.gui.hud.ChatHud) [System] [CHAT]  ╔═════ ★ SpookyTime.net ★ ═══╗\n ║\n ║ Добро пожаловать на SpookyTime\n ║ Наши социальные сети - /links\n ║ Приятной игры и новых побед!\n ║\n ╚═════════════════════╝
[12:32:31] [Netty Client IO #2/WARN] (fabric-networking-api-v1) Received invalid channel identifier "legacy:minecraft:brand"
[12:32:31] [Netty Client IO #2/WARN] (fabric-networking-api-v1) Received invalid channel identifier "legacy:mc|brand"
[12:32:31] [Netty Client IO #2/DEBUG] (ClientPlayNetworkAddon for ssiwipe28) Handling inbound packet from channel with name "minecraft:register"
[12:32:31] [Netty Client IO #2/DEBUG] (ClientPlayNetworkAddon for ssiwipe28) Handling inbound packet from channel with name "minecraft:brand"
[12:32:31] [Render thread/DEBUG] (ClientPlayNetworkAddon for ssiwipe28) Handling inbound packet from channel with name "minecraft:brand"
[12:32:31] [Render thread/WARN] (net.minecraft.client.network.ClientPlayNetworkHandler) Ignoring player info update for unknown player f32fdf0a-24a6-3a36-afcb-8c1dc8735ee0 ([UPDATE_GAME_MODE])
[12:32:31] [Render thread/WARN] (net.minecraft.client.network.ClientPlayNetworkHandler) Ignoring player info update for unknown player f32fdf0a-24a6-3a36-afcb-8c1dc8735ee0 ([UPDATE_GAME_MODE])
[12:32:31] [Render thread/WARN] (net.minecraft.client.network.ClientPlayNetworkHandler) Ignoring player info update for unknown player f32fdf0a-24a6-3a36-afcb-8c1dc8735ee0 ([UPDATE_GAME_MODE])
[12:32:31] [Render thread/WARN] (net.minecraft.client.network.ClientPlayNetworkHandler) Ignoring player info update for unknown player f32fdf0a-24a6-3a36-afcb-8c1dc8735ee0 ([UPDATE_GAME_MODE])
[12:32:31] [Render thread/WARN] (net.minecraft.client.network.ClientPlayNetworkHandler) Ignoring player info update for unknown player f32fdf0a-24a6-3a36-afcb-8c1dc8735ee0 ([UPDATE_GAME_MODE])
[12:32:31] [Netty Client IO #2/DEBUG] (ClientPlayNetworkAddon for ssiwipe28) Handling inbound packet from channel with name "vv:server_details"
[12:32:31] [Render thread/WARN] (net.minecraft.client.network.ClientPlayNetworkHandler) Ignoring player info update for unknown player f32fdf0a-24a6-3a36-afcb-8c1dc8735ee0 ([UPDATE_GAME_MODE])
[12:32:31] [Netty Client IO #2/DEBUG] (ClientPlayNetworkAddon for ssiwipe28) Handling inbound packet from channel with name "minecraft:brand"
[12:32:31] [Render thread/DEBUG] (ClientPlayNetworkAddon for ssiwipe28) Handling inbound packet from channel with name "minecraft:brand"
[12:32:31] [Render thread/INFO] (net.minecraft.advancement.AdvancementManager) Loaded 0 advancements
[12:32:32] [Render thread/WARN] (net.minecraft.client.network.ClientPlayNetworkHandler) Ignoring player info update for unknown player 4703fa89-e2b7-3fd0-8270-3155b5abc5c5 ([UPDATE_GAME_MODE])
[12:32:32] [Render thread/WARN] (net.minecraft.client.network.ClientPlayNetworkHandler) Ignoring player info update for unknown player 4703fa89-e2b7-3fd0-8270-3155b5abc5c5 ([UPDATE_GAME_MODE])
[12:32:32] [Render thread/WARN] (net.minecraft.client.network.ClientPlayNetworkHandler) Ignoring player info update for unknown player a4dce049-a2be-3d7c-a4be-2f48ecd8fab7 ([UPDATE_GAME_MODE])
[12:32:32] [Render thread/WARN] (net.minecraft.client.network.ClientPlayNetworkHandler) Ignoring player info update for unknown player a4dce049-a2be-3d7c-a4be-2f48ecd8fab7 ([UPDATE_GAME_MODE])
[12:32:32] [Render thread/WARN] (net.minecraft.client.network.ClientPlayNetworkHandler) Ignoring player info update for unknown player a4dce049-a2be-3d7c-a4be-2f48ecd8fab7 ([UPDATE_GAME_MODE])
[12:32:32] [Render thread/WARN] (net.minecraft.client.network.ClientPlayNetworkHandler) Ignoring player info update for unknown player a4dce049-a2be-3d7c-a4be-2f48ecd8fab7 ([UPDATE_GAME_MODE])
[12:32:32] [Render thread/WARN] (net.minecraft.client.network.ClientPlayNetworkHandler) Ignoring player info update for unknown player a4dce049-a2be-3d7c-a4be-2f48ecd8fab7 ([UPDATE_GAME_MODE])
[12:32:32] [Render thread/WARN] (net.minecraft.client.network.ClientPlayNetworkHandler) Ignoring player info update for unknown player a4dce049-a2be-3d7c-a4be-2f48ecd8fab7 ([UPDATE_GAME_MODE])
[12:32:32] [Render thread/WARN] (net.minecraft.client.network.ClientPlayNetworkHandler) Ignoring player info update for unknown player a4dce049-a2be-3d7c-a4be-2f48ecd8fab7 ([UPDATE_GAME_MODE])
[12:32:32] [Render thread/WARN] (net.minecraft.client.network.ClientPlayNetworkHandler) Ignoring player info update for unknown player a4dce049-a2be-3d7c-a4be-2f48ecd8fab7 ([UPDATE_GAME_MODE])
[12:32:33] [Render thread/WARN] (net.minecraft.client.network.ClientPlayNetworkHandler) Ignoring player info update for unknown player 57297e3d-d700-3d7a-9a7d-60dfbc3c4a9c ([UPDATE_GAME_MODE])
[12:32:33] [Render thread/WARN] (net.minecraft.client.network.ClientPlayNetworkHandler) Ignoring player info update for unknown player 57297e3d-d700-3d7a-9a7d-60dfbc3c4a9c ([UPDATE_GAME_MODE])
[12:32:33] [Render thread/WARN] (net.minecraft.client.network.ClientPlayNetworkHandler) Ignoring player info update for unknown player 57297e3d-d700-3d7a-9a7d-60dfbc3c4a9c ([UPDATE_GAME_MODE])
[12:32:33] [Render thread/WARN] (net.minecraft.client.network.ClientPlayNetworkHandler) Ignoring player info update for unknown player 57297e3d-d700-3d7a-9a7d-60dfbc3c4a9c ([UPDATE_GAME_MODE])
[12:32:33] [Render thread/WARN] (net.minecraft.client.network.ClientPlayNetworkHandler) Ignoring player info update for unknown player 57297e3d-d700-3d7a-9a7d-60dfbc3c4a9c ([UPDATE_GAME_MODE])
[12:32:33] [Render thread/WARN] (net.minecraft.client.network.ClientPlayNetworkHandler) Ignoring player info update for unknown player 57297e3d-d700-3d7a-9a7d-60dfbc3c4a9c ([UPDATE_GAME_MODE])
[12:32:33] [Render thread/WARN] (net.minecraft.client.network.ClientPlayNetworkHandler) Ignoring player info update for unknown player 57297e3d-d700-3d7a-9a7d-60dfbc3c4a9c ([UPDATE_GAME_MODE])
[12:32:33] [Render thread/WARN] (net.minecraft.client.network.ClientPlayNetworkHandler) Ignoring player info update for unknown player 57297e3d-d700-3d7a-9a7d-60dfbc3c4a9c ([UPDATE_GAME_MODE])
[12:32:33] [Render thread/INFO] (net.minecraft.client.gui.hud.ChatHud) [System] [CHAT] 
[12:32:33] [Render thread/INFO] (net.minecraft.client.gui.hud.ChatHud) [System] [CHAT]  ⚡ Наш ТГ бот t.me/spookytimebot
[12:32:33] [Render thread/INFO] (net.minecraft.client.gui.hud.ChatHud) [System] [CHAT] 
[12:32:36] [Render thread/WARN] (net.minecraft.client.network.ClientPlayNetworkHandler) Ignoring player info update for unknown player 7a4d00c5-bd2b-37ab-ad70-671b06100b02 ([UPDATE_GAME_MODE])
[12:32:36] [Render thread/WARN] (net.minecraft.client.network.ClientPlayNetworkHandler) Ignoring player info update for unknown player 7a4d00c5-bd2b-37ab-ad70-671b06100b02 ([UPDATE_GAME_MODE])
[12:32:36] [Render thread/WARN] (net.minecraft.client.network.ClientPlayNetworkHandler) Ignoring player info update for unknown player 7a4d00c5-bd2b-37ab-ad70-671b06100b02 ([UPDATE_GAME_MODE])
[12:32:36] [Render thread/WARN] (net.minecraft.client.network.ClientPlayNetworkHandler) Ignoring player info update for unknown player 7a4d00c5-bd2b-37ab-ad70-671b06100b02 ([UPDATE_GAME_MODE])
[12:32:36] [Render thread/DEBUG] (net.fabricmc.fabric.impl.resource.loader.ModResourcePackUtil) [Fabric] Starting internal pack sorting with: []
[12:32:36] [Render thread/DEBUG] (net.fabricmc.fabric.impl.resource.loader.ModResourcePackUtil) [Fabric] Removed all internal packs, result: []
[12:32:36] [Render thread/DEBUG] (net.fabricmc.fabric.impl.resource.loader.ModResourcePackUtil) [Fabric] Final sorting result: []
[12:32:36] [Render thread/DEBUG] (net.fabricmc.fabric.impl.resource.loader.ModResourcePackUtil) [Fabric] Starting internal pack sorting with: []
[12:32:36] [Render thread/DEBUG] (net.fabricmc.fabric.impl.resource.loader.ModResourcePackUtil) [Fabric] Removed all internal packs, result: []
[12:32:36] [Render thread/DEBUG] (net.fabricmc.fabric.impl.resource.loader.ModResourcePackUtil) [Fabric] Final sorting result: []
[12:32:36] [Netty Client IO #2/DEBUG] (ClientPlayNetworkAddon for ssiwipe28) Handling inbound packet from channel with name "minecraft:register"
[12:32:36] [Netty Client IO #2/DEBUG] (ClientPlayNetworkAddon for ssiwipe28) Handling inbound packet from channel with name "minecraft:brand"
[12:32:36] [Netty Client IO #2/DEBUG] (ClientPlayNetworkAddon for ssiwipe28) Handling inbound packet from channel with name "vv:server_details"
[12:32:36] [Render thread/DEBUG] (ClientPlayNetworkAddon for ssiwipe28) Handling inbound packet from channel with name "minecraft:brand"
[12:32:36] [Render thread/INFO] (net.minecraft.client.gui.hud.ChatHud) [System] [CHAT] [Delta 1.21.4] » §7Вы находитесь не в хабе SpookyTime, а значит модуль выключается!
[12:32:37] [Render thread/DEBUG] (com.mojang.blaze3d.systems.RenderSystem) Growing IndexBuffer: Old limit 0, new limit 144.
[12:32:38] [Render thread/INFO] (net.minecraft.advancement.AdvancementManager) Loaded 0 advancements
[12:32:41] [Render thread/INFO] (net.minecraft.client.gui.hud.ChatHud) [System] [CHAT] Ⓖ [Игрок] oblivionvolcano4 ⇨ спкк
[12:32:42] [Render thread/WARN] (net.minecraft.client.network.ClientPlayNetworkHandler) Ignoring player info update for unknown player 9be2a5a2-384c-37ac-9992-310db5d6572b ([UPDATE_GAME_MODE])
[12:32:42] [Render thread/WARN] (net.minecraft.client.network.ClientPlayNetworkHandler) Ignoring player info update for unknown player 9be2a5a2-384c-37ac-9992-310db5d6572b ([UPDATE_GAME_MODE])
[12:32:42] [Render thread/WARN] (net.minecraft.client.network.ClientPlayNetworkHandler) Ignoring player info update for unknown player 9be2a5a2-384c-37ac-9992-310db5d6572b ([UPDATE_GAME_MODE])
[12:32:42] [Render thread/WARN] (net.minecraft.client.network.ClientPlayNetworkHandler) Ignoring player info update for unknown player 9be2a5a2-384c-37ac-9992-310db5d6572b ([UPDATE_GAME_MODE])
[12:32:42] [Render thread/WARN] (net.minecraft.client.network.ClientPlayNetworkHandler) Ignoring player info update for unknown player daaa5022-8279-3c43-b210-76abcc762439 ([UPDATE_GAME_MODE])
[12:32:42] [Render thread/WARN] (net.minecraft.client.network.ClientPlayNetworkHandler) Ignoring player info update for unknown player daaa5022-8279-3c43-b210-76abcc762439 ([UPDATE_GAME_MODE])
[12:32:42] [Render thread/WARN] (net.minecraft.client.network.ClientPlayNetworkHandler) Ignoring player info update for unknown player 8d4d23b5-13ca-348e-8291-70a3785d0a83 ([UPDATE_GAME_MODE])
[12:32:42] [Render thread/WARN] (net.minecraft.client.network.ClientPlayNetworkHandler) Ignoring player info update for unknown player 8d4d23b5-13ca-348e-8291-70a3785d0a83 ([UPDATE_GAME_MODE])
[12:32:42] [Render thread/WARN] (net.minecraft.client.network.ClientPlayNetworkHandler) Ignoring player info update for unknown player 03d2696c-491e-3871-962c-12fed8e152d3 ([UPDATE_GAME_MODE])
[12:32:42] [Render thread/WARN] (net.minecraft.client.network.ClientPlayNetworkHandler) Ignoring player info update for unknown player 03d2696c-491e-3871-962c-12fed8e152d3 ([UPDATE_GAME_MODE])
[12:32:42] [Render thread/WARN] (net.minecraft.client.network.ClientPlayNetworkHandler) Ignoring player info update for unknown player 03d2696c-491e-3871-962c-12fed8e152d3 ([UPDATE_GAME_MODE])
[12:32:42] [Render thread/WARN] (net.minecraft.client.network.ClientPlayNetworkHandler) Ignoring player info update for unknown player 03d2696c-491e-3871-962c-12fed8e152d3 ([UPDATE_GAME_MODE])
[12:32:43] [Render thread/INFO] (net.minecraft.client.gui.hud.ChatHud) [System] [CHAT] Ⓖ [Игрок] oblivionvolcano4 ⇨ спек
[12:32:43] [Render thread/WARN] (net.minecraft.client.network.ClientPlayNetworkHandler) Ignoring player info update for unknown player 13953aee-823c-3b90-a98c-102ee667b66a ([UPDATE_GAME_MODE])
[12:32:43] [Render thread/WARN] (net.minecraft.client.network.ClientPlayNetworkHandler) Ignoring player info update for unknown player 13953aee-823c-3b90-a98c-102ee667b66a ([UPDATE_GAME_MODE])
[12:32:43] [Render thread/WARN] (net.minecraft.client.network.ClientPlayNetworkHandler) Ignoring player info update for unknown player 13953aee-823c-3b90-a98c-102ee667b66a ([UPDATE_GAME_MODE])
[12:32:43] [Render thread/WARN] (net.minecraft.client.network.ClientPlayNetworkHandler) Ignoring player info update for unknown player 13953aee-823c-3b90-a98c-102ee667b66a ([UPDATE_GAME_MODE])
[12:32:43] [Render thread/WARN] (net.minecraft.client.network.ClientPlayNetworkHandler) Ignoring player info update for unknown player 061217a0-de07-3c68-8888-be906ade096c ([UPDATE_GAME_MODE])
[12:32:43] [Render thread/WARN] (net.minecraft.client.network.ClientPlayNetworkHandler) Ignoring player info update for unknown player 061217a0-de07-3c68-8888-be906ade096c ([UPDATE_GAME_MODE])
[12:32:43] [Render thread/WARN] (net.minecraft.client.network.ClientPlayNetworkHandler) Ignoring player info update for unknown player 061217a0-de07-3c68-8888-be906ade096c ([UPDATE_GAME_MODE])
[12:32:43] [Render thread/WARN] (net.minecraft.client.network.ClientPlayNetworkHandler) Ignoring player info update for unknown player 061217a0-de07-3c68-8888-be906ade096c ([UPDATE_GAME_MODE])
[12:32:43] [Render thread/INFO] (net.minecraft.client.gui.hud.ChatHud) [System] [CHAT] [Дуэли] Прекратите спамить!
[12:32:43] [Render thread/INFO] (net.minecraft.client.gui.hud.ChatHud) [System] [CHAT] Вы были кикнуты с сервера 1duels: \nInvalid movement packets
[12:32:59] [Download-3/WARN] (net.minecraft.client.texture.PlayerSkinProvider) Failed to load texture for profile 53e0ba1a-eddd-3026-8acb-55b122e9f91c
java.util.concurrent.CompletionException: java.io.UncheckedIOException: java.net.ConnectException: Connection timed out: connect
	at java.base/java.util.concurrent.CompletableFuture.encodeThrowable(CompletableFuture.java:315) ~[?:?]
	at java.base/java.util.concurrent.CompletableFuture.completeThrowable(CompletableFuture.java:320) ~[?:?]
	at java.base/java.util.concurrent.CompletableFuture$AsyncSupply.run$$$capture(CompletableFuture.java:1770) ~[?:?]
	at java.base/java.util.concurrent.CompletableFuture$AsyncSupply.run(CompletableFuture.java) ~[?:?]
	at java.base/java.util.concurrent.ThreadPoolExecutor.runWorker(ThreadPoolExecutor.java:1144) ~[?:?]
	at java.base/java.util.concurrent.ThreadPoolExecutor$Worker.run(ThreadPoolExecutor.java:642) ~[?:?]
	at java.base/java.lang.Thread.run(Thread.java:1583) [?:?]
Caused by: java.io.UncheckedIOException: java.net.ConnectException: Connection timed out: connect
	at knot/net.minecraft.client.texture.PlayerSkinTextureDownloader.method_65866(PlayerSkinTextureDownloader.java:33) ~[minecraft-merged-8137bcb425-1.21.4-net.fabricmc.yarn.1_21_4.1.21.4+build.8-v2.jar:?]
	at java.base/java.util.concurrent.CompletableFuture$AsyncSupply.run$$$capture(CompletableFuture.java:1768) ~[?:?]
	... 4 more
Caused by: java.net.ConnectException: Connection timed out: connect
	at java.base/sun.nio.ch.Net.connect0(Native Method) ~[?:?]
	at java.base/sun.nio.ch.Net.connect(Net.java:597) ~[?:?]
	at java.base/sun.nio.ch.Net.connect(Net.java:586) ~[?:?]
	at java.base/sun.nio.ch.NioSocketImpl.connect(NioSocketImpl.java:583) ~[?:?]
	at java.base/java.net.Socket.connect(Socket.java:751) ~[?:?]
	at java.base/java.net.Socket.connect(Socket.java:686) ~[?:?]
	at java.base/sun.net.NetworkClient.doConnect(NetworkClient.java:183) ~[?:?]
	at java.base/sun.net.www.http.HttpClient.openServer(HttpClient.java:531) ~[?:?]
	at java.base/sun.net.www.http.HttpClient.openServer(HttpClient.java:636) ~[?:?]
	at java.base/sun.net.www.http.HttpClient.<init>(HttpClient.java:282) ~[?:?]
	at java.base/sun.net.www.http.HttpClient.New(HttpClient.java:386) ~[?:?]
	at java.base/sun.net.www.http.HttpClient.New(HttpClient.java:408) ~[?:?]
	at java.base/sun.net.www.protocol.http.HttpURLConnection.getNewHttpClient(HttpURLConnection.java:1320) ~[?:?]
	at java.base/sun.net.www.protocol.http.HttpURLConnection.plainConnect0(HttpURLConnection.java:1298) ~[?:?]
	at java.base/sun.net.www.protocol.http.HttpURLConnection.plainConnect(HttpURLConnection.java:1139) ~[?:?]
	at java.base/sun.net.www.protocol.http.HttpURLConnection.connect(HttpURLConnection.java:1068) ~[?:?]
	at knot/net.minecraft.client.texture.PlayerSkinTextureDownloader.download(PlayerSkinTextureDownloader.java:55) ~[minecraft-merged-8137bcb425-1.21.4-net.fabricmc.yarn.1_21_4.1.21.4+build.8-v2.jar:?]
	at knot/net.minecraft.client.texture.PlayerSkinTextureDownloader.method_65866(PlayerSkinTextureDownloader.java:31) ~[minecraft-merged-8137bcb425-1.21.4-net.fabricmc.yarn.1_21_4.1.21.4+build.8-v2.jar:?]
	at java.base/java.util.concurrent.CompletableFuture$AsyncSupply.run$$$capture(CompletableFuture.java:1768) ~[?:?]
	... 4 more
[12:32:59] [Download-4/WARN] (net.minecraft.client.texture.PlayerSkinProvider) Failed to load texture for profile c524e896-fe4b-357e-9705-c0cc6223f641
java.util.concurrent.CompletionException: java.io.UncheckedIOException: java.net.ConnectException: Connection timed out: connect
	at java.base/java.util.concurrent.CompletableFuture.encodeThrowable(CompletableFuture.java:315) ~[?:?]
	at java.base/java.util.concurrent.CompletableFuture.completeThrowable(CompletableFuture.java:320) ~[?:?]
	at java.base/java.util.concurrent.CompletableFuture$AsyncSupply.run$$$capture(CompletableFuture.java:1770) ~[?:?]
	at java.base/java.util.concurrent.CompletableFuture$AsyncSupply.run(CompletableFuture.java) ~[?:?]
	at java.base/java.util.concurrent.ThreadPoolExecutor.runWorker(ThreadPoolExecutor.java:1144) ~[?:?]
	at java.base/java.util.concurrent.ThreadPoolExecutor$Worker.run(ThreadPoolExecutor.java:642) ~[?:?]
	at java.base/java.lang.Thread.run(Thread.java:1583) [?:?]
Caused by: java.io.UncheckedIOException: java.net.ConnectException: Connection timed out: connect
	at knot/net.minecraft.client.texture.PlayerSkinTextureDownloader.method_65866(PlayerSkinTextureDownloader.java:33) ~[minecraft-merged-8137bcb425-1.21.4-net.fabricmc.yarn.1_21_4.1.21.4+build.8-v2.jar:?]
	at java.base/java.util.concurrent.CompletableFuture$AsyncSupply.run$$$capture(CompletableFuture.java:1768) ~[?:?]
	... 4 more
Caused by: java.net.ConnectException: Connection timed out: connect
	at java.base/sun.nio.ch.Net.connect0(Native Method) ~[?:?]
	at java.base/sun.nio.ch.Net.connect(Net.java:597) ~[?:?]
	at java.base/sun.nio.ch.Net.connect(Net.java:586) ~[?:?]
	at java.base/sun.nio.ch.NioSocketImpl.connect(NioSocketImpl.java:583) ~[?:?]
	at java.base/java.net.Socket.connect(Socket.java:751) ~[?:?]
	at java.base/java.net.Socket.connect(Socket.java:686) ~[?:?]
	at java.base/sun.net.NetworkClient.doConnect(NetworkClient.java:183) ~[?:?]
	at java.base/sun.net.www.http.HttpClient.openServer(HttpClient.java:531) ~[?:?]
	at java.base/sun.net.www.http.HttpClient.openServer(HttpClient.java:636) ~[?:?]
	at java.base/sun.net.www.http.HttpClient.<init>(HttpClient.java:282) ~[?:?]
	at java.base/sun.net.www.http.HttpClient.New(HttpClient.java:386) ~[?:?]
	at java.base/sun.net.www.http.HttpClient.New(HttpClient.java:408) ~[?:?]
	at java.base/sun.net.www.protocol.http.HttpURLConnection.getNewHttpClient(HttpURLConnection.java:1320) ~[?:?]
	at java.base/sun.net.www.protocol.http.HttpURLConnection.plainConnect0(HttpURLConnection.java:1298) ~[?:?]
	at java.base/sun.net.www.protocol.http.HttpURLConnection.plainConnect(HttpURLConnection.java:1139) ~[?:?]
	at java.base/sun.net.www.protocol.http.HttpURLConnection.connect(HttpURLConnection.java:1068) ~[?:?]
	at knot/net.minecraft.client.texture.PlayerSkinTextureDownloader.download(PlayerSkinTextureDownloader.java:55) ~[minecraft-merged-8137bcb425-1.21.4-net.fabricmc.yarn.1_21_4.1.21.4+build.8-v2.jar:?]
	at knot/net.minecraft.client.texture.PlayerSkinTextureDownloader.method_65866(PlayerSkinTextureDownloader.java:31) ~[minecraft-merged-8137bcb425-1.21.4-net.fabricmc.yarn.1_21_4.1.21.4+build.8-v2.jar:?]
	at java.base/java.util.concurrent.CompletableFuture$AsyncSupply.run$$$capture(CompletableFuture.java:1768) ~[?:?]
	... 4 more
[12:33:13] [Render thread/WARN] (net.minecraft.client.network.ClientCommonNetworkHandler) Client disconnected with reason: ReadTimeoutException : null
[12:34:01] [Render thread/INFO] (net.minecraft.client.gui.screen.multiplayer.ConnectScreen) Connecting to mc.spookytime.net, 25565
[12:34:02] [Render thread/DEBUG] (net.fabricmc.fabric.impl.resource.loader.ModResourcePackUtil) [Fabric] Starting internal pack sorting with: []
[12:34:02] [Render thread/DEBUG] (net.fabricmc.fabric.impl.resource.loader.ModResourcePackUtil) [Fabric] Removed all internal packs, result: []
[12:34:02] [Render thread/DEBUG] (net.fabricmc.fabric.impl.resource.loader.ModResourcePackUtil) [Fabric] Final sorting result: []
[12:34:02] [Render thread/DEBUG] (net.fabricmc.fabric.impl.resource.loader.ModResourcePackUtil) [Fabric] Starting internal pack sorting with: []
[12:34:02] [Render thread/DEBUG] (net.fabricmc.fabric.impl.resource.loader.ModResourcePackUtil) [Fabric] Removed all internal packs, result: []
[12:34:02] [Render thread/DEBUG] (net.fabricmc.fabric.impl.resource.loader.ModResourcePackUtil) [Fabric] Final sorting result: []
[12:34:02] [Render thread/INFO] (net.minecraft.client.gui.hud.ChatHud) [System] [CHAT] [✾] Успешная авторизация! Приятной игры!
[12:34:02] [Render thread/INFO] (net.minecraft.client.gui.hud.ChatHud) [System] [CHAT]  ╔═════ ★ SpookyTime.net ★ ═══╗\n ║\n ║ Добро пожаловать на SpookyTime\n ║ Наши социальные сети - /links\n ║ Приятной игры и новых побед!\n ║\n ╚═════════════════════╝
[12:34:02] [Netty Client IO #4/DEBUG] (ClientPlayNetworkAddon for ssiwipe28) Handling inbound packet from channel with name "minecraft:register"
[12:34:02] [Netty Client IO #4/DEBUG] (ClientPlayNetworkAddon for ssiwipe28) Handling inbound packet from channel with name "minecraft:brand"
[12:34:02] [Netty Client IO #4/WARN] (fabric-networking-api-v1) Received invalid channel identifier "legacy:minecraft:brand"
[12:34:02] [Netty Client IO #4/WARN] (fabric-networking-api-v1) Received invalid channel identifier "legacy:mc|brand"
[12:34:02] [Netty Client IO #4/DEBUG] (ClientPlayNetworkAddon for ssiwipe28) Handling inbound packet from channel with name "minecraft:register"
[12:34:02] [Netty Client IO #4/DEBUG] (ClientPlayNetworkAddon for ssiwipe28) Handling inbound packet from channel with name "minecraft:brand"
[12:34:02] [Netty Client IO #4/DEBUG] (ClientPlayNetworkAddon for ssiwipe28) Handling inbound packet from channel with name "vv:server_details"
[12:34:02] [Netty Client IO #4/DEBUG] (ClientPlayNetworkAddon for ssiwipe28) Handling inbound packet from channel with name "minecraft:brand"
[12:34:02] [Render thread/DEBUG] (ClientPlayNetworkAddon for ssiwipe28) Handling inbound packet from channel with name "minecraft:brand"
[12:34:02] [Render thread/DEBUG] (ClientPlayNetworkAddon for ssiwipe28) Handling inbound packet from channel with name "minecraft:brand"
[12:34:02] [Render thread/WARN] (net.minecraft.client.network.ClientPlayNetworkHandler) Ignoring player info update for unknown player f32fdf0a-24a6-3a36-afcb-8c1dc8735ee0 ([UPDATE_GAME_MODE])
[12:34:02] [Render thread/WARN] (net.minecraft.client.network.ClientPlayNetworkHandler) Ignoring player info update for unknown player f32fdf0a-24a6-3a36-afcb-8c1dc8735ee0 ([UPDATE_GAME_MODE])
[12:34:02] [Render thread/WARN] (net.minecraft.client.network.ClientPlayNetworkHandler) Ignoring player info update for unknown player f32fdf0a-24a6-3a36-afcb-8c1dc8735ee0 ([UPDATE_GAME_MODE])
[12:34:02] [Render thread/WARN] (net.minecraft.client.network.ClientPlayNetworkHandler) Ignoring player info update for unknown player f32fdf0a-24a6-3a36-afcb-8c1dc8735ee0 ([UPDATE_GAME_MODE])
[12:34:02] [Render thread/DEBUG] (ClientPlayNetworkAddon for ssiwipe28) Handling inbound packet from channel with name "minecraft:brand"
[12:34:02] [Render thread/INFO] (net.minecraft.advancement.AdvancementManager) Loaded 0 advancements
[12:34:05] [Render thread/INFO] (net.minecraft.client.gui.hud.ChatHud) [System] [CHAT] ** ! Внимание !\n** Чтобы ваш Аккаунт был в БЕЗОПАСНОСТИ!\n** Привяжите его к ВК: /vk\n** Или к Телеграм: /tg\n\n** ! Внимание !\n** Чтобы ваш Аккаунт был в БЕЗОПАСНОСТИ!\n** Привяжите его к ВК: /vk\n** Или к Телеграм: /tg
[12:34:07] [Render thread/DEBUG] (net.fabricmc.fabric.impl.resource.loader.ModResourcePackUtil) [Fabric] Starting internal pack sorting with: []
[12:34:07] [Render thread/DEBUG] (net.fabricmc.fabric.impl.resource.loader.ModResourcePackUtil) [Fabric] Removed all internal packs, result: []
[12:34:07] [Render thread/DEBUG] (net.fabricmc.fabric.impl.resource.loader.ModResourcePackUtil) [Fabric] Final sorting result: []
[12:34:07] [Render thread/DEBUG] (net.fabricmc.fabric.impl.resource.loader.ModResourcePackUtil) [Fabric] Starting internal pack sorting with: []
[12:34:07] [Render thread/DEBUG] (net.fabricmc.fabric.impl.resource.loader.ModResourcePackUtil) [Fabric] Removed all internal packs, result: []
[12:34:07] [Render thread/DEBUG] (net.fabricmc.fabric.impl.resource.loader.ModResourcePackUtil) [Fabric] Final sorting result: []
[12:34:07] [Netty Client IO #4/DEBUG] (ClientPlayNetworkAddon for ssiwipe28) Handling inbound packet from channel with name "minecraft:register"
[12:34:07] [Netty Client IO #4/DEBUG] (ClientPlayNetworkAddon for ssiwipe28) Handling inbound packet from channel with name "minecraft:brand"
[12:34:07] [Netty Client IO #4/DEBUG] (ClientPlayNetworkAddon for ssiwipe28) Handling inbound packet from channel with name "vv:server_details"
[12:34:07] [Render thread/DEBUG] (ClientPlayNetworkAddon for ssiwipe28) Handling inbound packet from channel with name "minecraft:brand"
[12:34:08] [Render thread/WARN] (net.minecraft.client.texture.PlayerSkinProvider) Failed to load texture for profile 53e0ba1a-eddd-3026-8acb-55b122e9f91c
java.util.concurrent.CompletionException: java.io.UncheckedIOException: java.net.ConnectException: Connection timed out: connect
	at java.base/java.util.concurrent.CompletableFuture.encodeThrowable(CompletableFuture.java:315) ~[?:?]
	at java.base/java.util.concurrent.CompletableFuture.completeThrowable(CompletableFuture.java:320) ~[?:?]
	at java.base/java.util.concurrent.CompletableFuture$AsyncSupply.run$$$capture(CompletableFuture.java:1770) ~[?:?]
	at java.base/java.util.concurrent.CompletableFuture$AsyncSupply.run(CompletableFuture.java) ~[?:?]
	at java.base/java.util.concurrent.ThreadPoolExecutor.runWorker(ThreadPoolExecutor.java:1144) ~[?:?]
	at java.base/java.util.concurrent.ThreadPoolExecutor$Worker.run(ThreadPoolExecutor.java:642) ~[?:?]
	at java.base/java.lang.Thread.run(Thread.java:1583) ~[?:?]
Caused by: java.io.UncheckedIOException: java.net.ConnectException: Connection timed out: connect
	at knot/net.minecraft.client.texture.PlayerSkinTextureDownloader.method_65866(PlayerSkinTextureDownloader.java:33) ~[minecraft-merged-8137bcb425-1.21.4-net.fabricmc.yarn.1_21_4.1.21.4+build.8-v2.jar:?]
	at java.base/java.util.concurrent.CompletableFuture$AsyncSupply.run$$$capture(CompletableFuture.java:1768) ~[?:?]
	... 4 more
Caused by: java.net.ConnectException: Connection timed out: connect
	at java.base/sun.nio.ch.Net.connect0(Native Method) ~[?:?]
	at java.base/sun.nio.ch.Net.connect(Net.java:597) ~[?:?]
	at java.base/sun.nio.ch.Net.connect(Net.java:586) ~[?:?]
	at java.base/sun.nio.ch.NioSocketImpl.connect(NioSocketImpl.java:583) ~[?:?]
	at java.base/java.net.Socket.connect(Socket.java:751) ~[?:?]
	at java.base/java.net.Socket.connect(Socket.java:686) ~[?:?]
	at java.base/sun.net.NetworkClient.doConnect(NetworkClient.java:183) ~[?:?]
	at java.base/sun.net.www.http.HttpClient.openServer(HttpClient.java:531) ~[?:?]
	at java.base/sun.net.www.http.HttpClient.openServer(HttpClient.java:636) ~[?:?]
	at java.base/sun.net.www.http.HttpClient.<init>(HttpClient.java:282) ~[?:?]
	at java.base/sun.net.www.http.HttpClient.New(HttpClient.java:386) ~[?:?]
	at java.base/sun.net.www.http.HttpClient.New(HttpClient.java:408) ~[?:?]
	at java.base/sun.net.www.protocol.http.HttpURLConnection.getNewHttpClient(HttpURLConnection.java:1320) ~[?:?]
	at java.base/sun.net.www.protocol.http.HttpURLConnection.plainConnect0(HttpURLConnection.java:1298) ~[?:?]
	at java.base/sun.net.www.protocol.http.HttpURLConnection.plainConnect(HttpURLConnection.java:1139) ~[?:?]
	at java.base/sun.net.www.protocol.http.HttpURLConnection.connect(HttpURLConnection.java:1068) ~[?:?]
	at knot/net.minecraft.client.texture.PlayerSkinTextureDownloader.download(PlayerSkinTextureDownloader.java:55) ~[minecraft-merged-8137bcb425-1.21.4-net.fabricmc.yarn.1_21_4.1.21.4+build.8-v2.jar:?]
	at knot/net.minecraft.client.texture.PlayerSkinTextureDownloader.method_65866(PlayerSkinTextureDownloader.java:31) ~[minecraft-merged-8137bcb425-1.21.4-net.fabricmc.yarn.1_21_4.1.21.4+build.8-v2.jar:?]
	at java.base/java.util.concurrent.CompletableFuture$AsyncSupply.run$$$capture(CompletableFuture.java:1768) ~[?:?]
	... 4 more
[12:34:08] [Render thread/INFO] (net.minecraft.advancement.AdvancementManager) Loaded 0 advancements
[12:34:10] [Render thread/INFO] (net.minecraft.client.gui.hud.ChatHud) [System] [CHAT] [Дуэли] Ожидание противника... (Набор: Сфера Хаоса)
[12:34:11] [Render thread/WARN] (net.minecraft.client.network.ClientPlayNetworkHandler) Ignoring player info update for unknown player 6c24cf0e-61ab-3888-b752-89d0edf3656d ([UPDATE_GAME_MODE])
[12:34:11] [Render thread/WARN] (net.minecraft.client.network.ClientPlayNetworkHandler) Ignoring player info update for unknown player 6c24cf0e-61ab-3888-b752-89d0edf3656d ([UPDATE_GAME_MODE])
[12:34:11] [Render thread/WARN] (net.minecraft.client.network.ClientPlayNetworkHandler) Ignoring player info update for unknown player 6c24cf0e-61ab-3888-b752-89d0edf3656d ([UPDATE_GAME_MODE])
[12:34:11] [Render thread/WARN] (net.minecraft.client.network.ClientPlayNetworkHandler) Ignoring player info update for unknown player 6c24cf0e-61ab-3888-b752-89d0edf3656d ([UPDATE_GAME_MODE])
[12:34:14] [Render thread/WARN] (net.minecraft.client.network.ClientPlayNetworkHandler) Ignoring player info update for unknown player 49caebd0-40aa-3737-a53f-e2d19771d1cb ([UPDATE_GAME_MODE])
[12:34:14] [Render thread/WARN] (net.minecraft.client.network.ClientPlayNetworkHandler) Ignoring player info update for unknown player 49caebd0-40aa-3737-a53f-e2d19771d1cb ([UPDATE_GAME_MODE])
[12:34:14] [Render thread/WARN] (net.minecraft.client.network.ClientPlayNetworkHandler) Ignoring player info update for unknown player 49caebd0-40aa-3737-a53f-e2d19771d1cb ([UPDATE_GAME_MODE])
[12:34:14] [Render thread/WARN] (net.minecraft.client.network.ClientPlayNetworkHandler) Ignoring player info update for unknown player 49caebd0-40aa-3737-a53f-e2d19771d1cb ([UPDATE_GAME_MODE])
[12:34:15] [Render thread/DEBUG] (com.mojang.blaze3d.systems.RenderSystem) Growing IndexBuffer: Old limit 20, new limit 1444.
[12:34:17] [Render thread/WARN] (net.minecraft.client.network.ClientPlayNetworkHandler) Received passengers for unknown entity
[12:34:17] [Render thread/INFO] (net.minecraft.client.gui.hud.ChatHud) [System] [CHAT] [Дуэли] Режим боя будет включен через 4 секунд.
[12:34:17] [Render thread/WARN] (net.minecraft.client.network.ClientPlayNetworkHandler) Ignoring player info update for unknown player d459cb09-5322-3728-aa33-8dc6e3cc1b94 ([UPDATE_GAME_MODE])
[12:34:17] [Render thread/WARN] (net.minecraft.client.network.ClientPlayNetworkHandler) Ignoring player info update for unknown player d459cb09-5322-3728-aa33-8dc6e3cc1b94 ([UPDATE_GAME_MODE])
[12:34:17] [Render thread/WARN] (net.minecraft.client.network.ClientPlayNetworkHandler) Ignoring player info update for unknown player d459cb09-5322-3728-aa33-8dc6e3cc1b94 ([UPDATE_GAME_MODE])
[12:34:17] [Render thread/WARN] (net.minecraft.client.network.ClientPlayNetworkHandler) Ignoring player info update for unknown player d459cb09-5322-3728-aa33-8dc6e3cc1b94 ([UPDATE_GAME_MODE])
[12:34:18] [Render thread/INFO] (net.minecraft.client.gui.hud.ChatHud) [System] [CHAT] [Дуэли] Режим боя будет включен через 3 секунд.
[12:34:19] [Render thread/INFO] (net.minecraft.client.gui.hud.ChatHud) [System] [CHAT] [Дуэли] Режим боя будет включен через 2 секунд.
[12:34:20] [Render thread/INFO] (net.minecraft.client.gui.hud.ChatHud) [System] [CHAT] [Дуэли] Режим боя будет включен через 1 секунд.
[12:34:21] [Render thread/INFO] (net.minecraft.client.gui.hud.ChatHud) [System] [CHAT] [Дуэли] Режим боя включен, в атаку!
[12:34:23] [Render thread/INFO] (net.minecraft.client.gui.hud.ChatHud) [System] [CHAT] [Delta 1.21.4] » §7§cЗаряд ветра§7 - нет в инвентаре
[12:34:25] [Render thread/WARN] (net.minecraft.client.network.ClientPlayNetworkHandler) Ignoring player info update for unknown player a7d61fc8-d071-3624-8cec-944066b9e901 ([UPDATE_GAME_MODE])
[12:34:25] [Render thread/WARN] (net.minecraft.client.network.ClientPlayNetworkHandler) Ignoring player info update for unknown player a7d61fc8-d071-3624-8cec-944066b9e901 ([UPDATE_GAME_MODE])
[12:34:26] [Render thread/INFO] (net.minecraft.client.gui.hud.ChatHud) [System] [CHAT] [Use Tracker] » §7fdfdfed использовал "§cЗачарованное золотое яблоко§7"
[12:34:29] [Render thread/WARN] (net.minecraft.client.network.ClientPlayNetworkHandler) Ignoring player info update for unknown player 0a3817c7-cade-3ff0-8022-b1c4fc96427b ([UPDATE_GAME_MODE])
[12:34:29] [Render thread/WARN] (net.minecraft.client.network.ClientPlayNetworkHandler) Ignoring player info update for unknown player 0a3817c7-cade-3ff0-8022-b1c4fc96427b ([UPDATE_GAME_MODE])
[12:34:29] [Render thread/WARN] (net.minecraft.client.network.ClientPlayNetworkHandler) Ignoring player info update for unknown player 0a3817c7-cade-3ff0-8022-b1c4fc96427b ([UPDATE_GAME_MODE])
[12:34:29] [Render thread/WARN] (net.minecraft.client.network.ClientPlayNetworkHandler) Ignoring player info update for unknown player 0a3817c7-cade-3ff0-8022-b1c4fc96427b ([UPDATE_GAME_MODE])
[12:34:29] [Render thread/DEBUG] (FabricLoader/Mixin) Mixing mixin.ItemCooldownManagerEntryMixin from delta.mixins.json into net.minecraft.entity.player.ItemCooldownManager$Entry
[12:34:29] [Render thread/DEBUG] (FabricLoader/Mixin) Mixing accessors.ItemCooldownEntryAccessor from delta.mixins.json into net.minecraft.entity.player.ItemCooldownManager$Entry
[12:34:34] [Render thread/WARN] (net.minecraft.client.network.ClientPlayNetworkHandler) Ignoring player info update for unknown player 7710a750-fc81-3e54-9237-ba54327d646e ([UPDATE_GAME_MODE])
[12:34:34] [Render thread/WARN] (net.minecraft.client.network.ClientPlayNetworkHandler) Ignoring player info update for unknown player 7710a750-fc81-3e54-9237-ba54327d646e ([UPDATE_GAME_MODE])
[12:34:34] [Render thread/WARN] (net.minecraft.client.network.ClientPlayNetworkHandler) Ignoring player info update for unknown player 7710a750-fc81-3e54-9237-ba54327d646e ([UPDATE_GAME_MODE])
[12:34:34] [Render thread/WARN] (net.minecraft.client.network.ClientPlayNetworkHandler) Ignoring player info update for unknown player 7710a750-fc81-3e54-9237-ba54327d646e ([UPDATE_GAME_MODE])
[12:34:38] [Render thread/WARN] (net.minecraft.client.network.ClientPlayNetworkHandler) Ignoring player info update for unknown player 52cae708-3c13-3987-b7f8-01f640c2dce1 ([UPDATE_GAME_MODE])
[12:34:38] [Render thread/WARN] (net.minecraft.client.network.ClientPlayNetworkHandler) Ignoring player info update for unknown player 52cae708-3c13-3987-b7f8-01f640c2dce1 ([UPDATE_GAME_MODE])
[12:34:38] [Render thread/WARN] (net.minecraft.client.network.ClientPlayNetworkHandler) Ignoring player info update for unknown player 52cae708-3c13-3987-b7f8-01f640c2dce1 ([UPDATE_GAME_MODE])
[12:34:38] [Render thread/WARN] (net.minecraft.client.network.ClientPlayNetworkHandler) Ignoring player info update for unknown player 52cae708-3c13-3987-b7f8-01f640c2dce1 ([UPDATE_GAME_MODE])
[12:34:39] [Render thread/WARN] (net.minecraft.client.network.ClientPlayNetworkHandler) Ignoring player info update for unknown player 86e28156-8d1a-3a84-a1f8-2e0d15207c00 ([UPDATE_GAME_MODE])
[12:34:39] [Render thread/WARN] (net.minecraft.client.network.ClientPlayNetworkHandler) Ignoring player info update for unknown player 86e28156-8d1a-3a84-a1f8-2e0d15207c00 ([UPDATE_GAME_MODE])
[12:34:39] [Render thread/WARN] (net.minecraft.client.network.ClientPlayNetworkHandler) Ignoring player info update for unknown player 86e28156-8d1a-3a84-a1f8-2e0d15207c00 ([UPDATE_GAME_MODE])
[12:34:39] [Render thread/WARN] (net.minecraft.client.network.ClientPlayNetworkHandler) Ignoring player info update for unknown player 86e28156-8d1a-3a84-a1f8-2e0d15207c00 ([UPDATE_GAME_MODE])
[12:34:41] [Render thread/WARN] (net.minecraft.client.network.ClientPlayNetworkHandler) Ignoring player info update for unknown player 9373c04d-0dec-3014-be9d-232ca5378a36 ([UPDATE_GAME_MODE])
[12:34:41] [Render thread/WARN] (net.minecraft.client.network.ClientPlayNetworkHandler) Ignoring player info update for unknown player 9373c04d-0dec-3014-be9d-232ca5378a36 ([UPDATE_GAME_MODE])
[12:34:41] [Render thread/WARN] (net.minecraft.client.network.ClientPlayNetworkHandler) Ignoring player info update for unknown player 9373c04d-0dec-3014-be9d-232ca5378a36 ([UPDATE_GAME_MODE])
[12:34:41] [Render thread/WARN] (net.minecraft.client.network.ClientPlayNetworkHandler) Ignoring player info update for unknown player 9373c04d-0dec-3014-be9d-232ca5378a36 ([UPDATE_GAME_MODE])
[12:34:42] [Render thread/WARN] (net.minecraft.client.network.ClientPlayNetworkHandler) Ignoring player info update for unknown player eb071512-b7ab-35df-9b49-76ec74c3c989 ([UPDATE_GAME_MODE])
[12:34:42] [Render thread/WARN] (net.minecraft.client.network.ClientPlayNetworkHandler) Ignoring player info update for unknown player eb071512-b7ab-35df-9b49-76ec74c3c989 ([UPDATE_GAME_MODE])
[12:34:45] [Render thread/WARN] (net.minecraft.client.network.ClientPlayNetworkHandler) Ignoring player info update for unknown player bd5be336-2bd4-3cb5-9fb8-aabd6bbfe240 ([UPDATE_GAME_MODE])
[12:34:45] [Render thread/WARN] (net.minecraft.client.network.ClientPlayNetworkHandler) Ignoring player info update for unknown player bd5be336-2bd4-3cb5-9fb8-aabd6bbfe240 ([UPDATE_GAME_MODE])
[12:34:45] [Render thread/WARN] (net.minecraft.client.network.ClientPlayNetworkHandler) Ignoring player info update for unknown player bd5be336-2bd4-3cb5-9fb8-aabd6bbfe240 ([UPDATE_GAME_MODE])
[12:34:45] [Render thread/WARN] (net.minecraft.client.network.ClientPlayNetworkHandler) Ignoring player info update for unknown player bd5be336-2bd4-3cb5-9fb8-aabd6bbfe240 ([UPDATE_GAME_MODE])
[12:34:49] [Render thread/WARN] (net.minecraft.client.network.ClientPlayNetworkHandler) Ignoring player info update for unknown player 15ec6adb-2e50-3139-9ef3-957e9f0c0f30 ([UPDATE_GAME_MODE])
[12:34:49] [Render thread/WARN] (net.minecraft.client.network.ClientPlayNetworkHandler) Ignoring player info update for unknown player 15ec6adb-2e50-3139-9ef3-957e9f0c0f30 ([UPDATE_GAME_MODE])
[12:34:49] [Render thread/WARN] (net.minecraft.client.network.ClientPlayNetworkHandler) Ignoring player info update for unknown player 15ec6adb-2e50-3139-9ef3-957e9f0c0f30 ([UPDATE_GAME_MODE])
[12:34:49] [Render thread/WARN] (net.minecraft.client.network.ClientPlayNetworkHandler) Ignoring player info update for unknown player 15ec6adb-2e50-3139-9ef3-957e9f0c0f30 ([UPDATE_GAME_MODE])
[12:34:51] [Render thread/WARN] (net.minecraft.client.network.ClientPlayNetworkHandler) Ignoring player info update for unknown player 6db8b7d0-3d6a-3c74-bb32-a716e987ae9b ([UPDATE_GAME_MODE])
[12:34:51] [Render thread/WARN] (net.minecraft.client.network.ClientPlayNetworkHandler) Ignoring player info update for unknown player 6db8b7d0-3d6a-3c74-bb32-a716e987ae9b ([UPDATE_GAME_MODE])
[12:34:51] [Render thread/WARN] (net.minecraft.client.network.ClientPlayNetworkHandler) Ignoring player info update for unknown player 6db8b7d0-3d6a-3c74-bb32-a716e987ae9b ([UPDATE_GAME_MODE])
[12:34:51] [Render thread/WARN] (net.minecraft.client.network.ClientPlayNetworkHandler) Ignoring player info update for unknown player 6db8b7d0-3d6a-3c74-bb32-a716e987ae9b ([UPDATE_GAME_MODE])
[12:34:51] [Render thread/WARN] (net.minecraft.client.network.ClientPlayNetworkHandler) Ignoring player info update for unknown player 4d7a4cec-954f-3052-99cb-20a4b6b7e8f0 ([UPDATE_GAME_MODE])
[12:34:51] [Render thread/WARN] (net.minecraft.client.network.ClientPlayNetworkHandler) Ignoring player info update for unknown player 4d7a4cec-954f-3052-99cb-20a4b6b7e8f0 ([UPDATE_GAME_MODE])
[12:34:51] [Render thread/WARN] (net.minecraft.client.network.ClientPlayNetworkHandler) Ignoring player info update for unknown player 4d7a4cec-954f-3052-99cb-20a4b6b7e8f0 ([UPDATE_GAME_MODE])
[12:34:51] [Render thread/WARN] (net.minecraft.client.network.ClientPlayNetworkHandler) Ignoring player info update for unknown player 4d7a4cec-954f-3052-99cb-20a4b6b7e8f0 ([UPDATE_GAME_MODE])
[12:34:53] [Render thread/WARN] (net.minecraft.client.network.ClientPlayNetworkHandler) Ignoring player info update for unknown player 609373c9-f459-3494-985f-0c8d5220aa90 ([UPDATE_GAME_MODE])
[12:34:53] [Render thread/WARN] (net.minecraft.client.network.ClientPlayNetworkHandler) Ignoring player info update for unknown player 609373c9-f459-3494-985f-0c8d5220aa90 ([UPDATE_GAME_MODE])
[12:34:53] [Render thread/WARN] (net.minecraft.client.network.ClientPlayNetworkHandler) Ignoring player info update for unknown player 609373c9-f459-3494-985f-0c8d5220aa90 ([UPDATE_GAME_MODE])
[12:34:53] [Render thread/WARN] (net.minecraft.client.network.ClientPlayNetworkHandler) Ignoring player info update for unknown player 609373c9-f459-3494-985f-0c8d5220aa90 ([UPDATE_GAME_MODE])
[12:34:54] [Render thread/WARN] (net.minecraft.client.network.ClientPlayNetworkHandler) Ignoring player info update for unknown player 986faa1a-9d28-31bf-86b5-fc78ebdd86df ([UPDATE_GAME_MODE])
[12:34:54] [Render thread/WARN] (net.minecraft.client.network.ClientPlayNetworkHandler) Ignoring player info update for unknown player 986faa1a-9d28-31bf-86b5-fc78ebdd86df ([UPDATE_GAME_MODE])
[12:34:58] [Render thread/WARN] (net.minecraft.client.network.ClientPlayNetworkHandler) Ignoring player info update for unknown player 78d7de75-f824-319a-8dcc-f782b8f4b2b2 ([UPDATE_GAME_MODE])
[12:34:58] [Render thread/WARN] (net.minecraft.client.network.ClientPlayNetworkHandler) Ignoring player info update for unknown player 78d7de75-f824-319a-8dcc-f782b8f4b2b2 ([UPDATE_GAME_MODE])
[12:34:58] [Render thread/WARN] (net.minecraft.client.network.ClientPlayNetworkHandler) Ignoring player info update for unknown player 78d7de75-f824-319a-8dcc-f782b8f4b2b2 ([UPDATE_GAME_MODE])
[12:34:58] [Render thread/WARN] (net.minecraft.client.network.ClientPlayNetworkHandler) Ignoring player info update for unknown player 78d7de75-f824-319a-8dcc-f782b8f4b2b2 ([UPDATE_GAME_MODE])
[12:34:59] [Render thread/INFO] (net.minecraft.client.gui.hud.ChatHud) [System] [CHAT] [Delta 1.21.4] » §7false
[12:34:59] [Render thread/WARN] (net.minecraft.client.network.ClientPlayNetworkHandler) Ignoring player info update for unknown player 3e66db93-d50a-31ad-9b1f-a53e283352e6 ([UPDATE_GAME_MODE])
[12:34:59] [Render thread/WARN] (net.minecraft.client.network.ClientPlayNetworkHandler) Ignoring player info update for unknown player 3e66db93-d50a-31ad-9b1f-a53e283352e6 ([UPDATE_GAME_MODE])
[12:34:59] [Render thread/WARN] (net.minecraft.client.network.ClientPlayNetworkHandler) Ignoring player info update for unknown player 3e66db93-d50a-31ad-9b1f-a53e283352e6 ([UPDATE_GAME_MODE])
[12:34:59] [Render thread/WARN] (net.minecraft.client.network.ClientPlayNetworkHandler) Ignoring player info update for unknown player 3e66db93-d50a-31ad-9b1f-a53e283352e6 ([UPDATE_GAME_MODE])
[12:34:59] [Render thread/INFO] (net.minecraft.client.gui.hud.ChatHud) [System] [CHAT] [Use Tracker] » §7fdfdfed использовал "§aЗелье§7"
[12:35:00] [Render thread/WARN] (net.minecraft.client.network.ClientPlayNetworkHandler) Ignoring player info update for unknown player a2bde171-3fa0-3ae2-bfbb-81e81e76ffc8 ([UPDATE_GAME_MODE])
[12:35:00] [Render thread/WARN] (net.minecraft.client.network.ClientPlayNetworkHandler) Ignoring player info update for unknown player a2bde171-3fa0-3ae2-bfbb-81e81e76ffc8 ([UPDATE_GAME_MODE])
[12:35:02] [Render thread/INFO] (net.minecraft.client.gui.hud.ChatHud) [System] [CHAT] [Use Tracker] » §7fdfdfed использовал "§cЗолотая морковь§7"
[12:35:07] [Render thread/INFO] (net.minecraft.client.gui.hud.ChatHud) [System] [CHAT] ╔
[12:35:07] [Render thread/INFO] (net.minecraft.client.gui.hud.ChatHud) [System] [CHAT] ╠          ! ГОЛОСОВОЙ ЧАТ !
[12:35:07] [Render thread/INFO] (net.minecraft.client.gui.hud.ChatHud) [System] [CHAT] ╠ Теперь на сервере можно говорить!
[12:35:07] [Render thread/INFO] (net.minecraft.client.gui.hud.ChatHud) [System] [CHAT] ╠ Подробная информация /voice
[12:35:07] [Render thread/INFO] (net.minecraft.client.gui.hud.ChatHud) [System] [CHAT] ╚
[12:35:09] [Render thread/WARN] (net.minecraft.client.network.ClientPlayNetworkHandler) Ignoring player info update for unknown player 71d9c4af-aa75-3139-b421-a8b43a8776c2 ([UPDATE_GAME_MODE])
[12:35:09] [Render thread/WARN] (net.minecraft.client.network.ClientPlayNetworkHandler) Ignoring player info update for unknown player 71d9c4af-aa75-3139-b421-a8b43a8776c2 ([UPDATE_GAME_MODE])
[12:35:09] [Render thread/WARN] (net.minecraft.client.network.ClientPlayNetworkHandler) Ignoring player info update for unknown player 7b14b9ca-9b94-3da0-9323-d768dc231887 ([UPDATE_GAME_MODE])
[12:35:09] [Render thread/WARN] (net.minecraft.client.network.ClientPlayNetworkHandler) Ignoring player info update for unknown player 7b14b9ca-9b94-3da0-9323-d768dc231887 ([UPDATE_GAME_MODE])
[12:35:09] [Render thread/WARN] (net.minecraft.client.network.ClientPlayNetworkHandler) Ignoring player info update for unknown player 7b14b9ca-9b94-3da0-9323-d768dc231887 ([UPDATE_GAME_MODE])
[12:35:09] [Render thread/WARN] (net.minecraft.client.network.ClientPlayNetworkHandler) Ignoring player info update for unknown player 7b14b9ca-9b94-3da0-9323-d768dc231887 ([UPDATE_GAME_MODE])
[12:35:17] [Render thread/WARN] (net.minecraft.client.network.ClientPlayNetworkHandler) Ignoring player info update for unknown player 92814820-e206-3a5e-ae7e-150b075cadab ([UPDATE_GAME_MODE])
[12:35:17] [Render thread/WARN] (net.minecraft.client.network.ClientPlayNetworkHandler) Ignoring player info update for unknown player 92814820-e206-3a5e-ae7e-150b075cadab ([UPDATE_GAME_MODE])
[12:35:21] [Render thread/WARN] (net.minecraft.client.network.ClientPlayNetworkHandler) Ignoring player info update for unknown player 8fffced0-b56c-3f40-add1-303c1fc8444e ([UPDATE_GAME_MODE])
[12:35:21] [Render thread/WARN] (net.minecraft.client.network.ClientPlayNetworkHandler) Ignoring player info update for unknown player 8fffced0-b56c-3f40-add1-303c1fc8444e ([UPDATE_GAME_MODE])
[12:35:21] [Render thread/WARN] (net.minecraft.client.network.ClientPlayNetworkHandler) Ignoring player info update for unknown player 8fffced0-b56c-3f40-add1-303c1fc8444e ([UPDATE_GAME_MODE])
[12:35:21] [Render thread/WARN] (net.minecraft.client.network.ClientPlayNetworkHandler) Ignoring player info update for unknown player 8fffced0-b56c-3f40-add1-303c1fc8444e ([UPDATE_GAME_MODE])
[12:35:21] [Render thread/WARN] (net.minecraft.client.network.ClientPlayNetworkHandler) Ignoring player info update for unknown player 9c251a28-8128-3910-b11e-a8fca2a1fc08 ([UPDATE_GAME_MODE])
[12:35:21] [Render thread/WARN] (net.minecraft.client.network.ClientPlayNetworkHandler) Ignoring player info update for unknown player 9c251a28-8128-3910-b11e-a8fca2a1fc08 ([UPDATE_GAME_MODE])
[12:35:22] [Render thread/WARN] (net.minecraft.client.network.ClientPlayNetworkHandler) Ignoring player info update for unknown player 52d805c6-b216-3ec2-97b6-a0bc63d702da ([UPDATE_GAME_MODE])
[12:35:22] [Render thread/WARN] (net.minecraft.client.network.ClientPlayNetworkHandler) Ignoring player info update for unknown player 52d805c6-b216-3ec2-97b6-a0bc63d702da ([UPDATE_GAME_MODE])
[12:35:22] [Render thread/WARN] (net.minecraft.client.network.ClientPlayNetworkHandler) Ignoring player info update for unknown player 52d805c6-b216-3ec2-97b6-a0bc63d702da ([UPDATE_GAME_MODE])
[12:35:22] [Render thread/WARN] (net.minecraft.client.network.ClientPlayNetworkHandler) Ignoring player info update for unknown player 52d805c6-b216-3ec2-97b6-a0bc63d702da ([UPDATE_GAME_MODE])
[12:35:22] [Render thread/WARN] (net.minecraft.client.network.ClientPlayNetworkHandler) Ignoring player info update for unknown player b93f169f-50bf-301b-b6cf-4de2f4377e4e ([UPDATE_GAME_MODE])
[12:35:22] [Render thread/WARN] (net.minecraft.client.network.ClientPlayNetworkHandler) Ignoring player info update for unknown player b93f169f-50bf-301b-b6cf-4de2f4377e4e ([UPDATE_GAME_MODE])
[12:35:23] [Render thread/INFO] (net.minecraft.client.gui.hud.ChatHud) [System] [CHAT] [Delta 1.21.4] » §7false
[12:35:26] [Render thread/WARN] (net.minecraft.client.network.ClientPlayNetworkHandler) Ignoring player info update for unknown player b9e9ac53-9869-32de-9b4e-1dc7f4847a75 ([UPDATE_GAME_MODE])
[12:35:26] [Render thread/WARN] (net.minecraft.client.network.ClientPlayNetworkHandler) Ignoring player info update for unknown player b9e9ac53-9869-32de-9b4e-1dc7f4847a75 ([UPDATE_GAME_MODE])
[12:35:31] [Render thread/INFO] (net.minecraft.client.gui.hud.ChatHud) [System] [CHAT] [Дуэли] Вы потерпели поражение в этом бою! :3
[12:35:31] [Render thread/INFO] (net.minecraft.client.gui.hud.ChatHud) [System] [CHAT] §6╔
[12:35:31] [Render thread/INFO] (net.minecraft.client.gui.hud.ChatHud) [System] [CHAT] §6║ §aПобедитель§f: §efdfdfed
[12:35:31] [Render thread/DEBUG] (com.mojang.blaze3d.systems.RenderSystem) Growing IndexBuffer: Old limit 144, new limit 720.
[12:35:31] [Render thread/DEBUG] (com.mojang.blaze3d.systems.RenderSystem) Growing IndexBuffer: Old limit 720, new limit 1872.
[12:35:31] [Render thread/INFO] (net.minecraft.client.gui.hud.ChatHud) [System] [CHAT] §6║ §cПроигравший§f: §essiwipe28
[12:35:31] [Render thread/INFO] (net.minecraft.client.gui.hud.ChatHud) [System] [CHAT] §6╚
[12:35:32] [Render thread/WARN] (net.minecraft.client.network.ClientPlayNetworkHandler) Ignoring player info update for unknown player ef02c840-a3a9-3be4-bcba-ec515f89c522 ([UPDATE_GAME_MODE])
[12:35:32] [Render thread/WARN] (net.minecraft.client.network.ClientPlayNetworkHandler) Ignoring player info update for unknown player ef02c840-a3a9-3be4-bcba-ec515f89c522 ([UPDATE_GAME_MODE])
[12:35:32] [Render thread/WARN] (net.minecraft.client.network.ClientPlayNetworkHandler) Ignoring player info update for unknown player ef02c840-a3a9-3be4-bcba-ec515f89c522 ([UPDATE_GAME_MODE])
[12:35:32] [Render thread/WARN] (net.minecraft.client.network.ClientPlayNetworkHandler) Ignoring player info update for unknown player ef02c840-a3a9-3be4-bcba-ec515f89c522 ([UPDATE_GAME_MODE])
[12:35:34] [Render thread/DEBUG] (com.mojang.blaze3d.systems.RenderSystem) Growing IndexBuffer: Old limit 1872, new limit 4176.
[12:35:37] [Render thread/WARN] (net.minecraft.client.network.ClientPlayNetworkHandler) Ignoring player info update for unknown player c0966597-7f05-3fc4-964f-955ca3705109 ([UPDATE_GAME_MODE])
[12:35:37] [Render thread/WARN] (net.minecraft.client.network.ClientPlayNetworkHandler) Ignoring player info update for unknown player c0966597-7f05-3fc4-964f-955ca3705109 ([UPDATE_GAME_MODE])
[12:35:37] [Render thread/WARN] (net.minecraft.client.network.ClientPlayNetworkHandler) Ignoring player info update for unknown player 603cb3b9-7da9-359f-9690-89775cbe388f ([UPDATE_GAME_MODE])
[12:35:37] [Render thread/WARN] (net.minecraft.client.network.ClientPlayNetworkHandler) Ignoring player info update for unknown player 603cb3b9-7da9-359f-9690-89775cbe388f ([UPDATE_GAME_MODE])
[12:35:37] [Render thread/WARN] (net.minecraft.client.network.ClientPlayNetworkHandler) Ignoring player info update for unknown player 603cb3b9-7da9-359f-9690-89775cbe388f ([UPDATE_GAME_MODE])
[12:35:37] [Render thread/WARN] (net.minecraft.client.network.ClientPlayNetworkHandler) Ignoring player info update for unknown player 603cb3b9-7da9-359f-9690-89775cbe388f ([UPDATE_GAME_MODE])
[12:35:41] [Render thread/WARN] (net.minecraft.client.network.ClientPlayNetworkHandler) Ignoring player info update for unknown player 6a310c8d-6d4d-3b7a-aa49-ad03e17dca8c ([UPDATE_GAME_MODE])
[12:35:41] [Render thread/WARN] (net.minecraft.client.network.ClientPlayNetworkHandler) Ignoring player info update for unknown player 6a310c8d-6d4d-3b7a-aa49-ad03e17dca8c ([UPDATE_GAME_MODE])
[12:35:41] [Render thread/WARN] (net.minecraft.client.network.ClientPlayNetworkHandler) Ignoring player info update for unknown player 6a310c8d-6d4d-3b7a-aa49-ad03e17dca8c ([UPDATE_GAME_MODE])
[12:35:41] [Render thread/WARN] (net.minecraft.client.network.ClientPlayNetworkHandler) Ignoring player info update for unknown player 6a310c8d-6d4d-3b7a-aa49-ad03e17dca8c ([UPDATE_GAME_MODE])
[12:35:41] [Render thread/WARN] (net.minecraft.client.network.ClientPlayNetworkHandler) Ignoring player info update for unknown player 4f31ff8a-8d51-38b3-9c29-001d84dededf ([UPDATE_GAME_MODE])
[12:35:41] [Render thread/WARN] (net.minecraft.client.network.ClientPlayNetworkHandler) Ignoring player info update for unknown player 4f31ff8a-8d51-38b3-9c29-001d84dededf ([UPDATE_GAME_MODE])
[12:35:41] [Render thread/WARN] (net.minecraft.client.network.ClientPlayNetworkHandler) Ignoring player info update for unknown player 4f31ff8a-8d51-38b3-9c29-001d84dededf ([UPDATE_GAME_MODE])
[12:35:41] [Render thread/WARN] (net.minecraft.client.network.ClientPlayNetworkHandler) Ignoring player info update for unknown player 4f31ff8a-8d51-38b3-9c29-001d84dededf ([UPDATE_GAME_MODE])
[12:35:49] [Render thread/WARN] (net.minecraft.client.network.ClientPlayNetworkHandler) Ignoring player info update for unknown player 9380ca63-99e3-38ef-b0a9-ac2ffba9dea8 ([UPDATE_GAME_MODE])
[12:35:49] [Render thread/WARN] (net.minecraft.client.network.ClientPlayNetworkHandler) Ignoring player info update for unknown player 9380ca63-99e3-38ef-b0a9-ac2ffba9dea8 ([UPDATE_GAME_MODE])
[12:35:49] [Render thread/WARN] (net.minecraft.client.network.ClientPlayNetworkHandler) Ignoring player info update for unknown player 9380ca63-99e3-38ef-b0a9-ac2ffba9dea8 ([UPDATE_GAME_MODE])
[12:35:49] [Render thread/WARN] (net.minecraft.client.network.ClientPlayNetworkHandler) Ignoring player info update for unknown player 9380ca63-99e3-38ef-b0a9-ac2ffba9dea8 ([UPDATE_GAME_MODE])
[12:35:51] [Render thread/WARN] (net.minecraft.client.network.ClientPlayNetworkHandler) Ignoring player info update for unknown player e2b94970-fae2-3ba2-9c45-f88f856221e8 ([UPDATE_GAME_MODE])
[12:35:51] [Render thread/WARN] (net.minecraft.client.network.ClientPlayNetworkHandler) Ignoring player info update for unknown player e2b94970-fae2-3ba2-9c45-f88f856221e8 ([UPDATE_GAME_MODE])
[12:35:51] [Render thread/WARN] (net.minecraft.client.network.ClientPlayNetworkHandler) Ignoring player info update for unknown player e2b94970-fae2-3ba2-9c45-f88f856221e8 ([UPDATE_GAME_MODE])
[12:35:51] [Render thread/WARN] (net.minecraft.client.network.ClientPlayNetworkHandler) Ignoring player info update for unknown player e2b94970-fae2-3ba2-9c45-f88f856221e8 ([UPDATE_GAME_MODE])
[12:35:54] [Render thread/WARN] (net.minecraft.client.network.ClientPlayNetworkHandler) Ignoring player info update for unknown player 69b0f215-d47c-3326-abf8-c55e42ef0acd ([UPDATE_GAME_MODE])
[12:35:54] [Render thread/WARN] (net.minecraft.client.network.ClientPlayNetworkHandler) Ignoring player info update for unknown player 69b0f215-d47c-3326-abf8-c55e42ef0acd ([UPDATE_GAME_MODE])
[12:35:56] [Render thread/WARN] (net.minecraft.client.network.ClientPlayNetworkHandler) Ignoring player info update for unknown player 8f09f115-f52e-338c-b804-2ebad8de57e4 ([UPDATE_GAME_MODE])
[12:35:56] [Render thread/WARN] (net.minecraft.client.network.ClientPlayNetworkHandler) Ignoring player info update for unknown player 8f09f115-f52e-338c-b804-2ebad8de57e4 ([UPDATE_GAME_MODE])
[12:35:56] [Render thread/WARN] (net.minecraft.client.network.ClientPlayNetworkHandler) Ignoring player info update for unknown player 8f09f115-f52e-338c-b804-2ebad8de57e4 ([UPDATE_GAME_MODE])
[12:35:56] [Render thread/WARN] (net.minecraft.client.network.ClientPlayNetworkHandler) Ignoring player info update for unknown player 8f09f115-f52e-338c-b804-2ebad8de57e4 ([UPDATE_GAME_MODE])
[12:35:57] [Render thread/WARN] (net.minecraft.client.network.ClientPlayNetworkHandler) Ignoring player info update for unknown player 0ff4cb1b-ae9e-3af2-a8fb-6d19fa691612 ([UPDATE_GAME_MODE])
[12:35:57] [Render thread/WARN] (net.minecraft.client.network.ClientPlayNetworkHandler) Ignoring player info update for unknown player 0ff4cb1b-ae9e-3af2-a8fb-6d19fa691612 ([UPDATE_GAME_MODE])
[12:35:57] [Render thread/WARN] (net.minecraft.client.network.ClientPlayNetworkHandler) Ignoring player info update for unknown player 0ff4cb1b-ae9e-3af2-a8fb-6d19fa691612 ([UPDATE_GAME_MODE])
[12:35:57] [Render thread/WARN] (net.minecraft.client.network.ClientPlayNetworkHandler) Ignoring player info update for unknown player 0ff4cb1b-ae9e-3af2-a8fb-6d19fa691612 ([UPDATE_GAME_MODE])
[12:35:58] [Render thread/WARN] (net.minecraft.client.network.ClientPlayNetworkHandler) Ignoring player info update for unknown player 32bf6621-1615-32ca-8ff6-fc9d285e5890 ([UPDATE_GAME_MODE])
[12:35:58] [Render thread/WARN] (net.minecraft.client.network.ClientPlayNetworkHandler) Ignoring player info update for unknown player 32bf6621-1615-32ca-8ff6-fc9d285e5890 ([UPDATE_GAME_MODE])
[12:35:58] [Render thread/WARN] (net.minecraft.client.network.ClientPlayNetworkHandler) Ignoring player info update for unknown player 32bf6621-1615-32ca-8ff6-fc9d285e5890 ([UPDATE_GAME_MODE])
[12:35:58] [Render thread/WARN] (net.minecraft.client.network.ClientPlayNetworkHandler) Ignoring player info update for unknown player 32bf6621-1615-32ca-8ff6-fc9d285e5890 ([UPDATE_GAME_MODE])
[12:36:04] [Render thread/WARN] (net.minecraft.client.network.ClientPlayNetworkHandler) Ignoring player info update for unknown player 94b28ec9-03b2-329a-af12-f5af34233ccd ([UPDATE_GAME_MODE])
[12:36:04] [Render thread/WARN] (net.minecraft.client.network.ClientPlayNetworkHandler) Ignoring player info update for unknown player 94b28ec9-03b2-329a-af12-f5af34233ccd ([UPDATE_GAME_MODE])
[12:36:04] [Render thread/WARN] (net.minecraft.client.network.ClientPlayNetworkHandler) Ignoring player info update for unknown player 94b28ec9-03b2-329a-af12-f5af34233ccd ([UPDATE_GAME_MODE])
[12:36:04] [Render thread/WARN] (net.minecraft.client.network.ClientPlayNetworkHandler) Ignoring player info update for unknown player 94b28ec9-03b2-329a-af12-f5af34233ccd ([UPDATE_GAME_MODE])
[12:36:04] [Render thread/WARN] (net.minecraft.client.network.ClientPlayNetworkHandler) Ignoring player info update for unknown player 449b193a-85c1-3de9-84e3-0d10db6e62e4 ([UPDATE_GAME_MODE])
[12:36:04] [Render thread/WARN] (net.minecraft.client.network.ClientPlayNetworkHandler) Ignoring player info update for unknown player 449b193a-85c1-3de9-84e3-0d10db6e62e4 ([UPDATE_GAME_MODE])
[12:36:04] [Render thread/WARN] (net.minecraft.client.network.ClientPlayNetworkHandler) Ignoring player info update for unknown player 449b193a-85c1-3de9-84e3-0d10db6e62e4 ([UPDATE_GAME_MODE])
[12:36:04] [Render thread/WARN] (net.minecraft.client.network.ClientPlayNetworkHandler) Ignoring player info update for unknown player 449b193a-85c1-3de9-84e3-0d10db6e62e4 ([UPDATE_GAME_MODE])
[12:36:04] [Render thread/WARN] (net.minecraft.client.network.ClientPlayNetworkHandler) Ignoring player info update for unknown player 1814aa01-edf2-3a0f-8566-eb2f82ebd171 ([UPDATE_GAME_MODE])
[12:36:04] [Render thread/WARN] (net.minecraft.client.network.ClientPlayNetworkHandler) Ignoring player info update for unknown player 1814aa01-edf2-3a0f-8566-eb2f82ebd171 ([UPDATE_GAME_MODE])
[12:36:04] [Render thread/WARN] (net.minecraft.client.network.ClientPlayNetworkHandler) Ignoring player info update for unknown player 1814aa01-edf2-3a0f-8566-eb2f82ebd171 ([UPDATE_GAME_MODE])
[12:36:04] [Render thread/WARN] (net.minecraft.client.network.ClientPlayNetworkHandler) Ignoring player info update for unknown player 1814aa01-edf2-3a0f-8566-eb2f82ebd171 ([UPDATE_GAME_MODE])
[12:36:06] [Render thread/WARN] (net.minecraft.client.network.ClientPlayNetworkHandler) Ignoring player info update for unknown player ea556b18-8dc1-3875-a72a-6b68d89ce4f8 ([UPDATE_GAME_MODE])
[12:36:06] [Render thread/WARN] (net.minecraft.client.network.ClientPlayNetworkHandler) Ignoring player info update for unknown player ea556b18-8dc1-3875-a72a-6b68d89ce4f8 ([UPDATE_GAME_MODE])
[12:36:06] [Render thread/WARN] (net.minecraft.client.network.ClientPlayNetworkHandler) Ignoring player info update for unknown player ea556b18-8dc1-3875-a72a-6b68d89ce4f8 ([UPDATE_GAME_MODE])
[12:36:06] [Render thread/WARN] (net.minecraft.client.network.ClientPlayNetworkHandler) Ignoring player info update for unknown player ea556b18-8dc1-3875-a72a-6b68d89ce4f8 ([UPDATE_GAME_MODE])
[12:36:08] [Render thread/INFO] (net.minecraft.client.gui.hud.ChatHud) [System] [CHAT] Ⓖ [Игрок] oblivionvolcano4 ⇨ -e z
[12:36:08] [Render thread/WARN] (net.minecraft.client.network.ClientPlayNetworkHandler) Ignoring player info update for unknown player 204147c1-01d9-3f8b-9db6-b4216eebde10 ([UPDATE_GAME_MODE])
[12:36:08] [Render thread/WARN] (net.minecraft.client.network.ClientPlayNetworkHandler) Ignoring player info update for unknown player 204147c1-01d9-3f8b-9db6-b4216eebde10 ([UPDATE_GAME_MODE])
[12:36:11] [Render thread/WARN] (net.minecraft.client.network.ClientPlayNetworkHandler) Ignoring player info update for unknown player 6bd12ef9-f977-32f6-8b3a-06594dee4cfb ([UPDATE_GAME_MODE])
[12:36:11] [Render thread/WARN] (net.minecraft.client.network.ClientPlayNetworkHandler) Ignoring player info update for unknown player 6bd12ef9-f977-32f6-8b3a-06594dee4cfb ([UPDATE_GAME_MODE])
[12:36:11] [Render thread/WARN] (net.minecraft.client.network.ClientPlayNetworkHandler) Ignoring player info update for unknown player 6bd12ef9-f977-32f6-8b3a-06594dee4cfb ([UPDATE_GAME_MODE])
[12:36:11] [Render thread/WARN] (net.minecraft.client.network.ClientPlayNetworkHandler) Ignoring player info update for unknown player 6bd12ef9-f977-32f6-8b3a-06594dee4cfb ([UPDATE_GAME_MODE])
[12:36:13] [Render thread/INFO] (net.minecraft.client.gui.hud.ChatHud) [System] [CHAT] Ⓖ [Игрок] oblivionvolcano4 ⇨ спек
[12:36:16] [Render thread/INFO] (net.minecraft.client.gui.hud.ChatHud) [System] [CHAT] ╔══════════════════════════════════\n║ > ❤ Игрок никскрыт купил Элита + 30.000 ТК\n║ > Теперь он стал намного круче! :)\n║ > Покупай и ты на сайте shop.SpookyTime.net\n╚══════════════════════════════════
[12:36:21] [Render thread/WARN] (net.minecraft.client.network.ClientPlayNetworkHandler) Ignoring player info update for unknown player 7eaa4fd7-4909-3151-a8a7-03921a210f54 ([UPDATE_GAME_MODE])
[12:36:21] [Render thread/WARN] (net.minecraft.client.network.ClientPlayNetworkHandler) Ignoring player info update for unknown player 7eaa4fd7-4909-3151-a8a7-03921a210f54 ([UPDATE_GAME_MODE])
[12:36:21] [Render thread/WARN] (net.minecraft.client.network.ClientPlayNetworkHandler) Ignoring player info update for unknown player 7eaa4fd7-4909-3151-a8a7-03921a210f54 ([UPDATE_GAME_MODE])
[12:36:21] [Render thread/WARN] (net.minecraft.client.network.ClientPlayNetworkHandler) Ignoring player info update for unknown player 7eaa4fd7-4909-3151-a8a7-03921a210f54 ([UPDATE_GAME_MODE])
[12:36:22] [Render thread/INFO] (net.minecraft.client.gui.hud.ChatHud) [System] [CHAT] Ⓖ [Игрок] W1NST0N112222465 ⇨ ezzzz
[12:36:33] [Render thread/INFO] (net.minecraft.client.gui.hud.ChatHud) [System] [CHAT] Ⓖ [Игрок] W1NST0N112222465 ⇨ ezzzz
[12:36:33] [Render thread/WARN] (net.minecraft.client.network.ClientPlayNetworkHandler) Ignoring player info update for unknown player a588f38f-a978-3e01-8993-8a626b17d6f1 ([UPDATE_GAME_MODE])
[12:36:33] [Render thread/WARN] (net.minecraft.client.network.ClientPlayNetworkHandler) Ignoring player info update for unknown player a588f38f-a978-3e01-8993-8a626b17d6f1 ([UPDATE_GAME_MODE])
[12:36:33] [Render thread/WARN] (net.minecraft.client.network.ClientPlayNetworkHandler) Ignoring player info update for unknown player a588f38f-a978-3e01-8993-8a626b17d6f1 ([UPDATE_GAME_MODE])
[12:36:33] [Render thread/WARN] (net.minecraft.client.network.ClientPlayNetworkHandler) Ignoring player info update for unknown player a588f38f-a978-3e01-8993-8a626b17d6f1 ([UPDATE_GAME_MODE])
[12:36:37] [Render thread/WARN] (net.minecraft.client.network.ClientPlayNetworkHandler) Ignoring player info update for unknown player 3da91299-e6a2-3ae0-a58c-4cfaa1ec032c ([UPDATE_GAME_MODE])
[12:36:37] [Render thread/WARN] (net.minecraft.client.network.ClientPlayNetworkHandler) Ignoring player info update for unknown player 3da91299-e6a2-3ae0-a58c-4cfaa1ec032c ([UPDATE_GAME_MODE])
[12:36:37] [Render thread/WARN] (net.minecraft.client.network.ClientPlayNetworkHandler) Ignoring player info update for unknown player 3da91299-e6a2-3ae0-a58c-4cfaa1ec032c ([UPDATE_GAME_MODE])
[12:36:37] [Render thread/WARN] (net.minecraft.client.network.ClientPlayNetworkHandler) Ignoring player info update for unknown player 3da91299-e6a2-3ae0-a58c-4cfaa1ec032c ([UPDATE_GAME_MODE])
[12:36:37] [Render thread/INFO] (net.minecraft.client.gui.hud.ChatHud) [System] [CHAT] ╔
[12:36:37] [Render thread/INFO] (net.minecraft.client.gui.hud.ChatHud) [System] [CHAT] ╠ Подписывайтесь на наш ТТ - tiktok.com/@spookytime_tt
[12:36:37] [Render thread/INFO] (net.minecraft.client.gui.hud.ChatHud) [System] [CHAT] ╚
[12:36:39] [Render thread/INFO] (net.minecraft.client.gui.hud.ChatHud) [System] [CHAT] Ⓛ [Игрок] 2wer12 ⇨ спек
[12:36:42] [Render thread/WARN] (net.minecraft.client.network.ClientPlayNetworkHandler) Ignoring player info update for unknown player 842cd091-742d-3204-a396-5358b83907e8 ([UPDATE_GAME_MODE])
[12:36:42] [Render thread/WARN] (net.minecraft.client.network.ClientPlayNetworkHandler) Ignoring player info update for unknown player 842cd091-742d-3204-a396-5358b83907e8 ([UPDATE_GAME_MODE])
[12:36:43] [Render thread/WARN] (net.minecraft.client.network.ClientPlayNetworkHandler) Ignoring player info update for unknown player 8dc83fc4-f916-381b-86e7-fe3f2774dd27 ([UPDATE_GAME_MODE])
[12:36:43] [Render thread/WARN] (net.minecraft.client.network.ClientPlayNetworkHandler) Ignoring player info update for unknown player 8dc83fc4-f916-381b-86e7-fe3f2774dd27 ([UPDATE_GAME_MODE])
[12:36:43] [Render thread/WARN] (net.minecraft.client.network.ClientPlayNetworkHandler) Ignoring player info update for unknown player 8dc83fc4-f916-381b-86e7-fe3f2774dd27 ([UPDATE_GAME_MODE])
[12:36:43] [Render thread/WARN] (net.minecraft.client.network.ClientPlayNetworkHandler) Ignoring player info update for unknown player 8dc83fc4-f916-381b-86e7-fe3f2774dd27 ([UPDATE_GAME_MODE])
[12:36:45] [Render thread/WARN] (net.minecraft.client.texture.PlayerSkinProvider) Failed to load texture for profile c524e896-fe4b-357e-9705-c0cc6223f641
java.util.concurrent.CompletionException: java.io.UncheckedIOException: java.net.ConnectException: Connection timed out: connect
	at java.base/java.util.concurrent.CompletableFuture.encodeThrowable(CompletableFuture.java:315) ~[?:?]
	at java.base/java.util.concurrent.CompletableFuture.completeThrowable(CompletableFuture.java:320) ~[?:?]
	at java.base/java.util.concurrent.CompletableFuture$AsyncSupply.run$$$capture(CompletableFuture.java:1770) ~[?:?]
	at java.base/java.util.concurrent.CompletableFuture$AsyncSupply.run(CompletableFuture.java) ~[?:?]
	at java.base/java.util.concurrent.ThreadPoolExecutor.runWorker(ThreadPoolExecutor.java:1144) ~[?:?]
	at java.base/java.util.concurrent.ThreadPoolExecutor$Worker.run(ThreadPoolExecutor.java:642) ~[?:?]
	at java.base/java.lang.Thread.run(Thread.java:1583) ~[?:?]
Caused by: java.io.UncheckedIOException: java.net.ConnectException: Connection timed out: connect
	at knot/net.minecraft.client.texture.PlayerSkinTextureDownloader.method_65866(PlayerSkinTextureDownloader.java:33) ~[minecraft-merged-8137bcb425-1.21.4-net.fabricmc.yarn.1_21_4.1.21.4+build.8-v2.jar:?]
	at java.base/java.util.concurrent.CompletableFuture$AsyncSupply.run$$$capture(CompletableFuture.java:1768) ~[?:?]
	... 4 more
Caused by: java.net.ConnectException: Connection timed out: connect
	at java.base/sun.nio.ch.Net.connect0(Native Method) ~[?:?]
	at java.base/sun.nio.ch.Net.connect(Net.java:597) ~[?:?]
	at java.base/sun.nio.ch.Net.connect(Net.java:586) ~[?:?]
	at java.base/sun.nio.ch.NioSocketImpl.connect(NioSocketImpl.java:583) ~[?:?]
	at java.base/java.net.Socket.connect(Socket.java:751) ~[?:?]
	at java.base/java.net.Socket.connect(Socket.java:686) ~[?:?]
	at java.base/sun.net.NetworkClient.doConnect(NetworkClient.java:183) ~[?:?]
	at java.base/sun.net.www.http.HttpClient.openServer(HttpClient.java:531) ~[?:?]
	at java.base/sun.net.www.http.HttpClient.openServer(HttpClient.java:636) ~[?:?]
	at java.base/sun.net.www.http.HttpClient.<init>(HttpClient.java:282) ~[?:?]
	at java.base/sun.net.www.http.HttpClient.New(HttpClient.java:386) ~[?:?]
	at java.base/sun.net.www.http.HttpClient.New(HttpClient.java:408) ~[?:?]
	at java.base/sun.net.www.protocol.http.HttpURLConnection.getNewHttpClient(HttpURLConnection.java:1320) ~[?:?]
	at java.base/sun.net.www.protocol.http.HttpURLConnection.plainConnect0(HttpURLConnection.java:1298) ~[?:?]
	at java.base/sun.net.www.protocol.http.HttpURLConnection.plainConnect(HttpURLConnection.java:1139) ~[?:?]
	at java.base/sun.net.www.protocol.http.HttpURLConnection.connect(HttpURLConnection.java:1068) ~[?:?]
	at knot/net.minecraft.client.texture.PlayerSkinTextureDownloader.download(PlayerSkinTextureDownloader.java:55) ~[minecraft-merged-8137bcb425-1.21.4-net.fabricmc.yarn.1_21_4.1.21.4+build.8-v2.jar:?]
	at knot/net.minecraft.client.texture.PlayerSkinTextureDownloader.method_65866(PlayerSkinTextureDownloader.java:31) ~[minecraft-merged-8137bcb425-1.21.4-net.fabricmc.yarn.1_21_4.1.21.4+build.8-v2.jar:?]
	at java.base/java.util.concurrent.CompletableFuture$AsyncSupply.run$$$capture(CompletableFuture.java:1768) ~[?:?]
	... 4 more
[12:36:46] [Render thread/WARN] (net.minecraft.client.network.ClientPlayNetworkHandler) Ignoring player info update for unknown player 8d83def2-bab5-39c8-8b10-0bcbb0eeceaf ([UPDATE_GAME_MODE])
[12:36:46] [Render thread/WARN] (net.minecraft.client.network.ClientPlayNetworkHandler) Ignoring player info update for unknown player 8d83def2-bab5-39c8-8b10-0bcbb0eeceaf ([UPDATE_GAME_MODE])
[12:36:46] [Render thread/WARN] (net.minecraft.client.network.ClientPlayNetworkHandler) Ignoring player info update for unknown player 8d83def2-bab5-39c8-8b10-0bcbb0eeceaf ([UPDATE_GAME_MODE])
[12:36:46] [Render thread/WARN] (net.minecraft.client.network.ClientPlayNetworkHandler) Ignoring player info update for unknown player 8d83def2-bab5-39c8-8b10-0bcbb0eeceaf ([UPDATE_GAME_MODE])
[12:36:46] [Render thread/WARN] (net.minecraft.client.network.ClientPlayNetworkHandler) Ignoring player info update for unknown player 6a117481-9cc6-3474-ab9b-21edd8ada287 ([UPDATE_GAME_MODE])
[12:36:46] [Render thread/WARN] (net.minecraft.client.network.ClientPlayNetworkHandler) Ignoring player info update for unknown player 6a117481-9cc6-3474-ab9b-21edd8ada287 ([UPDATE_GAME_MODE])
[12:36:46] [Render thread/WARN] (net.minecraft.client.network.ClientPlayNetworkHandler) Ignoring player info update for unknown player 6a117481-9cc6-3474-ab9b-21edd8ada287 ([UPDATE_GAME_MODE])
[12:36:46] [Render thread/WARN] (net.minecraft.client.network.ClientPlayNetworkHandler) Ignoring player info update for unknown player 6a117481-9cc6-3474-ab9b-21edd8ada287 ([UPDATE_GAME_MODE])
[12:36:46] [Render thread/WARN] (net.minecraft.client.network.ClientPlayNetworkHandler) Ignoring player info update for unknown player 5cbc1c3e-71da-3dd1-95b9-e18cd372ce3b ([UPDATE_GAME_MODE])
[12:36:46] [Render thread/WARN] (net.minecraft.client.network.ClientPlayNetworkHandler) Ignoring player info update for unknown player 5cbc1c3e-71da-3dd1-95b9-e18cd372ce3b ([UPDATE_GAME_MODE])
[12:36:47] [Render thread/WARN] (net.minecraft.client.network.ClientPlayNetworkHandler) Ignoring player info update for unknown player 7b14b9ca-9b94-3da0-9323-d768dc231887 ([UPDATE_GAME_MODE])
[12:36:47] [Render thread/WARN] (net.minecraft.client.network.ClientPlayNetworkHandler) Ignoring player info update for unknown player 7b14b9ca-9b94-3da0-9323-d768dc231887 ([UPDATE_GAME_MODE])
[12:36:47] [Render thread/WARN] (net.minecraft.client.network.ClientPlayNetworkHandler) Ignoring player info update for unknown player 7b14b9ca-9b94-3da0-9323-d768dc231887 ([UPDATE_GAME_MODE])
[12:36:47] [Render thread/WARN] (net.minecraft.client.network.ClientPlayNetworkHandler) Ignoring player info update for unknown player 7b14b9ca-9b94-3da0-9323-d768dc231887 ([UPDATE_GAME_MODE])
[12:36:50] [Render thread/INFO] (net.minecraft.client.gui.hud.ChatHud) [System] [CHAT] [Дуэли] Прекратите спамить!
[12:36:50] [Render thread/INFO] (net.minecraft.client.gui.hud.ChatHud) [System] [CHAT] [Дуэли] Прекратите спамить!
[12:36:52] [Render thread/WARN] (net.minecraft.client.network.ClientPlayNetworkHandler) Ignoring player info update for unknown player c88446e0-1397-336f-a74f-b27406b8260b ([UPDATE_GAME_MODE])
[12:36:52] [Render thread/WARN] (net.minecraft.client.network.ClientPlayNetworkHandler) Ignoring player info update for unknown player c88446e0-1397-336f-a74f-b27406b8260b ([UPDATE_GAME_MODE])
[12:36:52] [Render thread/WARN] (net.minecraft.client.network.ClientPlayNetworkHandler) Ignoring player info update for unknown player c88446e0-1397-336f-a74f-b27406b8260b ([UPDATE_GAME_MODE])
[12:36:52] [Render thread/WARN] (net.minecraft.client.network.ClientPlayNetworkHandler) Ignoring player info update for unknown player c88446e0-1397-336f-a74f-b27406b8260b ([UPDATE_GAME_MODE])
[12:36:52] [Render thread/WARN] (net.minecraft.client.network.ClientPlayNetworkHandler) Ignoring player info update for unknown player f33f8907-61a9-37e3-9533-ca63c22b05e1 ([UPDATE_GAME_MODE])
[12:36:52] [Render thread/WARN] (net.minecraft.client.network.ClientPlayNetworkHandler) Ignoring player info update for unknown player f33f8907-61a9-37e3-9533-ca63c22b05e1 ([UPDATE_GAME_MODE])
[12:36:52] [Render thread/WARN] (net.minecraft.client.network.ClientPlayNetworkHandler) Ignoring player info update for unknown player f33f8907-61a9-37e3-9533-ca63c22b05e1 ([UPDATE_GAME_MODE])
[12:36:52] [Render thread/WARN] (net.minecraft.client.network.ClientPlayNetworkHandler) Ignoring player info update for unknown player f33f8907-61a9-37e3-9533-ca63c22b05e1 ([UPDATE_GAME_MODE])
[12:36:55] [Render thread/WARN] (net.minecraft.client.network.ClientPlayNetworkHandler) Ignoring player info update for unknown player 2f852718-8c46-3c39-9139-2df21520f880 ([UPDATE_GAME_MODE])
[12:36:55] [Render thread/WARN] (net.minecraft.client.network.ClientPlayNetworkHandler) Ignoring player info update for unknown player 2f852718-8c46-3c39-9139-2df21520f880 ([UPDATE_GAME_MODE])
[12:36:55] [Render thread/INFO] (net.minecraft.client.gui.hud.ChatHud) [System] [CHAT] Ⓖ [Игрок] oblivionvolcano4 ⇨ спек
[12:36:59] [Render thread/WARN] (net.minecraft.client.network.ClientPlayNetworkHandler) Ignoring player info update for unknown player 8384073a-d0aa-30ea-afc9-2d1cb1cc985e ([UPDATE_GAME_MODE])
[12:36:59] [Render thread/WARN] (net.minecraft.client.network.ClientPlayNetworkHandler) Ignoring player info update for unknown player 8384073a-d0aa-30ea-afc9-2d1cb1cc985e ([UPDATE_GAME_MODE])
[12:36:59] [Render thread/WARN] (net.minecraft.client.network.ClientPlayNetworkHandler) Ignoring player info update for unknown player 8384073a-d0aa-30ea-afc9-2d1cb1cc985e ([UPDATE_GAME_MODE])
[12:36:59] [Render thread/WARN] (net.minecraft.client.network.ClientPlayNetworkHandler) Ignoring player info update for unknown player 8384073a-d0aa-30ea-afc9-2d1cb1cc985e ([UPDATE_GAME_MODE])
[12:37:02] [Render thread/WARN] (net.minecraft.client.network.ClientPlayNetworkHandler) Ignoring player info update for unknown player 7599774c-779a-3146-8d78-3125e75426d3 ([UPDATE_GAME_MODE])
[12:37:02] [Render thread/WARN] (net.minecraft.client.network.ClientPlayNetworkHandler) Ignoring player info update for unknown player 7599774c-779a-3146-8d78-3125e75426d3 ([UPDATE_GAME_MODE])
[12:37:02] [Render thread/WARN] (net.minecraft.client.network.ClientPlayNetworkHandler) Ignoring player info update for unknown player 7599774c-779a-3146-8d78-3125e75426d3 ([UPDATE_GAME_MODE])
[12:37:02] [Render thread/WARN] (net.minecraft.client.network.ClientPlayNetworkHandler) Ignoring player info update for unknown player 7599774c-779a-3146-8d78-3125e75426d3 ([UPDATE_GAME_MODE])
[12:37:02] [Render thread/WARN] (net.minecraft.client.network.ClientPlayNetworkHandler) Ignoring player info update for unknown player 97ac5e36-b1de-3eb6-a657-a03b1d873a51 ([UPDATE_GAME_MODE])
[12:37:02] [Render thread/WARN] (net.minecraft.client.network.ClientPlayNetworkHandler) Ignoring player info update for unknown player 97ac5e36-b1de-3eb6-a657-a03b1d873a51 ([UPDATE_GAME_MODE])
[12:37:02] [Render thread/WARN] (net.minecraft.client.network.ClientPlayNetworkHandler) Ignoring player info update for unknown player 97ac5e36-b1de-3eb6-a657-a03b1d873a51 ([UPDATE_GAME_MODE])
[12:37:02] [Render thread/WARN] (net.minecraft.client.network.ClientPlayNetworkHandler) Ignoring player info update for unknown player 97ac5e36-b1de-3eb6-a657-a03b1d873a51 ([UPDATE_GAME_MODE])
[12:37:08] [Render thread/WARN] (net.minecraft.client.network.ClientPlayNetworkHandler) Ignoring player info update for unknown player d26e73b8-b2e8-3557-ae99-423e40cb28cd ([UPDATE_GAME_MODE])
[12:37:08] [Render thread/WARN] (net.minecraft.client.network.ClientPlayNetworkHandler) Ignoring player info update for unknown player d26e73b8-b2e8-3557-ae99-423e40cb28cd ([UPDATE_GAME_MODE])
[12:37:08] [Render thread/WARN] (net.minecraft.client.network.ClientPlayNetworkHandler) Ignoring player info update for unknown player d26e73b8-b2e8-3557-ae99-423e40cb28cd ([UPDATE_GAME_MODE])
[12:37:08] [Render thread/WARN] (net.minecraft.client.network.ClientPlayNetworkHandler) Ignoring player info update for unknown player d26e73b8-b2e8-3557-ae99-423e40cb28cd ([UPDATE_GAME_MODE])
[12:37:11] [Render thread/WARN] (net.minecraft.client.network.ClientPlayNetworkHandler) Ignoring player info update for unknown player 4496c2bb-4654-3874-8af0-aa23d2fb52df ([UPDATE_GAME_MODE])
[12:37:11] [Render thread/WARN] (net.minecraft.client.network.ClientPlayNetworkHandler) Ignoring player info update for unknown player 4496c2bb-4654-3874-8af0-aa23d2fb52df ([UPDATE_GAME_MODE])
[12:37:11] [Render thread/WARN] (net.minecraft.client.network.ClientPlayNetworkHandler) Ignoring player info update for unknown player 4496c2bb-4654-3874-8af0-aa23d2fb52df ([UPDATE_GAME_MODE])
[12:37:11] [Render thread/WARN] (net.minecraft.client.network.ClientPlayNetworkHandler) Ignoring player info update for unknown player 4496c2bb-4654-3874-8af0-aa23d2fb52df ([UPDATE_GAME_MODE])
[12:37:21] [Render thread/WARN] (net.minecraft.client.network.ClientPlayNetworkHandler) Ignoring player info update for unknown player a011c2f5-c43c-342f-8201-91d8499c7b09 ([UPDATE_GAME_MODE])
[12:37:21] [Render thread/WARN] (net.minecraft.client.network.ClientPlayNetworkHandler) Ignoring player info update for unknown player a011c2f5-c43c-342f-8201-91d8499c7b09 ([UPDATE_GAME_MODE])
[12:37:21] [Render thread/WARN] (net.minecraft.client.network.ClientPlayNetworkHandler) Ignoring player info update for unknown player a011c2f5-c43c-342f-8201-91d8499c7b09 ([UPDATE_GAME_MODE])
[12:37:21] [Render thread/WARN] (net.minecraft.client.network.ClientPlayNetworkHandler) Ignoring player info update for unknown player a011c2f5-c43c-342f-8201-91d8499c7b09 ([UPDATE_GAME_MODE])
[12:37:21] [Render thread/WARN] (net.minecraft.client.network.ClientPlayNetworkHandler) Ignoring player info update for unknown player d9b1cf6f-7541-39bb-b9ac-3d0576710b61 ([UPDATE_GAME_MODE])
[12:37:21] [Render thread/WARN] (net.minecraft.client.network.ClientPlayNetworkHandler) Ignoring player info update for unknown player d9b1cf6f-7541-39bb-b9ac-3d0576710b61 ([UPDATE_GAME_MODE])
[12:37:22] [Render thread/WARN] (net.minecraft.client.network.ClientPlayNetworkHandler) Ignoring player info update for unknown player 435adf1f-7e03-3bdc-89b6-3e0a78171f4c ([UPDATE_GAME_MODE])
[12:37:22] [Render thread/WARN] (net.minecraft.client.network.ClientPlayNetworkHandler) Ignoring player info update for unknown player 435adf1f-7e03-3bdc-89b6-3e0a78171f4c ([UPDATE_GAME_MODE])
[12:37:24] [Render thread/WARN] (net.minecraft.client.network.ClientPlayNetworkHandler) Ignoring player info update for unknown player ec750c0e-dada-3bdc-86d4-a30a2ff54348 ([UPDATE_GAME_MODE])
[12:37:24] [Render thread/WARN] (net.minecraft.client.network.ClientPlayNetworkHandler) Ignoring player info update for unknown player ec750c0e-dada-3bdc-86d4-a30a2ff54348 ([UPDATE_GAME_MODE])
[12:37:25] [Render thread/INFO] (net.minecraft.client.gui.hud.ChatHud) [System] [CHAT] Ⓖ [Игрок] oblivionvolcano4 ⇨ спек
[12:37:26] [Render thread/WARN] (net.minecraft.client.network.ClientPlayNetworkHandler) Ignoring player info update for unknown player c4ae0785-31f0-3fc9-ae55-574847c4f3a0 ([UPDATE_GAME_MODE])
[12:37:26] [Render thread/WARN] (net.minecraft.client.network.ClientPlayNetworkHandler) Ignoring player info update for unknown player c4ae0785-31f0-3fc9-ae55-574847c4f3a0 ([UPDATE_GAME_MODE])
[12:37:26] [Render thread/WARN] (net.minecraft.client.network.ClientPlayNetworkHandler) Ignoring player info update for unknown player c4ae0785-31f0-3fc9-ae55-574847c4f3a0 ([UPDATE_GAME_MODE])
[12:37:26] [Render thread/WARN] (net.minecraft.client.network.ClientPlayNetworkHandler) Ignoring player info update for unknown player c4ae0785-31f0-3fc9-ae55-574847c4f3a0 ([UPDATE_GAME_MODE])
[12:37:30] [Render thread/WARN] (net.minecraft.client.network.ClientPlayNetworkHandler) Ignoring player info update for unknown player e1153317-996c-37ce-8c45-747d8c55dfee ([UPDATE_GAME_MODE])
[12:37:30] [Render thread/WARN] (net.minecraft.client.network.ClientPlayNetworkHandler) Ignoring player info update for unknown player e1153317-996c-37ce-8c45-747d8c55dfee ([UPDATE_GAME_MODE])
[12:37:30] [Render thread/WARN] (net.minecraft.client.network.ClientPlayNetworkHandler) Ignoring player info update for unknown player e1153317-996c-37ce-8c45-747d8c55dfee ([UPDATE_GAME_MODE])
[12:37:30] [Render thread/WARN] (net.minecraft.client.network.ClientPlayNetworkHandler) Ignoring player info update for unknown player e1153317-996c-37ce-8c45-747d8c55dfee ([UPDATE_GAME_MODE])
[12:37:32] [Render thread/INFO] (net.minecraft.client.gui.hud.ChatHud) [System] [CHAT] Ⓖ [Игрок] oblivionvolcano4 ⇨ спек FKJ VVJLTHFNJHS
[12:37:34] [Render thread/WARN] (net.minecraft.client.network.ClientPlayNetworkHandler) Ignoring player info update for unknown player ec750c0e-dada-3bdc-86d4-a30a2ff54348 ([UPDATE_GAME_MODE])
[12:37:34] [Render thread/WARN] (net.minecraft.client.network.ClientPlayNetworkHandler) Ignoring player info update for unknown player ec750c0e-dada-3bdc-86d4-a30a2ff54348 ([UPDATE_GAME_MODE])
[12:37:34] [Render thread/WARN] (net.minecraft.client.network.ClientPlayNetworkHandler) Ignoring player info update for unknown player ec750c0e-dada-3bdc-86d4-a30a2ff54348 ([UPDATE_GAME_MODE])
[12:37:34] [Render thread/WARN] (net.minecraft.client.network.ClientPlayNetworkHandler) Ignoring player info update for unknown player ec750c0e-dada-3bdc-86d4-a30a2ff54348 ([UPDATE_GAME_MODE])
[12:37:35] [Render thread/WARN] (net.minecraft.client.network.ClientPlayNetworkHandler) Ignoring player info update for unknown player 0b5e9c7e-5bd2-3e55-92b1-13894358494a ([UPDATE_GAME_MODE])
[12:37:35] [Render thread/WARN] (net.minecraft.client.network.ClientPlayNetworkHandler) Ignoring player info update for unknown player 0b5e9c7e-5bd2-3e55-92b1-13894358494a ([UPDATE_GAME_MODE])
[12:37:38] [Render thread/WARN] (net.minecraft.client.network.ClientPlayNetworkHandler) Ignoring player info update for unknown player a5d1985f-0c6b-3e66-8a1c-f19a0b49ff56 ([UPDATE_GAME_MODE])
[12:37:38] [Render thread/WARN] (net.minecraft.client.network.ClientPlayNetworkHandler) Ignoring player info update for unknown player a5d1985f-0c6b-3e66-8a1c-f19a0b49ff56 ([UPDATE_GAME_MODE])
[12:37:38] [Render thread/WARN] (net.minecraft.client.network.ClientPlayNetworkHandler) Ignoring player info update for unknown player a5d1985f-0c6b-3e66-8a1c-f19a0b49ff56 ([UPDATE_GAME_MODE])
[12:37:38] [Render thread/WARN] (net.minecraft.client.network.ClientPlayNetworkHandler) Ignoring player info update for unknown player a5d1985f-0c6b-3e66-8a1c-f19a0b49ff56 ([UPDATE_GAME_MODE])
[12:37:38] [Render thread/WARN] (net.minecraft.client.network.ClientPlayNetworkHandler) Ignoring player info update for unknown player 7be8958f-fc33-39ce-9ea0-7eb0a8bc2143 ([UPDATE_GAME_MODE])
[12:37:38] [Render thread/WARN] (net.minecraft.client.network.ClientPlayNetworkHandler) Ignoring player info update for unknown player 7be8958f-fc33-39ce-9ea0-7eb0a8bc2143 ([UPDATE_GAME_MODE])
[12:37:39] [Render thread/WARN] (net.minecraft.client.network.ClientPlayNetworkHandler) Ignoring player info update for unknown player 3e66db93-d50a-31ad-9b1f-a53e283352e6 ([UPDATE_GAME_MODE])
[12:37:39] [Render thread/WARN] (net.minecraft.client.network.ClientPlayNetworkHandler) Ignoring player info update for unknown player 3e66db93-d50a-31ad-9b1f-a53e283352e6 ([UPDATE_GAME_MODE])
[12:37:39] [Render thread/WARN] (net.minecraft.client.network.ClientPlayNetworkHandler) Ignoring player info update for unknown player 3e66db93-d50a-31ad-9b1f-a53e283352e6 ([UPDATE_GAME_MODE])
[12:37:39] [Render thread/WARN] (net.minecraft.client.network.ClientPlayNetworkHandler) Ignoring player info update for unknown player 3e66db93-d50a-31ad-9b1f-a53e283352e6 ([UPDATE_GAME_MODE])
[12:37:42] [Render thread/WARN] (net.minecraft.client.network.ClientPlayNetworkHandler) Ignoring player info update for unknown player 6e044fdd-cbd0-3476-8cb0-4ab6030f4fb5 ([UPDATE_GAME_MODE])
[12:37:42] [Render thread/WARN] (net.minecraft.client.network.ClientPlayNetworkHandler) Ignoring player info update for unknown player 6e044fdd-cbd0-3476-8cb0-4ab6030f4fb5 ([UPDATE_GAME_MODE])
[12:37:42] [Render thread/WARN] (net.minecraft.client.network.ClientPlayNetworkHandler) Ignoring player info update for unknown player 6e044fdd-cbd0-3476-8cb0-4ab6030f4fb5 ([UPDATE_GAME_MODE])
[12:37:42] [Render thread/WARN] (net.minecraft.client.network.ClientPlayNetworkHandler) Ignoring player info update for unknown player 6e044fdd-cbd0-3476-8cb0-4ab6030f4fb5 ([UPDATE_GAME_MODE])
[12:37:42] [Render thread/WARN] (net.minecraft.client.network.ClientPlayNetworkHandler) Ignoring player info update for unknown player 1468809f-f6a3-337a-ab4f-6cdfaca268c2 ([UPDATE_GAME_MODE])
[12:37:42] [Render thread/WARN] (net.minecraft.client.network.ClientPlayNetworkHandler) Ignoring player info update for unknown player 1468809f-f6a3-337a-ab4f-6cdfaca268c2 ([UPDATE_GAME_MODE])
[12:37:42] [Render thread/WARN] (net.minecraft.client.network.ClientPlayNetworkHandler) Ignoring player info update for unknown player 1468809f-f6a3-337a-ab4f-6cdfaca268c2 ([UPDATE_GAME_MODE])
[12:37:42] [Render thread/WARN] (net.minecraft.client.network.ClientPlayNetworkHandler) Ignoring player info update for unknown player 1468809f-f6a3-337a-ab4f-6cdfaca268c2 ([UPDATE_GAME_MODE])
[12:37:44] [Render thread/INFO] (net.minecraft.client.gui.hud.ChatHud) [System] [CHAT] Ⓛ [Игрок] askanorchik ⇨ сфота перебилы
[12:37:45] [Render thread/WARN] (net.minecraft.client.network.ClientPlayNetworkHandler) Ignoring player info update for unknown player c1cf743b-19b3-30bc-9604-b5d816608b73 ([UPDATE_GAME_MODE])
[12:37:45] [Render thread/WARN] (net.minecraft.client.network.ClientPlayNetworkHandler) Ignoring player info update for unknown player c1cf743b-19b3-30bc-9604-b5d816608b73 ([UPDATE_GAME_MODE])
[12:37:49] [Render thread/INFO] (net.minecraft.client.gui.hud.ChatHud) [System] [CHAT] Ⓖ [Игрок] kaniwuh ⇨ ez
[12:37:49] [Render thread/INFO] (net.minecraft.client.gui.hud.ChatHud) [System] [CHAT] Ⓛ [Игрок] BOYYSAO ⇨ f
[12:37:51] [Render thread/INFO] (net.minecraft.client.gui.hud.ChatHud) [System] [CHAT] [Дуэли] Вам отправили дуэль от PixelNinja на наборе Кит Смертельный
[12:37:51] [Render thread/INFO] (net.minecraft.client.gui.hud.ChatHud) [System] [CHAT] [Дуэли] Для принятий напишите: /duel accept PixelNinja
[12:37:51] [Render thread/INFO] (net.minecraft.client.gui.hud.ChatHud) [System] [CHAT] §a[Или нажмите сюда] 
[12:37:53] [Render thread/WARN] (net.minecraft.client.network.ClientPlayNetworkHandler) Ignoring player info update for unknown player 118b5ed7-f9f1-3bda-acf9-3471b54cb2b4 ([UPDATE_GAME_MODE])
[12:37:53] [Render thread/WARN] (net.minecraft.client.network.ClientPlayNetworkHandler) Ignoring player info update for unknown player 118b5ed7-f9f1-3bda-acf9-3471b54cb2b4 ([UPDATE_GAME_MODE])
[12:37:53] [Render thread/WARN] (net.minecraft.client.network.ClientPlayNetworkHandler) Ignoring player info update for unknown player 118b5ed7-f9f1-3bda-acf9-3471b54cb2b4 ([UPDATE_GAME_MODE])
[12:37:53] [Render thread/WARN] (net.minecraft.client.network.ClientPlayNetworkHandler) Ignoring player info update for unknown player 118b5ed7-f9f1-3bda-acf9-3471b54cb2b4 ([UPDATE_GAME_MODE])
[12:37:53] [Render thread/DEBUG] (net.fabricmc.fabric.impl.command.client.ClientCommandInternals) Syntax exception for client-sided command 'duel accept PixelNinja'
com.mojang.brigadier.exceptions.CommandSyntaxException: Неизвестная или неполная команда; см. ниже, чтобы найти ошибку at position 0: <--[HERE]
[12:37:54] [Render thread/WARN] (net.minecraft.client.network.ClientPlayNetworkHandler) Received passengers for unknown entity
[12:37:54] [Render thread/INFO] (net.minecraft.client.gui.hud.ChatHud) [System] [CHAT] [Дуэли] Режим боя будет включен через 4 секунд.
[12:37:55] [Render thread/INFO] (net.minecraft.client.gui.hud.ChatHud) [System] [CHAT] [Дуэли] Режим боя будет включен через 3 секунд.
[12:37:55] [Render thread/WARN] (net.minecraft.client.network.ClientPlayNetworkHandler) Ignoring player info update for unknown player 8b366d14-0abc-3161-9b5c-768fc4ff646f ([UPDATE_GAME_MODE])
[12:37:55] [Render thread/WARN] (net.minecraft.client.network.ClientPlayNetworkHandler) Ignoring player info update for unknown player 8b366d14-0abc-3161-9b5c-768fc4ff646f ([UPDATE_GAME_MODE])
[12:37:55] [Render thread/WARN] (net.minecraft.client.network.ClientPlayNetworkHandler) Ignoring player info update for unknown player 8b366d14-0abc-3161-9b5c-768fc4ff646f ([UPDATE_GAME_MODE])
[12:37:55] [Render thread/WARN] (net.minecraft.client.network.ClientPlayNetworkHandler) Ignoring player info update for unknown player 8b366d14-0abc-3161-9b5c-768fc4ff646f ([UPDATE_GAME_MODE])
[12:37:55] [Render thread/WARN] (net.minecraft.client.network.ClientPlayNetworkHandler) Ignoring player info update for unknown player 54c72bfc-613c-3928-93db-a25421195cf4 ([UPDATE_GAME_MODE])
[12:37:55] [Render thread/WARN] (net.minecraft.client.network.ClientPlayNetworkHandler) Ignoring player info update for unknown player 54c72bfc-613c-3928-93db-a25421195cf4 ([UPDATE_GAME_MODE])
[12:37:55] [Render thread/WARN] (net.minecraft.client.network.ClientPlayNetworkHandler) Ignoring player info update for unknown player 54c72bfc-613c-3928-93db-a25421195cf4 ([UPDATE_GAME_MODE])
[12:37:55] [Render thread/WARN] (net.minecraft.client.network.ClientPlayNetworkHandler) Ignoring player info update for unknown player 54c72bfc-613c-3928-93db-a25421195cf4 ([UPDATE_GAME_MODE])
[12:37:56] [Render thread/INFO] (net.minecraft.client.gui.hud.ChatHud) [System] [CHAT] [Дуэли] Режим боя будет включен через 2 секунд.
[12:37:57] [Render thread/INFO] (net.minecraft.client.gui.hud.ChatHud) [System] [CHAT] [Дуэли] Режим боя будет включен через 1 секунд.
[12:37:58] [Render thread/INFO] (net.minecraft.client.gui.hud.ChatHud) [System] [CHAT] [Дуэли] Режим боя включен, в атаку!
[12:37:59] [Render thread/WARN] (net.minecraft.client.network.ClientPlayNetworkHandler) Ignoring player info update for unknown player 97a67314-ea0d-3bca-b52d-ab48460fccaf ([UPDATE_GAME_MODE])
[12:37:59] [Render thread/WARN] (net.minecraft.client.network.ClientPlayNetworkHandler) Ignoring player info update for unknown player 97a67314-ea0d-3bca-b52d-ab48460fccaf ([UPDATE_GAME_MODE])
[12:37:59] [Render thread/WARN] (net.minecraft.client.network.ClientPlayNetworkHandler) Ignoring player info update for unknown player 97a67314-ea0d-3bca-b52d-ab48460fccaf ([UPDATE_GAME_MODE])
[12:37:59] [Render thread/WARN] (net.minecraft.client.network.ClientPlayNetworkHandler) Ignoring player info update for unknown player 97a67314-ea0d-3bca-b52d-ab48460fccaf ([UPDATE_GAME_MODE])
[12:38:00] [Render thread/WARN] (net.minecraft.client.network.ClientPlayNetworkHandler) Ignoring player info update for unknown player bc546683-e5d4-37ac-adce-44e2906f6c05 ([UPDATE_GAME_MODE])
[12:38:00] [Render thread/WARN] (net.minecraft.client.network.ClientPlayNetworkHandler) Ignoring player info update for unknown player bc546683-e5d4-37ac-adce-44e2906f6c05 ([UPDATE_GAME_MODE])
[12:38:00] [Render thread/WARN] (net.minecraft.client.network.ClientPlayNetworkHandler) Ignoring player info update for unknown player bc546683-e5d4-37ac-adce-44e2906f6c05 ([UPDATE_GAME_MODE])
[12:38:00] [Render thread/WARN] (net.minecraft.client.network.ClientPlayNetworkHandler) Ignoring player info update for unknown player bc546683-e5d4-37ac-adce-44e2906f6c05 ([UPDATE_GAME_MODE])
[12:38:01] [Render thread/INFO] (net.minecraft.client.gui.hud.ChatHud) [System] [CHAT] Ⓖ [Игрок] BOYYSAO ⇨ кто 1на1 кидайте дуель або кара або щити
[12:38:01] [Render thread/WARN] (net.minecraft.client.network.ClientPlayNetworkHandler) Ignoring player info update for unknown player b8b20354-05ef-3ff1-bee0-d83603326d45 ([UPDATE_GAME_MODE])
[12:38:01] [Render thread/WARN] (net.minecraft.client.network.ClientPlayNetworkHandler) Ignoring player info update for unknown player b8b20354-05ef-3ff1-bee0-d83603326d45 ([UPDATE_GAME_MODE])
[12:38:01] [Render thread/WARN] (net.minecraft.client.network.ClientPlayNetworkHandler) Ignoring player info update for unknown player b8b20354-05ef-3ff1-bee0-d83603326d45 ([UPDATE_GAME_MODE])
[12:38:01] [Render thread/WARN] (net.minecraft.client.network.ClientPlayNetworkHandler) Ignoring player info update for unknown player b8b20354-05ef-3ff1-bee0-d83603326d45 ([UPDATE_GAME_MODE])
[12:38:04] [Render thread/WARN] (net.minecraft.client.network.ClientPlayNetworkHandler) Ignoring player info update for unknown player b695ff53-7c49-3cb7-a516-971d6059cc0c ([UPDATE_GAME_MODE])
[12:38:04] [Render thread/WARN] (net.minecraft.client.network.ClientPlayNetworkHandler) Ignoring player info update for unknown player b695ff53-7c49-3cb7-a516-971d6059cc0c ([UPDATE_GAME_MODE])
[12:38:04] [Render thread/WARN] (net.minecraft.client.network.ClientPlayNetworkHandler) Ignoring player info update for unknown player b695ff53-7c49-3cb7-a516-971d6059cc0c ([UPDATE_GAME_MODE])
[12:38:04] [Render thread/WARN] (net.minecraft.client.network.ClientPlayNetworkHandler) Ignoring player info update for unknown player b695ff53-7c49-3cb7-a516-971d6059cc0c ([UPDATE_GAME_MODE])
[12:38:05] [Render thread/WARN] (net.minecraft.client.network.ClientPlayNetworkHandler) Ignoring player info update for unknown player cdd2e2fd-dfff-3305-b1f2-3a8f740fd171 ([UPDATE_GAME_MODE])
[12:38:05] [Render thread/WARN] (net.minecraft.client.network.ClientPlayNetworkHandler) Ignoring player info update for unknown player cdd2e2fd-dfff-3305-b1f2-3a8f740fd171 ([UPDATE_GAME_MODE])
[12:38:07] [Render thread/INFO] (net.minecraft.client.gui.hud.ChatHud) [System] [CHAT] ╔
[12:38:07] [Render thread/INFO] (net.minecraft.client.gui.hud.ChatHud) [System] [CHAT] ╠ Мы есть в ДС - discord.gg/spookytime
[12:38:07] [Render thread/INFO] (net.minecraft.client.gui.hud.ChatHud) [System] [CHAT] ╚
[12:38:08] [Render thread/INFO] (net.minecraft.client.gui.hud.ChatHud) [System] [CHAT] [Use Tracker] » §7PixelNinja использовал "§cЗачарованное золотое яблоко§7"
[12:38:08] [Render thread/WARN] (net.minecraft.client.network.ClientPlayNetworkHandler) Ignoring player info update for unknown player 77a2206d-0e58-3b21-abf1-e73e277c99bb ([UPDATE_GAME_MODE])
[12:38:08] [Render thread/WARN] (net.minecraft.client.network.ClientPlayNetworkHandler) Ignoring player info update for unknown player 77a2206d-0e58-3b21-abf1-e73e277c99bb ([UPDATE_GAME_MODE])
[12:38:08] [Render thread/WARN] (net.minecraft.client.network.ClientPlayNetworkHandler) Ignoring player info update for unknown player 77a2206d-0e58-3b21-abf1-e73e277c99bb ([UPDATE_GAME_MODE])
[12:38:08] [Render thread/WARN] (net.minecraft.client.network.ClientPlayNetworkHandler) Ignoring player info update for unknown player 77a2206d-0e58-3b21-abf1-e73e277c99bb ([UPDATE_GAME_MODE])
[12:38:12] [Render thread/INFO] (net.minecraft.client.gui.hud.ChatHud) [System] [CHAT] Ⓖ [Игрок] BOYYSAO ⇨ кто 1на1 кидайте дуель або кара або щити
[12:38:14] [Render thread/WARN] (net.minecraft.client.network.ClientPlayNetworkHandler) Ignoring player info update for unknown player d0866d9f-0bfe-3e86-99e4-4872ae692e51 ([UPDATE_GAME_MODE])
[12:38:14] [Render thread/WARN] (net.minecraft.client.network.ClientPlayNetworkHandler) Ignoring player info update for unknown player d0866d9f-0bfe-3e86-99e4-4872ae692e51 ([UPDATE_GAME_MODE])
[12:38:16] [Render thread/WARN] (net.minecraft.client.network.ClientPlayNetworkHandler) Ignoring player info update for unknown player d519e382-66e0-3a4c-a846-cb040f0a9c23 ([UPDATE_GAME_MODE])
[12:38:16] [Render thread/WARN] (net.minecraft.client.network.ClientPlayNetworkHandler) Ignoring player info update for unknown player d519e382-66e0-3a4c-a846-cb040f0a9c23 ([UPDATE_GAME_MODE])
[12:38:16] [Render thread/WARN] (net.minecraft.client.network.ClientPlayNetworkHandler) Ignoring player info update for unknown player d519e382-66e0-3a4c-a846-cb040f0a9c23 ([UPDATE_GAME_MODE])
[12:38:16] [Render thread/WARN] (net.minecraft.client.network.ClientPlayNetworkHandler) Ignoring player info update for unknown player d519e382-66e0-3a4c-a846-cb040f0a9c23 ([UPDATE_GAME_MODE])
[12:38:16] [Render thread/INFO] (net.minecraft.client.gui.hud.ChatHud) [System] [CHAT] Ⓖ [ʟᴇɢᴇɴᴅ] loondon SOLO ⇨ Спек loondon
[12:38:17] [Render thread/WARN] (net.minecraft.client.network.ClientPlayNetworkHandler) Ignoring player info update for unknown player 36aad527-626c-3cf9-957f-ce24bf7a6ab0 ([UPDATE_GAME_MODE])
[12:38:17] [Render thread/WARN] (net.minecraft.client.network.ClientPlayNetworkHandler) Ignoring player info update for unknown player 36aad527-626c-3cf9-957f-ce24bf7a6ab0 ([UPDATE_GAME_MODE])
[12:38:17] [Render thread/WARN] (net.minecraft.client.network.ClientPlayNetworkHandler) Ignoring player info update for unknown player 36aad527-626c-3cf9-957f-ce24bf7a6ab0 ([UPDATE_GAME_MODE])
[12:38:17] [Render thread/WARN] (net.minecraft.client.network.ClientPlayNetworkHandler) Ignoring player info update for unknown player 36aad527-626c-3cf9-957f-ce24bf7a6ab0 ([UPDATE_GAME_MODE])
[12:38:18] [Render thread/WARN] (net.minecraft.client.network.ClientPlayNetworkHandler) Ignoring player info update for unknown player 95fadde1-3f60-3a9d-81ca-d7a8c7b21051 ([UPDATE_GAME_MODE])
[12:38:18] [Render thread/WARN] (net.minecraft.client.network.ClientPlayNetworkHandler) Ignoring player info update for unknown player 95fadde1-3f60-3a9d-81ca-d7a8c7b21051 ([UPDATE_GAME_MODE])
[12:38:18] [Render thread/WARN] (net.minecraft.client.network.ClientPlayNetworkHandler) Ignoring player info update for unknown player 95fadde1-3f60-3a9d-81ca-d7a8c7b21051 ([UPDATE_GAME_MODE])
[12:38:18] [Render thread/WARN] (net.minecraft.client.network.ClientPlayNetworkHandler) Ignoring player info update for unknown player 95fadde1-3f60-3a9d-81ca-d7a8c7b21051 ([UPDATE_GAME_MODE])
[12:38:21] [Render thread/INFO] (net.minecraft.client.gui.hud.ChatHud) [System] [CHAT] Ⓖ [Игрок] wowik_povik ⇨ ezzz ferzmc soft
[12:38:26] [Render thread/INFO] (net.minecraft.client.gui.hud.ChatHud) [System] [CHAT] Ⓖ [Игрок] 1wintobic ⇨ спек 1wintobic
[12:38:26] [Render thread/INFO] (net.minecraft.client.gui.hud.ChatHud) [System] [CHAT] Ⓖ [Игрок] s1zell ⇨ коч
[12:38:26] [Render thread/INFO] (net.minecraft.client.gui.hud.ChatHud) [System] [CHAT] Ⓖ [Игрок] W1NST0N112222465 ⇨ ezzzz
[12:38:27] [Render thread/INFO] (net.minecraft.client.gui.hud.ChatHud) [System] [CHAT] Ⓖ [Игрок] BOYYSAO ⇨ кто 1на1 кидайте дуель або кара або щити
[12:38:27] [Render thread/WARN] (net.minecraft.client.network.ClientPlayNetworkHandler) Ignoring player info update for unknown player a1ea9b6f-b9f9-3eb4-a145-fb451feb29ca ([UPDATE_GAME_MODE])
[12:38:27] [Render thread/WARN] (net.minecraft.client.network.ClientPlayNetworkHandler) Ignoring player info update for unknown player a1ea9b6f-b9f9-3eb4-a145-fb451feb29ca ([UPDATE_GAME_MODE])
[12:38:28] [Render thread/WARN] (net.minecraft.client.network.ClientPlayNetworkHandler) Ignoring player info update for unknown player 66a9a010-98c5-39be-88bf-cf79ee2103bf ([UPDATE_GAME_MODE])
[12:38:28] [Render thread/WARN] (net.minecraft.client.network.ClientPlayNetworkHandler) Ignoring player info update for unknown player 66a9a010-98c5-39be-88bf-cf79ee2103bf ([UPDATE_GAME_MODE])
[12:38:28] [Render thread/WARN] (net.minecraft.client.network.ClientPlayNetworkHandler) Ignoring player info update for unknown player 66a9a010-98c5-39be-88bf-cf79ee2103bf ([UPDATE_GAME_MODE])
[12:38:28] [Render thread/WARN] (net.minecraft.client.network.ClientPlayNetworkHandler) Ignoring player info update for unknown player 66a9a010-98c5-39be-88bf-cf79ee2103bf ([UPDATE_GAME_MODE])
[12:38:29] [Render thread/INFO] (net.minecraft.client.gui.hud.ChatHud) [System] [CHAT] Ⓖ [Игрок] 1wintobic ⇨ спек 1wintobic
[12:38:30] [Render thread/WARN] (net.minecraft.client.network.ClientPlayNetworkHandler) Ignoring player info update for unknown player 1b715524-79ad-3da4-aaa5-f20e2ed37e8c ([UPDATE_GAME_MODE])
[12:38:30] [Render thread/WARN] (net.minecraft.client.network.ClientPlayNetworkHandler) Ignoring player info update for unknown player 1b715524-79ad-3da4-aaa5-f20e2ed37e8c ([UPDATE_GAME_MODE])
[12:38:30] [Render thread/WARN] (net.minecraft.client.network.ClientPlayNetworkHandler) Ignoring player info update for unknown player 1b715524-79ad-3da4-aaa5-f20e2ed37e8c ([UPDATE_GAME_MODE])
[12:38:30] [Render thread/WARN] (net.minecraft.client.network.ClientPlayNetworkHandler) Ignoring player info update for unknown player 1b715524-79ad-3da4-aaa5-f20e2ed37e8c ([UPDATE_GAME_MODE])
[12:38:30] [Render thread/WARN] (net.minecraft.client.network.ClientPlayNetworkHandler) Ignoring player info update for unknown player 1819d36f-f17b-3afd-956d-d5fae62bc0e1 ([UPDATE_GAME_MODE])
[12:38:30] [Render thread/WARN] (net.minecraft.client.network.ClientPlayNetworkHandler) Ignoring player info update for unknown player 1819d36f-f17b-3afd-956d-d5fae62bc0e1 ([UPDATE_GAME_MODE])
[12:38:30] [Render thread/WARN] (net.minecraft.client.network.ClientPlayNetworkHandler) Ignoring player info update for unknown player 1819d36f-f17b-3afd-956d-d5fae62bc0e1 ([UPDATE_GAME_MODE])
[12:38:30] [Render thread/WARN] (net.minecraft.client.network.ClientPlayNetworkHandler) Ignoring player info update for unknown player 1819d36f-f17b-3afd-956d-d5fae62bc0e1 ([UPDATE_GAME_MODE])
[12:38:31] [Render thread/WARN] (net.minecraft.client.network.ClientPlayNetworkHandler) Ignoring player info update for unknown player 07559623-acc1-35b9-a278-302b3ca121f3 ([UPDATE_GAME_MODE])
[12:38:31] [Render thread/WARN] (net.minecraft.client.network.ClientPlayNetworkHandler) Ignoring player info update for unknown player 07559623-acc1-35b9-a278-302b3ca121f3 ([UPDATE_GAME_MODE])
[12:38:31] [Render thread/WARN] (net.minecraft.client.network.ClientPlayNetworkHandler) Ignoring player info update for unknown player 07559623-acc1-35b9-a278-302b3ca121f3 ([UPDATE_GAME_MODE])
[12:38:31] [Render thread/WARN] (net.minecraft.client.network.ClientPlayNetworkHandler) Ignoring player info update for unknown player 07559623-acc1-35b9-a278-302b3ca121f3 ([UPDATE_GAME_MODE])
[12:38:38] [Render thread/WARN] (net.minecraft.client.network.ClientPlayNetworkHandler) Ignoring player info update for unknown player 1ccae686-90c1-3ebc-9808-05bb4041a29a ([UPDATE_GAME_MODE])
[12:38:38] [Render thread/WARN] (net.minecraft.client.network.ClientPlayNetworkHandler) Ignoring player info update for unknown player 1ccae686-90c1-3ebc-9808-05bb4041a29a ([UPDATE_GAME_MODE])
[12:38:38] [Render thread/WARN] (net.minecraft.client.network.ClientPlayNetworkHandler) Ignoring player info update for unknown player 1ccae686-90c1-3ebc-9808-05bb4041a29a ([UPDATE_GAME_MODE])
[12:38:38] [Render thread/WARN] (net.minecraft.client.network.ClientPlayNetworkHandler) Ignoring player info update for unknown player 1ccae686-90c1-3ebc-9808-05bb4041a29a ([UPDATE_GAME_MODE])
[12:38:41] [Render thread/WARN] (net.minecraft.client.network.ClientPlayNetworkHandler) Ignoring player info update for unknown player ea5fad00-d99b-3bf4-aece-8c85339b81d9 ([UPDATE_GAME_MODE])
[12:38:41] [Render thread/WARN] (net.minecraft.client.network.ClientPlayNetworkHandler) Ignoring player info update for unknown player ea5fad00-d99b-3bf4-aece-8c85339b81d9 ([UPDATE_GAME_MODE])
[12:38:41] [Render thread/WARN] (net.minecraft.client.network.ClientPlayNetworkHandler) Ignoring player info update for unknown player ea5fad00-d99b-3bf4-aece-8c85339b81d9 ([UPDATE_GAME_MODE])
[12:38:41] [Render thread/WARN] (net.minecraft.client.network.ClientPlayNetworkHandler) Ignoring player info update for unknown player ea5fad00-d99b-3bf4-aece-8c85339b81d9 ([UPDATE_GAME_MODE])
[12:38:42] [Render thread/INFO] (net.minecraft.client.gui.hud.ChatHud) [System] [CHAT] Ⓖ [Игрок] 1wintobic ⇨ спек 1wintobic
[12:38:47] [Render thread/WARN] (net.minecraft.client.network.ClientPlayNetworkHandler) Ignoring player info update for unknown player 38885a42-d938-3e96-9810-e827b96c725b ([UPDATE_GAME_MODE])
[12:38:47] [Render thread/WARN] (net.minecraft.client.network.ClientPlayNetworkHandler) Ignoring player info update for unknown player 38885a42-d938-3e96-9810-e827b96c725b ([UPDATE_GAME_MODE])
[12:38:47] [Render thread/WARN] (net.minecraft.client.network.ClientPlayNetworkHandler) Ignoring player info update for unknown player c326761b-9b52-316c-b3fa-45aa8e2aec01 ([UPDATE_GAME_MODE])
[12:38:47] [Render thread/WARN] (net.minecraft.client.network.ClientPlayNetworkHandler) Ignoring player info update for unknown player c326761b-9b52-316c-b3fa-45aa8e2aec01 ([UPDATE_GAME_MODE])
[12:38:47] [Render thread/WARN] (net.minecraft.client.network.ClientPlayNetworkHandler) Ignoring player info update for unknown player c326761b-9b52-316c-b3fa-45aa8e2aec01 ([UPDATE_GAME_MODE])
[12:38:47] [Render thread/WARN] (net.minecraft.client.network.ClientPlayNetworkHandler) Ignoring player info update for unknown player c326761b-9b52-316c-b3fa-45aa8e2aec01 ([UPDATE_GAME_MODE])
[12:38:52] [Render thread/WARN] (net.minecraft.client.network.ClientPlayNetworkHandler) Ignoring player info update for unknown player 3f527676-7721-3f37-9d04-1d8e627f842f ([UPDATE_GAME_MODE])
[12:38:52] [Render thread/WARN] (net.minecraft.client.network.ClientPlayNetworkHandler) Ignoring player info update for unknown player 3f527676-7721-3f37-9d04-1d8e627f842f ([UPDATE_GAME_MODE])
[12:38:54] [Render thread/WARN] (net.minecraft.client.network.ClientPlayNetworkHandler) Ignoring player info update for unknown player 4468a0c4-6b6c-36bc-bc05-e535821454e8 ([UPDATE_GAME_MODE])
[12:38:54] [Render thread/WARN] (net.minecraft.client.network.ClientPlayNetworkHandler) Ignoring player info update for unknown player 4468a0c4-6b6c-36bc-bc05-e535821454e8 ([UPDATE_GAME_MODE])
[12:38:54] [Render thread/WARN] (net.minecraft.client.network.ClientPlayNetworkHandler) Ignoring player info update for unknown player 4468a0c4-6b6c-36bc-bc05-e535821454e8 ([UPDATE_GAME_MODE])
[12:38:54] [Render thread/WARN] (net.minecraft.client.network.ClientPlayNetworkHandler) Ignoring player info update for unknown player 4468a0c4-6b6c-36bc-bc05-e535821454e8 ([UPDATE_GAME_MODE])
[12:38:55] [Render thread/WARN] (net.minecraft.client.network.ClientPlayNetworkHandler) Ignoring player info update for unknown player c0f627b8-94cf-3af4-a436-e84c464a0006 ([UPDATE_GAME_MODE])
[12:38:55] [Render thread/WARN] (net.minecraft.client.network.ClientPlayNetworkHandler) Ignoring player info update for unknown player c0f627b8-94cf-3af4-a436-e84c464a0006 ([UPDATE_GAME_MODE])
[12:38:55] [Render thread/WARN] (net.minecraft.client.network.ClientPlayNetworkHandler) Ignoring player info update for unknown player c0f627b8-94cf-3af4-a436-e84c464a0006 ([UPDATE_GAME_MODE])
[12:38:55] [Render thread/WARN] (net.minecraft.client.network.ClientPlayNetworkHandler) Ignoring player info update for unknown player c0f627b8-94cf-3af4-a436-e84c464a0006 ([UPDATE_GAME_MODE])
[12:38:56] [Render thread/WARN] (net.minecraft.client.network.ClientPlayNetworkHandler) Ignoring player info update for unknown player aac4fef2-821f-3a64-852e-6eed748b08c0 ([UPDATE_GAME_MODE])
[12:38:56] [Render thread/WARN] (net.minecraft.client.network.ClientPlayNetworkHandler) Ignoring player info update for unknown player aac4fef2-821f-3a64-852e-6eed748b08c0 ([UPDATE_GAME_MODE])
[12:38:56] [Render thread/WARN] (net.minecraft.client.network.ClientPlayNetworkHandler) Ignoring player info update for unknown player 0aa53beb-60b1-3432-8946-ee6ee19eeb85 ([UPDATE_GAME_MODE])
[12:38:56] [Render thread/WARN] (net.minecraft.client.network.ClientPlayNetworkHandler) Ignoring player info update for unknown player 0aa53beb-60b1-3432-8946-ee6ee19eeb85 ([UPDATE_GAME_MODE])
[12:38:56] [Render thread/WARN] (net.minecraft.client.network.ClientPlayNetworkHandler) Ignoring player info update for unknown player 0aa53beb-60b1-3432-8946-ee6ee19eeb85 ([UPDATE_GAME_MODE])
[12:38:56] [Render thread/WARN] (net.minecraft.client.network.ClientPlayNetworkHandler) Ignoring player info update for unknown player 0aa53beb-60b1-3432-8946-ee6ee19eeb85 ([UPDATE_GAME_MODE])
[12:38:58] [Render thread/WARN] (net.minecraft.client.network.ClientPlayNetworkHandler) Ignoring player info update for unknown player e8123547-6f1e-3118-93cd-946dfceb0181 ([UPDATE_GAME_MODE])
[12:38:58] [Render thread/WARN] (net.minecraft.client.network.ClientPlayNetworkHandler) Ignoring player info update for unknown player e8123547-6f1e-3118-93cd-946dfceb0181 ([UPDATE_GAME_MODE])
[12:38:58] [Render thread/WARN] (net.minecraft.client.network.ClientPlayNetworkHandler) Ignoring player info update for unknown player e8123547-6f1e-3118-93cd-946dfceb0181 ([UPDATE_GAME_MODE])
[12:38:58] [Render thread/WARN] (net.minecraft.client.network.ClientPlayNetworkHandler) Ignoring player info update for unknown player e8123547-6f1e-3118-93cd-946dfceb0181 ([UPDATE_GAME_MODE])
[12:39:03] [Render thread/INFO] (net.minecraft.client.gui.hud.ChatHud) [System] [CHAT] [Дуэли] Вы потерпели поражение в этом бою! :3
[12:39:03] [Render thread/INFO] (net.minecraft.client.gui.hud.ChatHud) [System] [CHAT] §6╔
[12:39:03] [Render thread/INFO] (net.minecraft.client.gui.hud.ChatHud) [System] [CHAT] §6║ §aПобедитель§f: §ePixelNinja
[12:39:03] [Render thread/INFO] (net.minecraft.client.gui.hud.ChatHud) [System] [CHAT] §6║ §cПроигравший§f: §essiwipe28
[12:39:03] [Render thread/INFO] (net.minecraft.client.gui.hud.ChatHud) [System] [CHAT] §6╚
[12:39:03] [Render thread/WARN] (net.minecraft.client.network.ClientPlayNetworkHandler) Ignoring player info update for unknown player da4ea09d-261d-3f0e-8de4-86064902165a ([UPDATE_GAME_MODE])
[12:39:03] [Render thread/WARN] (net.minecraft.client.network.ClientPlayNetworkHandler) Ignoring player info update for unknown player da4ea09d-261d-3f0e-8de4-86064902165a ([UPDATE_GAME_MODE])
[12:39:04] [Render thread/WARN] (net.minecraft.client.network.ClientPlayNetworkHandler) Received passengers for unknown entity
[12:39:04] [Render thread/WARN] (net.minecraft.client.network.ClientPlayNetworkHandler) Ignoring player info update for unknown player c86152c1-f91e-36fb-9efa-e23487bf1533 ([UPDATE_GAME_MODE])
[12:39:04] [Render thread/WARN] (net.minecraft.client.network.ClientPlayNetworkHandler) Ignoring player info update for unknown player c86152c1-f91e-36fb-9efa-e23487bf1533 ([UPDATE_GAME_MODE])
[12:39:04] [Render thread/WARN] (net.minecraft.client.network.ClientPlayNetworkHandler) Ignoring player info update for unknown player c86152c1-f91e-36fb-9efa-e23487bf1533 ([UPDATE_GAME_MODE])
[12:39:04] [Render thread/WARN] (net.minecraft.client.network.ClientPlayNetworkHandler) Ignoring player info update for unknown player c86152c1-f91e-36fb-9efa-e23487bf1533 ([UPDATE_GAME_MODE])
[12:39:08] [Render thread/WARN] (net.minecraft.client.network.ClientPlayNetworkHandler) Ignoring player info update for unknown player 118b5ed7-f9f1-3bda-acf9-3471b54cb2b4 ([UPDATE_GAME_MODE])
[12:39:08] [Render thread/WARN] (net.minecraft.client.network.ClientPlayNetworkHandler) Ignoring player info update for unknown player 118b5ed7-f9f1-3bda-acf9-3471b54cb2b4 ([UPDATE_GAME_MODE])
[12:39:08] [Render thread/WARN] (net.minecraft.client.network.ClientPlayNetworkHandler) Ignoring player info update for unknown player 118b5ed7-f9f1-3bda-acf9-3471b54cb2b4 ([UPDATE_GAME_MODE])
[12:39:08] [Render thread/WARN] (net.minecraft.client.network.ClientPlayNetworkHandler) Ignoring player info update for unknown player 118b5ed7-f9f1-3bda-acf9-3471b54cb2b4 ([UPDATE_GAME_MODE])
[12:39:09] [Render thread/WARN] (net.minecraft.client.network.ClientPlayNetworkHandler) Ignoring player info update for unknown player 8b1279c7-ff09-3215-951a-5949b4ec9c3f ([UPDATE_GAME_MODE])
[12:39:09] [Render thread/WARN] (net.minecraft.client.network.ClientPlayNetworkHandler) Ignoring player info update for unknown player 8b1279c7-ff09-3215-951a-5949b4ec9c3f ([UPDATE_GAME_MODE])
[12:39:09] [Render thread/WARN] (net.minecraft.client.network.ClientPlayNetworkHandler) Ignoring player info update for unknown player 8b1279c7-ff09-3215-951a-5949b4ec9c3f ([UPDATE_GAME_MODE])
[12:39:09] [Render thread/WARN] (net.minecraft.client.network.ClientPlayNetworkHandler) Ignoring player info update for unknown player 8b1279c7-ff09-3215-951a-5949b4ec9c3f ([UPDATE_GAME_MODE])
[12:39:11] [Render thread/WARN] (net.minecraft.client.network.ClientPlayNetworkHandler) Ignoring player info update for unknown player bd1019a5-704e-315f-a228-5b75a47cb8f9 ([UPDATE_GAME_MODE])
[12:39:11] [Render thread/WARN] (net.minecraft.client.network.ClientPlayNetworkHandler) Ignoring player info update for unknown player bd1019a5-704e-315f-a228-5b75a47cb8f9 ([UPDATE_GAME_MODE])
[12:39:11] [Render thread/WARN] (net.minecraft.client.network.ClientPlayNetworkHandler) Ignoring player info update for unknown player bd1019a5-704e-315f-a228-5b75a47cb8f9 ([UPDATE_GAME_MODE])
[12:39:11] [Render thread/WARN] (net.minecraft.client.network.ClientPlayNetworkHandler) Ignoring player info update for unknown player bd1019a5-704e-315f-a228-5b75a47cb8f9 ([UPDATE_GAME_MODE])
[12:39:14] [Render thread/WARN] (net.minecraft.client.network.ClientPlayNetworkHandler) Ignoring player info update for unknown player b579a104-7d58-3464-b1f0-f6c64be076ec ([UPDATE_GAME_MODE])
[12:39:14] [Render thread/WARN] (net.minecraft.client.network.ClientPlayNetworkHandler) Ignoring player info update for unknown player b579a104-7d58-3464-b1f0-f6c64be076ec ([UPDATE_GAME_MODE])
[12:39:14] [Render thread/WARN] (net.minecraft.client.network.ClientPlayNetworkHandler) Ignoring player info update for unknown player b579a104-7d58-3464-b1f0-f6c64be076ec ([UPDATE_GAME_MODE])
[12:39:14] [Render thread/WARN] (net.minecraft.client.network.ClientPlayNetworkHandler) Ignoring player info update for unknown player b579a104-7d58-3464-b1f0-f6c64be076ec ([UPDATE_GAME_MODE])
[12:39:14] [Render thread/WARN] (net.minecraft.client.network.ClientPlayNetworkHandler) Ignoring player info update for unknown player fdd2979d-e9b1-35fd-9d16-02e0be4b2d66 ([UPDATE_GAME_MODE])
[12:39:14] [Render thread/WARN] (net.minecraft.client.network.ClientPlayNetworkHandler) Ignoring player info update for unknown player fdd2979d-e9b1-35fd-9d16-02e0be4b2d66 ([UPDATE_GAME_MODE])
[12:39:14] [Render thread/WARN] (net.minecraft.client.network.ClientPlayNetworkHandler) Ignoring player info update for unknown player fdd2979d-e9b1-35fd-9d16-02e0be4b2d66 ([UPDATE_GAME_MODE])
[12:39:14] [Render thread/WARN] (net.minecraft.client.network.ClientPlayNetworkHandler) Ignoring player info update for unknown player fdd2979d-e9b1-35fd-9d16-02e0be4b2d66 ([UPDATE_GAME_MODE])
[12:39:22] [Render thread/INFO] (net.minecraft.client.gui.hud.ChatHud) [System] [CHAT] ╔══════════════════════════════════\n║ > ❤ Игрок никскрыт купил 1 СУПЕР Кейс с Донатом\n║ > Проверь свою удачу у нас!\n║ > Покупай и ты на сайте shop.SpookyTime.net\n╚══════════════════════════════════
[12:39:23] [Render thread/WARN] (net.minecraft.client.network.ClientPlayNetworkHandler) Ignoring player info update for unknown player 5b28e5f1-3d87-3603-ad7e-e3eaebbcb2a0 ([UPDATE_GAME_MODE])
[12:39:23] [Render thread/WARN] (net.minecraft.client.network.ClientPlayNetworkHandler) Ignoring player info update for unknown player 5b28e5f1-3d87-3603-ad7e-e3eaebbcb2a0 ([UPDATE_GAME_MODE])
[12:39:23] [Render thread/WARN] (net.minecraft.client.network.ClientPlayNetworkHandler) Ignoring player info update for unknown player 5b28e5f1-3d87-3603-ad7e-e3eaebbcb2a0 ([UPDATE_GAME_MODE])
[12:39:23] [Render thread/WARN] (net.minecraft.client.network.ClientPlayNetworkHandler) Ignoring player info update for unknown player 5b28e5f1-3d87-3603-ad7e-e3eaebbcb2a0 ([UPDATE_GAME_MODE])
[12:39:23] [Render thread/WARN] (net.minecraft.client.network.ClientPlayNetworkHandler) Ignoring player info update for unknown player 07336be8-e2a2-3923-8724-11024e1ccda4 ([UPDATE_GAME_MODE])
[12:39:23] [Render thread/WARN] (net.minecraft.client.network.ClientPlayNetworkHandler) Ignoring player info update for unknown player 07336be8-e2a2-3923-8724-11024e1ccda4 ([UPDATE_GAME_MODE])
[12:39:23] [Render thread/WARN] (net.minecraft.client.network.ClientPlayNetworkHandler) Ignoring player info update for unknown player 07336be8-e2a2-3923-8724-11024e1ccda4 ([UPDATE_GAME_MODE])
[12:39:23] [Render thread/WARN] (net.minecraft.client.network.ClientPlayNetworkHandler) Ignoring player info update for unknown player 07336be8-e2a2-3923-8724-11024e1ccda4 ([UPDATE_GAME_MODE])
[12:39:23] [Render thread/INFO] (net.minecraft.client.gui.hud.ChatHud) [System] [CHAT] Ⓖ [ɢᴏᴅ] Trigger_MC ⇨ all ансофты кидайте дуэли
[12:39:24] [Render thread/WARN] (net.minecraft.client.network.ClientPlayNetworkHandler) Ignoring player info update for unknown player 1f44c7d3-c745-3703-a41f-81306f6def50 ([UPDATE_GAME_MODE])
[12:39:24] [Render thread/WARN] (net.minecraft.client.network.ClientPlayNetworkHandler) Ignoring player info update for unknown player 1f44c7d3-c745-3703-a41f-81306f6def50 ([UPDATE_GAME_MODE])
[12:39:24] [Render thread/WARN] (net.minecraft.client.network.ClientPlayNetworkHandler) Ignoring player info update for unknown player 1f44c7d3-c745-3703-a41f-81306f6def50 ([UPDATE_GAME_MODE])
[12:39:24] [Render thread/WARN] (net.minecraft.client.network.ClientPlayNetworkHandler) Ignoring player info update for unknown player 1f44c7d3-c745-3703-a41f-81306f6def50 ([UPDATE_GAME_MODE])
[12:39:26] [Render thread/WARN] (net.minecraft.client.network.ClientPlayNetworkHandler) Ignoring player info update for unknown player 28658c02-3105-3795-99f5-e1a1e63e23b9 ([UPDATE_GAME_MODE])
[12:39:26] [Render thread/WARN] (net.minecraft.client.network.ClientPlayNetworkHandler) Ignoring player info update for unknown player 28658c02-3105-3795-99f5-e1a1e63e23b9 ([UPDATE_GAME_MODE])
[12:39:26] [Render thread/WARN] (net.minecraft.client.network.ClientPlayNetworkHandler) Ignoring player info update for unknown player 28658c02-3105-3795-99f5-e1a1e63e23b9 ([UPDATE_GAME_MODE])
[12:39:26] [Render thread/WARN] (net.minecraft.client.network.ClientPlayNetworkHandler) Ignoring player info update for unknown player 28658c02-3105-3795-99f5-e1a1e63e23b9 ([UPDATE_GAME_MODE])
[12:39:29] [Render thread/DEBUG] (com.mojang.blaze3d.systems.RenderSystem) Growing IndexBuffer: Old limit 4176, new limit 8496.
[12:39:30] [Render thread/WARN] (net.minecraft.client.network.ClientPlayNetworkHandler) Ignoring player info update for unknown player 93a10806-c1ca-32a3-9d98-cb22131cb49f ([UPDATE_GAME_MODE])
[12:39:30] [Render thread/WARN] (net.minecraft.client.network.ClientPlayNetworkHandler) Ignoring player info update for unknown player 93a10806-c1ca-32a3-9d98-cb22131cb49f ([UPDATE_GAME_MODE])
[12:39:30] [Render thread/WARN] (net.minecraft.client.network.ClientPlayNetworkHandler) Ignoring player info update for unknown player 93a10806-c1ca-32a3-9d98-cb22131cb49f ([UPDATE_GAME_MODE])
[12:39:30] [Render thread/WARN] (net.minecraft.client.network.ClientPlayNetworkHandler) Ignoring player info update for unknown player 93a10806-c1ca-32a3-9d98-cb22131cb49f ([UPDATE_GAME_MODE])
[12:39:31] [Render thread/WARN] (net.minecraft.client.network.ClientPlayNetworkHandler) Ignoring player info update for unknown player 1fe17080-c1b2-3bd7-80e8-e6b57b8fc3b8 ([UPDATE_GAME_MODE])
[12:39:31] [Render thread/WARN] (net.minecraft.client.network.ClientPlayNetworkHandler) Ignoring player info update for unknown player 1fe17080-c1b2-3bd7-80e8-e6b57b8fc3b8 ([UPDATE_GAME_MODE])
[12:39:35] [Render thread/WARN] (net.minecraft.client.network.ClientPlayNetworkHandler) Ignoring player info update for unknown player 0a3817c7-cade-3ff0-8022-b1c4fc96427b ([UPDATE_GAME_MODE])
[12:39:35] [Render thread/WARN] (net.minecraft.client.network.ClientPlayNetworkHandler) Ignoring player info update for unknown player 0a3817c7-cade-3ff0-8022-b1c4fc96427b ([UPDATE_GAME_MODE])
[12:39:35] [Render thread/WARN] (net.minecraft.client.network.ClientPlayNetworkHandler) Ignoring player info update for unknown player 0a3817c7-cade-3ff0-8022-b1c4fc96427b ([UPDATE_GAME_MODE])
[12:39:35] [Render thread/WARN] (net.minecraft.client.network.ClientPlayNetworkHandler) Ignoring player info update for unknown player 0a3817c7-cade-3ff0-8022-b1c4fc96427b ([UPDATE_GAME_MODE])
[12:39:35] [Render thread/WARN] (net.minecraft.client.network.ClientPlayNetworkHandler) Ignoring player info update for unknown player 85a787f1-981b-3549-adb0-c3970cb1e10b ([UPDATE_GAME_MODE])
[12:39:35] [Render thread/WARN] (net.minecraft.client.network.ClientPlayNetworkHandler) Ignoring player info update for unknown player 85a787f1-981b-3549-adb0-c3970cb1e10b ([UPDATE_GAME_MODE])
[12:39:37] [Render thread/INFO] (net.minecraft.client.gui.hud.ChatHud) [System] [CHAT] ╔
[12:39:37] [Render thread/INFO] (net.minecraft.client.gui.hud.ChatHud) [System] [CHAT] ╠       ! НАБОР В КОМАНДУ ПРОЕКТА !
[12:39:37] [Render thread/INFO] (net.minecraft.client.gui.hud.ChatHud) [System] [CHAT] ╠ Открыт летний набор в Команду Проекта
[12:39:37] [Render thread/INFO] (net.minecraft.client.gui.hud.ChatHud) [System] [CHAT] ╠ Давай бороться с читерами вместе!
[12:39:37] [Render thread/INFO] (net.minecraft.client.gui.hud.ChatHud) [System] [CHAT] ╠ Подавай заявку и ты: vk.cc/cCSS5u
[12:39:37] [Render thread/INFO] (net.minecraft.client.gui.hud.ChatHud) [System] [CHAT] ╚
[12:39:38] [Render thread/WARN] (net.minecraft.client.network.ClientPlayNetworkHandler) Ignoring player info update for unknown player ad674322-60cf-3d31-a3a1-0297e5225dbd ([UPDATE_GAME_MODE])
[12:39:38] [Render thread/WARN] (net.minecraft.client.network.ClientPlayNetworkHandler) Ignoring player info update for unknown player ad674322-60cf-3d31-a3a1-0297e5225dbd ([UPDATE_GAME_MODE])
[12:39:38] [Render thread/WARN] (net.minecraft.client.network.ClientPlayNetworkHandler) Ignoring player info update for unknown player ad674322-60cf-3d31-a3a1-0297e5225dbd ([UPDATE_GAME_MODE])
[12:39:38] [Render thread/WARN] (net.minecraft.client.network.ClientPlayNetworkHandler) Ignoring player info update for unknown player ad674322-60cf-3d31-a3a1-0297e5225dbd ([UPDATE_GAME_MODE])
[12:39:39] [Render thread/WARN] (net.minecraft.client.network.ClientPlayNetworkHandler) Ignoring player info update for unknown player 64ec7bf0-2e3e-3362-ba9d-2c5adb81c098 ([UPDATE_GAME_MODE])
[12:39:39] [Render thread/WARN] (net.minecraft.client.network.ClientPlayNetworkHandler) Ignoring player info update for unknown player 64ec7bf0-2e3e-3362-ba9d-2c5adb81c098 ([UPDATE_GAME_MODE])
[12:39:39] [Render thread/WARN] (net.minecraft.client.network.ClientPlayNetworkHandler) Ignoring player info update for unknown player 64ec7bf0-2e3e-3362-ba9d-2c5adb81c098 ([UPDATE_GAME_MODE])
[12:39:39] [Render thread/WARN] (net.minecraft.client.network.ClientPlayNetworkHandler) Ignoring player info update for unknown player 64ec7bf0-2e3e-3362-ba9d-2c5adb81c098 ([UPDATE_GAME_MODE])
[12:39:41] [Render thread/INFO] (net.minecraft.client.gui.hud.ChatHud) [System] [CHAT] Ⓛ [ɢᴏᴅ] nowever1 WIN ⇨ мда фул камбит
[12:39:43] [Render thread/WARN] (net.minecraft.client.network.ClientPlayNetworkHandler) Ignoring player info update for unknown player b420dee3-e831-3023-95f3-49c67b7b7931 ([UPDATE_GAME_MODE])
[12:39:43] [Render thread/WARN] (net.minecraft.client.network.ClientPlayNetworkHandler) Ignoring player info update for unknown player b420dee3-e831-3023-95f3-49c67b7b7931 ([UPDATE_GAME_MODE])
[12:39:43] [Render thread/WARN] (net.minecraft.client.network.ClientPlayNetworkHandler) Ignoring player info update for unknown player ac474975-9309-37ab-864f-97d3e41a9e4d ([UPDATE_GAME_MODE])
[12:39:43] [Render thread/WARN] (net.minecraft.client.network.ClientPlayNetworkHandler) Ignoring player info update for unknown player ac474975-9309-37ab-864f-97d3e41a9e4d ([UPDATE_GAME_MODE])
[12:39:44] [Render thread/WARN] (net.minecraft.client.network.ClientPlayNetworkHandler) Ignoring player info update for unknown player 38afec75-a9a0-3eb0-82ee-29c50ecfff10 ([UPDATE_GAME_MODE])
[12:39:44] [Render thread/WARN] (net.minecraft.client.network.ClientPlayNetworkHandler) Ignoring player info update for unknown player 38afec75-a9a0-3eb0-82ee-29c50ecfff10 ([UPDATE_GAME_MODE])
[12:39:44] [Render thread/WARN] (net.minecraft.client.network.ClientPlayNetworkHandler) Ignoring player info update for unknown player 38afec75-a9a0-3eb0-82ee-29c50ecfff10 ([UPDATE_GAME_MODE])
[12:39:44] [Render thread/WARN] (net.minecraft.client.network.ClientPlayNetworkHandler) Ignoring player info update for unknown player 38afec75-a9a0-3eb0-82ee-29c50ecfff10 ([UPDATE_GAME_MODE])
[12:39:45] [Render thread/INFO] (net.minecraft.client.gui.hud.ChatHud) [System] [CHAT] Ⓖ [Игрок] Dgost1 ⇨ ez by zorik and euphoria dlc
[12:39:47] [Render thread/WARN] (net.minecraft.client.network.ClientPlayNetworkHandler) Ignoring player info update for unknown player 9380ca63-99e3-38ef-b0a9-ac2ffba9dea8 ([UPDATE_GAME_MODE])
[12:39:47] [Render thread/WARN] (net.minecraft.client.network.ClientPlayNetworkHandler) Ignoring player info update for unknown player 9380ca63-99e3-38ef-b0a9-ac2ffba9dea8 ([UPDATE_GAME_MODE])
[12:39:47] [Render thread/WARN] (net.minecraft.client.network.ClientPlayNetworkHandler) Ignoring player info update for unknown player 9380ca63-99e3-38ef-b0a9-ac2ffba9dea8 ([UPDATE_GAME_MODE])
[12:39:47] [Render thread/WARN] (net.minecraft.client.network.ClientPlayNetworkHandler) Ignoring player info update for unknown player 9380ca63-99e3-38ef-b0a9-ac2ffba9dea8 ([UPDATE_GAME_MODE])
[12:39:47] [Render thread/INFO] (net.minecraft.client.gui.hud.ChatHud) [System] [CHAT] Ⓖ [Игрок] ne_common4ik ⇨ -ezz
[12:39:47] [Render thread/INFO] (net.minecraft.client.gui.hud.ChatHud) [System] [CHAT] Ⓛ [ʀᴇᴄʀᴜɪᴛ] XDEARFTTt ⇨ ez
[12:39:51] [Render thread/INFO] (net.minecraft.client.gui.hud.ChatHud) [System] [CHAT] Ⓖ [Игрок] ne_common4ik ⇨ ez
[12:39:51] [Render thread/WARN] (net.minecraft.client.network.ClientPlayNetworkHandler) Ignoring player info update for unknown player d762b3b3-5984-3f4f-bd23-192808d5f85a ([UPDATE_GAME_MODE])
[12:39:51] [Render thread/WARN] (net.minecraft.client.network.ClientPlayNetworkHandler) Ignoring player info update for unknown player d762b3b3-5984-3f4f-bd23-192808d5f85a ([UPDATE_GAME_MODE])
[12:39:52] [Render thread/INFO] (net.minecraft.client.gui.hud.ChatHud) [System] [CHAT] Ⓖ [ɢᴏᴅ] Trigger_MC ⇨ all ансофты кидайте дуэли
[12:39:53] [Render thread/WARN] (net.minecraft.client.network.ClientPlayNetworkHandler) Ignoring player info update for unknown player 9373c04d-0dec-3014-be9d-232ca5378a36 ([UPDATE_GAME_MODE])
[12:39:53] [Render thread/WARN] (net.minecraft.client.network.ClientPlayNetworkHandler) Ignoring player info update for unknown player 9373c04d-0dec-3014-be9d-232ca5378a36 ([UPDATE_GAME_MODE])
[12:39:53] [Render thread/WARN] (net.minecraft.client.network.ClientPlayNetworkHandler) Ignoring player info update for unknown player 9373c04d-0dec-3014-be9d-232ca5378a36 ([UPDATE_GAME_MODE])
[12:39:53] [Render thread/WARN] (net.minecraft.client.network.ClientPlayNetworkHandler) Ignoring player info update for unknown player 9373c04d-0dec-3014-be9d-232ca5378a36 ([UPDATE_GAME_MODE])
[12:39:56] [Render thread/WARN] (net.minecraft.client.network.ClientPlayNetworkHandler) Ignoring player info update for unknown player 6e044fdd-cbd0-3476-8cb0-4ab6030f4fb5 ([UPDATE_GAME_MODE])
[12:39:56] [Render thread/WARN] (net.minecraft.client.network.ClientPlayNetworkHandler) Ignoring player info update for unknown player 6e044fdd-cbd0-3476-8cb0-4ab6030f4fb5 ([UPDATE_GAME_MODE])
[12:39:56] [Render thread/WARN] (net.minecraft.client.network.ClientPlayNetworkHandler) Ignoring player info update for unknown player 6e044fdd-cbd0-3476-8cb0-4ab6030f4fb5 ([UPDATE_GAME_MODE])
[12:39:56] [Render thread/WARN] (net.minecraft.client.network.ClientPlayNetworkHandler) Ignoring player info update for unknown player 6e044fdd-cbd0-3476-8cb0-4ab6030f4fb5 ([UPDATE_GAME_MODE])
[12:39:57] [Render thread/WARN] (net.minecraft.client.network.ClientPlayNetworkHandler) Ignoring player info update for unknown player e3700bee-96f3-325d-87ce-3d655451ae2e ([UPDATE_GAME_MODE])
[12:39:57] [Render thread/WARN] (net.minecraft.client.network.ClientPlayNetworkHandler) Ignoring player info update for unknown player e3700bee-96f3-325d-87ce-3d655451ae2e ([UPDATE_GAME_MODE])
[12:39:57] [Render thread/WARN] (net.minecraft.client.network.ClientPlayNetworkHandler) Ignoring player info update for unknown player e3700bee-96f3-325d-87ce-3d655451ae2e ([UPDATE_GAME_MODE])
[12:39:57] [Render thread/WARN] (net.minecraft.client.network.ClientPlayNetworkHandler) Ignoring player info update for unknown player e3700bee-96f3-325d-87ce-3d655451ae2e ([UPDATE_GAME_MODE])
[12:39:59] [Render thread/INFO] (net.minecraft.client.gui.hud.ChatHud) [System] [CHAT] Ⓖ [ɢᴏᴅ] solso477212 ⇨ ex
[12:40:05] [Render thread/WARN] (net.minecraft.client.network.ClientPlayNetworkHandler) Ignoring player info update for unknown player c85137a9-d818-3eb2-9331-fbb0cf1df5b0 ([UPDATE_GAME_MODE])
[12:40:05] [Render thread/WARN] (net.minecraft.client.network.ClientPlayNetworkHandler) Ignoring player info update for unknown player c85137a9-d818-3eb2-9331-fbb0cf1df5b0 ([UPDATE_GAME_MODE])
[12:40:05] [Render thread/WARN] (net.minecraft.client.network.ClientPlayNetworkHandler) Ignoring player info update for unknown player c85137a9-d818-3eb2-9331-fbb0cf1df5b0 ([UPDATE_GAME_MODE])
[12:40:05] [Render thread/WARN] (net.minecraft.client.network.ClientPlayNetworkHandler) Ignoring player info update for unknown player c85137a9-d818-3eb2-9331-fbb0cf1df5b0 ([UPDATE_GAME_MODE])
[12:40:06] [Render thread/WARN] (net.minecraft.client.network.ClientPlayNetworkHandler) Ignoring player info update for unknown player 9eb5f0d9-57eb-3978-9966-7bfcdf860daf ([UPDATE_GAME_MODE])
[12:40:06] [Render thread/WARN] (net.minecraft.client.network.ClientPlayNetworkHandler) Ignoring player info update for unknown player 9eb5f0d9-57eb-3978-9966-7bfcdf860daf ([UPDATE_GAME_MODE])
[12:40:06] [Render thread/WARN] (net.minecraft.client.network.ClientPlayNetworkHandler) Ignoring player info update for unknown player 9eb5f0d9-57eb-3978-9966-7bfcdf860daf ([UPDATE_GAME_MODE])
[12:40:06] [Render thread/WARN] (net.minecraft.client.network.ClientPlayNetworkHandler) Ignoring player info update for unknown player 9eb5f0d9-57eb-3978-9966-7bfcdf860daf ([UPDATE_GAME_MODE])
[12:40:08] [Render thread/INFO] (net.minecraft.client.gui.hud.ChatHud) [System] [CHAT] Ⓛ [ʟᴇɢᴇɴᴅ] PashaCworesss ⇨ хахаха
[12:40:08] [Render thread/WARN] (net.minecraft.client.network.ClientPlayNetworkHandler) Ignoring player info update for unknown player dd0564dc-38a0-3277-a056-91e6bcfb115a ([UPDATE_GAME_MODE])
[12:40:08] [Render thread/WARN] (net.minecraft.client.network.ClientPlayNetworkHandler) Ignoring player info update for unknown player dd0564dc-38a0-3277-a056-91e6bcfb115a ([UPDATE_GAME_MODE])
[12:40:10] [Render thread/WARN] (net.minecraft.client.network.ClientPlayNetworkHandler) Ignoring player info update for unknown player f210e621-a3dd-3f7d-9388-4329b85ea42a ([UPDATE_GAME_MODE])
[12:40:10] [Render thread/WARN] (net.minecraft.client.network.ClientPlayNetworkHandler) Ignoring player info update for unknown player f210e621-a3dd-3f7d-9388-4329b85ea42a ([UPDATE_GAME_MODE])
[12:40:10] [Render thread/WARN] (net.minecraft.client.network.ClientPlayNetworkHandler) Ignoring player info update for unknown player f210e621-a3dd-3f7d-9388-4329b85ea42a ([UPDATE_GAME_MODE])
[12:40:10] [Render thread/WARN] (net.minecraft.client.network.ClientPlayNetworkHandler) Ignoring player info update for unknown player f210e621-a3dd-3f7d-9388-4329b85ea42a ([UPDATE_GAME_MODE])
[12:40:13] [Render thread/WARN] (net.minecraft.client.network.ClientPlayNetworkHandler) Ignoring player info update for unknown player 3593a20f-bd3a-3b1e-8a20-735115adc0e2 ([UPDATE_GAME_MODE])
[12:40:13] [Render thread/WARN] (net.minecraft.client.network.ClientPlayNetworkHandler) Ignoring player info update for unknown player 3593a20f-bd3a-3b1e-8a20-735115adc0e2 ([UPDATE_GAME_MODE])
[12:40:13] [Render thread/WARN] (net.minecraft.client.network.ClientPlayNetworkHandler) Ignoring player info update for unknown player 3593a20f-bd3a-3b1e-8a20-735115adc0e2 ([UPDATE_GAME_MODE])
[12:40:13] [Render thread/WARN] (net.minecraft.client.network.ClientPlayNetworkHandler) Ignoring player info update for unknown player 3593a20f-bd3a-3b1e-8a20-735115adc0e2 ([UPDATE_GAME_MODE])
[12:40:22] [Render thread/WARN] (net.minecraft.client.network.ClientPlayNetworkHandler) Ignoring player info update for unknown player 7892c0a4-8816-3478-85e7-ce0ba9e66fd5 ([UPDATE_GAME_MODE])
[12:40:22] [Render thread/WARN] (net.minecraft.client.network.ClientPlayNetworkHandler) Ignoring player info update for unknown player 7892c0a4-8816-3478-85e7-ce0ba9e66fd5 ([UPDATE_GAME_MODE])
[12:40:22] [Render thread/WARN] (net.minecraft.client.network.ClientPlayNetworkHandler) Ignoring player info update for unknown player 7892c0a4-8816-3478-85e7-ce0ba9e66fd5 ([UPDATE_GAME_MODE])
[12:40:22] [Render thread/WARN] (net.minecraft.client.network.ClientPlayNetworkHandler) Ignoring player info update for unknown player 7892c0a4-8816-3478-85e7-ce0ba9e66fd5 ([UPDATE_GAME_MODE])
[12:40:25] [Render thread/WARN] (net.minecraft.client.network.ClientPlayNetworkHandler) Ignoring player info update for unknown player 9b98fed9-af8a-3232-bf8f-b2cb7fd481e2 ([UPDATE_GAME_MODE])
[12:40:25] [Render thread/WARN] (net.minecraft.client.network.ClientPlayNetworkHandler) Ignoring player info update for unknown player 9b98fed9-af8a-3232-bf8f-b2cb7fd481e2 ([UPDATE_GAME_MODE])
[12:40:28] [Render thread/WARN] (net.minecraft.client.network.ClientPlayNetworkHandler) Ignoring player info update for unknown player c85137a9-d818-3eb2-9331-fbb0cf1df5b0 ([UPDATE_GAME_MODE])
[12:40:28] [Render thread/WARN] (net.minecraft.client.network.ClientPlayNetworkHandler) Ignoring player info update for unknown player c85137a9-d818-3eb2-9331-fbb0cf1df5b0 ([UPDATE_GAME_MODE])
[12:40:28] [Render thread/WARN] (net.minecraft.client.network.ClientPlayNetworkHandler) Ignoring player info update for unknown player c85137a9-d818-3eb2-9331-fbb0cf1df5b0 ([UPDATE_GAME_MODE])
[12:40:28] [Render thread/WARN] (net.minecraft.client.network.ClientPlayNetworkHandler) Ignoring player info update for unknown player c85137a9-d818-3eb2-9331-fbb0cf1df5b0 ([UPDATE_GAME_MODE])
[12:40:29] [Render thread/INFO] (net.minecraft.client.gui.hud.ChatHud) [System] [CHAT] Ⓖ [ʟᴇɢᴇɴᴅ] TankB ⇨ sosososososos
[12:40:29] [Render thread/WARN] (net.minecraft.client.network.ClientPlayNetworkHandler) Ignoring player info update for unknown player 3eb6b3d0-b0da-39a4-9c03-31a61c8bb635 ([UPDATE_GAME_MODE])
[12:40:29] [Render thread/WARN] (net.minecraft.client.network.ClientPlayNetworkHandler) Ignoring player info update for unknown player 3eb6b3d0-b0da-39a4-9c03-31a61c8bb635 ([UPDATE_GAME_MODE])
[12:40:29] [Render thread/WARN] (net.minecraft.client.network.ClientPlayNetworkHandler) Ignoring player info update for unknown player 3eb6b3d0-b0da-39a4-9c03-31a61c8bb635 ([UPDATE_GAME_MODE])
[12:40:29] [Render thread/WARN] (net.minecraft.client.network.ClientPlayNetworkHandler) Ignoring player info update for unknown player 3eb6b3d0-b0da-39a4-9c03-31a61c8bb635 ([UPDATE_GAME_MODE])
[12:40:32] [Render thread/WARN] (net.minecraft.client.network.ClientPlayNetworkHandler) Ignoring player info update for unknown player 20bfa56a-c7ba-3ea4-a2da-3c64b3a6a862 ([UPDATE_GAME_MODE])
[12:40:32] [Render thread/WARN] (net.minecraft.client.network.ClientPlayNetworkHandler) Ignoring player info update for unknown player 20bfa56a-c7ba-3ea4-a2da-3c64b3a6a862 ([UPDATE_GAME_MODE])
[12:40:39] [Render thread/INFO] (net.minecraft.client.gui.hud.ChatHud) [System] [CHAT] Ⓖ [ʟᴇɢᴇɴᴅ] TankB ⇨ -ezz
[12:40:41] [Render thread/INFO] (net.minecraft.client.gui.hud.ChatHud) [System] [CHAT] Ⓖ [ɢᴏᴅ] XXXARBIKXXX ⇨ ansoft duel ez
[12:40:48] [Render thread/WARN] (net.minecraft.client.network.ClientPlayNetworkHandler) Ignoring player info update for unknown player e9d44d89-661a-3412-883d-fc57da3fbc3d ([UPDATE_GAME_MODE])
[12:40:48] [Render thread/WARN] (net.minecraft.client.network.ClientPlayNetworkHandler) Ignoring player info update for unknown player e9d44d89-661a-3412-883d-fc57da3fbc3d ([UPDATE_GAME_MODE])
[12:40:50] [Render thread/WARN] (net.minecraft.client.network.ClientPlayNetworkHandler) Ignoring player info update for unknown player 4bc8e775-b1fd-3167-9bfb-5288849f8e26 ([UPDATE_GAME_MODE])
[12:40:50] [Render thread/WARN] (net.minecraft.client.network.ClientPlayNetworkHandler) Ignoring player info update for unknown player 4bc8e775-b1fd-3167-9bfb-5288849f8e26 ([UPDATE_GAME_MODE])
[12:40:50] [Render thread/WARN] (net.minecraft.client.network.ClientPlayNetworkHandler) Ignoring player info update for unknown player 293c464c-7e78-3bd7-9b1e-3d1c489eeea3 ([UPDATE_GAME_MODE])
[12:40:50] [Render thread/WARN] (net.minecraft.client.network.ClientPlayNetworkHandler) Ignoring player info update for unknown player 293c464c-7e78-3bd7-9b1e-3d1c489eeea3 ([UPDATE_GAME_MODE])
[12:40:50] [Render thread/WARN] (net.minecraft.client.network.ClientPlayNetworkHandler) Ignoring player info update for unknown player 293c464c-7e78-3bd7-9b1e-3d1c489eeea3 ([UPDATE_GAME_MODE])
[12:40:50] [Render thread/WARN] (net.minecraft.client.network.ClientPlayNetworkHandler) Ignoring player info update for unknown player 293c464c-7e78-3bd7-9b1e-3d1c489eeea3 ([UPDATE_GAME_MODE])
[12:40:54] [Render thread/WARN] (net.minecraft.client.network.ClientPlayNetworkHandler) Ignoring player info update for unknown player 28da7732-74d0-3bbc-afd5-3d18fb95d11c ([UPDATE_GAME_MODE])
[12:40:54] [Render thread/WARN] (net.minecraft.client.network.ClientPlayNetworkHandler) Ignoring player info update for unknown player 28da7732-74d0-3bbc-afd5-3d18fb95d11c ([UPDATE_GAME_MODE])
[12:40:56] [Render thread/WARN] (net.minecraft.client.network.ClientPlayNetworkHandler) Ignoring player info update for unknown player e6fade3b-c80a-3060-81c6-ad4365cae342 ([UPDATE_GAME_MODE])
[12:40:56] [Render thread/WARN] (net.minecraft.client.network.ClientPlayNetworkHandler) Ignoring player info update for unknown player e6fade3b-c80a-3060-81c6-ad4365cae342 ([UPDATE_GAME_MODE])
[12:40:57] [Render thread/INFO] (net.minecraft.client.gui.hud.ChatHud) [System] [CHAT] Ⓖ [ɢᴏᴅ] solso477212 ⇨ ex
[12:40:58] [Render thread/WARN] (net.minecraft.client.network.ClientPlayNetworkHandler) Ignoring player info update for unknown player cee10a86-5eba-37b4-9985-6a62964bf53c ([UPDATE_GAME_MODE])
[12:40:58] [Render thread/WARN] (net.minecraft.client.network.ClientPlayNetworkHandler) Ignoring player info update for unknown player cee10a86-5eba-37b4-9985-6a62964bf53c ([UPDATE_GAME_MODE])
[12:40:58] [Render thread/WARN] (net.minecraft.client.network.ClientPlayNetworkHandler) Ignoring player info update for unknown player ea5fad00-d99b-3bf4-aece-8c85339b81d9 ([UPDATE_GAME_MODE])
[12:40:58] [Render thread/WARN] (net.minecraft.client.network.ClientPlayNetworkHandler) Ignoring player info update for unknown player ea5fad00-d99b-3bf4-aece-8c85339b81d9 ([UPDATE_GAME_MODE])
[12:40:58] [Render thread/WARN] (net.minecraft.client.network.ClientPlayNetworkHandler) Ignoring player info update for unknown player ea5fad00-d99b-3bf4-aece-8c85339b81d9 ([UPDATE_GAME_MODE])
[12:40:58] [Render thread/WARN] (net.minecraft.client.network.ClientPlayNetworkHandler) Ignoring player info update for unknown player ea5fad00-d99b-3bf4-aece-8c85339b81d9 ([UPDATE_GAME_MODE])
[12:41:00] [Render thread/WARN] (net.minecraft.client.network.ClientPlayNetworkHandler) Ignoring player info update for unknown player 58605cd6-ac20-3427-a4d9-277627da40d0 ([UPDATE_GAME_MODE])
[12:41:00] [Render thread/WARN] (net.minecraft.client.network.ClientPlayNetworkHandler) Ignoring player info update for unknown player 58605cd6-ac20-3427-a4d9-277627da40d0 ([UPDATE_GAME_MODE])
[12:41:00] [Render thread/WARN] (net.minecraft.client.network.ClientPlayNetworkHandler) Ignoring player info update for unknown player 58605cd6-ac20-3427-a4d9-277627da40d0 ([UPDATE_GAME_MODE])
[12:41:00] [Render thread/WARN] (net.minecraft.client.network.ClientPlayNetworkHandler) Ignoring player info update for unknown player 58605cd6-ac20-3427-a4d9-277627da40d0 ([UPDATE_GAME_MODE])
[12:41:00] [Render thread/WARN] (net.minecraft.client.network.ClientPlayNetworkHandler) Ignoring player info update for unknown player 48f6381c-8d0b-3fa6-aad3-d3982dc69c98 ([UPDATE_GAME_MODE])
[12:41:00] [Render thread/WARN] (net.minecraft.client.network.ClientPlayNetworkHandler) Ignoring player info update for unknown player 48f6381c-8d0b-3fa6-aad3-d3982dc69c98 ([UPDATE_GAME_MODE])
[12:41:01] [Render thread/WARN] (net.minecraft.client.network.ClientPlayNetworkHandler) Ignoring player info update for unknown player 190b3c3c-692d-33de-b1d8-2d0a4e9423ef ([UPDATE_GAME_MODE])
[12:41:01] [Render thread/WARN] (net.minecraft.client.network.ClientPlayNetworkHandler) Ignoring player info update for unknown player 190b3c3c-692d-33de-b1d8-2d0a4e9423ef ([UPDATE_GAME_MODE])
[12:41:02] [Render thread/INFO] (net.minecraft.client.gui.hud.ChatHud) [System] [CHAT] Ⓖ [ɢᴏᴅ] Trigger_MC ⇨ all ансофты кидайте дуэли
[12:41:04] [Render thread/WARN] (net.minecraft.client.network.ClientPlayNetworkHandler) Ignoring player info update for unknown player 57e13bd8-5cd2-384e-8f18-66240be30d28 ([UPDATE_GAME_MODE])
[12:41:04] [Render thread/WARN] (net.minecraft.client.network.ClientPlayNetworkHandler) Ignoring player info update for unknown player 57e13bd8-5cd2-384e-8f18-66240be30d28 ([UPDATE_GAME_MODE])
[12:41:04] [Render thread/WARN] (net.minecraft.client.network.ClientPlayNetworkHandler) Ignoring player info update for unknown player 57e13bd8-5cd2-384e-8f18-66240be30d28 ([UPDATE_GAME_MODE])
[12:41:04] [Render thread/WARN] (net.minecraft.client.network.ClientPlayNetworkHandler) Ignoring player info update for unknown player 57e13bd8-5cd2-384e-8f18-66240be30d28 ([UPDATE_GAME_MODE])
[12:41:08] [Render thread/WARN] (net.minecraft.client.network.ClientPlayNetworkHandler) Ignoring player info update for unknown player 4d32bf73-4ccc-3a43-82cc-1b0a25175afd ([UPDATE_GAME_MODE])
[12:41:08] [Render thread/WARN] (net.minecraft.client.network.ClientPlayNetworkHandler) Ignoring player info update for unknown player 4d32bf73-4ccc-3a43-82cc-1b0a25175afd ([UPDATE_GAME_MODE])
[12:41:08] [Render thread/WARN] (net.minecraft.client.network.ClientPlayNetworkHandler) Ignoring player info update for unknown player 4d32bf73-4ccc-3a43-82cc-1b0a25175afd ([UPDATE_GAME_MODE])
[12:41:08] [Render thread/WARN] (net.minecraft.client.network.ClientPlayNetworkHandler) Ignoring player info update for unknown player 4d32bf73-4ccc-3a43-82cc-1b0a25175afd ([UPDATE_GAME_MODE])
[12:41:09] [Render thread/INFO] (net.minecraft.client.gui.hud.ChatHud) [System] [CHAT] ╔
[12:41:09] [Render thread/INFO] (net.minecraft.client.gui.hud.ChatHud) [System] [CHAT] ╠ Подписывайтесь на наш ТГ - telegram.me/spookytimenet
[12:41:09] [Render thread/INFO] (net.minecraft.client.gui.hud.ChatHud) [System] [CHAT] ╚
[12:41:09] [Render thread/WARN] (net.minecraft.client.network.ClientPlayNetworkHandler) Ignoring player info update for unknown player ea070675-5c29-3c30-9f53-5b3130d2235f ([UPDATE_GAME_MODE])
[12:41:09] [Render thread/WARN] (net.minecraft.client.network.ClientPlayNetworkHandler) Ignoring player info update for unknown player ea070675-5c29-3c30-9f53-5b3130d2235f ([UPDATE_GAME_MODE])
[12:41:09] [Render thread/WARN] (net.minecraft.client.network.ClientPlayNetworkHandler) Ignoring player info update for unknown player ea070675-5c29-3c30-9f53-5b3130d2235f ([UPDATE_GAME_MODE])
[12:41:09] [Render thread/WARN] (net.minecraft.client.network.ClientPlayNetworkHandler) Ignoring player info update for unknown player ea070675-5c29-3c30-9f53-5b3130d2235f ([UPDATE_GAME_MODE])
[12:41:09] [Render thread/WARN] (net.minecraft.client.network.ClientPlayNetworkHandler) Ignoring player info update for unknown player fec4ff89-da3f-3737-8f3a-476612d9c389 ([UPDATE_GAME_MODE])
[12:41:09] [Render thread/WARN] (net.minecraft.client.network.ClientPlayNetworkHandler) Ignoring player info update for unknown player fec4ff89-da3f-3737-8f3a-476612d9c389 ([UPDATE_GAME_MODE])
[12:41:09] [Render thread/WARN] (net.minecraft.client.network.ClientPlayNetworkHandler) Ignoring player info update for unknown player fec4ff89-da3f-3737-8f3a-476612d9c389 ([UPDATE_GAME_MODE])
[12:41:09] [Render thread/WARN] (net.minecraft.client.network.ClientPlayNetworkHandler) Ignoring player info update for unknown player fec4ff89-da3f-3737-8f3a-476612d9c389 ([UPDATE_GAME_MODE])
[12:41:10] [Render thread/WARN] (net.minecraft.client.network.ClientPlayNetworkHandler) Ignoring player info update for unknown player 89c464f4-15c9-3e05-a9b9-d61592f1b469 ([UPDATE_GAME_MODE])
[12:41:10] [Render thread/WARN] (net.minecraft.client.network.ClientPlayNetworkHandler) Ignoring player info update for unknown player 89c464f4-15c9-3e05-a9b9-d61592f1b469 ([UPDATE_GAME_MODE])
[12:41:10] [Render thread/WARN] (net.minecraft.client.network.ClientPlayNetworkHandler) Ignoring player info update for unknown player 89c464f4-15c9-3e05-a9b9-d61592f1b469 ([UPDATE_GAME_MODE])
[12:41:10] [Render thread/WARN] (net.minecraft.client.network.ClientPlayNetworkHandler) Ignoring player info update for unknown player 89c464f4-15c9-3e05-a9b9-d61592f1b469 ([UPDATE_GAME_MODE])
[12:41:10] [Render thread/WARN] (net.minecraft.client.network.ClientPlayNetworkHandler) Ignoring player info update for unknown player 794b4c5d-a69c-35b6-ab7e-c374eca4e73d ([UPDATE_GAME_MODE])
[12:41:10] [Render thread/WARN] (net.minecraft.client.network.ClientPlayNetworkHandler) Ignoring player info update for unknown player 794b4c5d-a69c-35b6-ab7e-c374eca4e73d ([UPDATE_GAME_MODE])
[12:41:10] [Render thread/WARN] (net.minecraft.client.network.ClientPlayNetworkHandler) Ignoring player info update for unknown player 794b4c5d-a69c-35b6-ab7e-c374eca4e73d ([UPDATE_GAME_MODE])
[12:41:10] [Render thread/WARN] (net.minecraft.client.network.ClientPlayNetworkHandler) Ignoring player info update for unknown player 794b4c5d-a69c-35b6-ab7e-c374eca4e73d ([UPDATE_GAME_MODE])
[12:41:10] [Render thread/WARN] (net.minecraft.client.network.ClientPlayNetworkHandler) Ignoring player info update for unknown player 3ff8b8f7-a56e-3990-838e-a4bea2211f63 ([UPDATE_GAME_MODE])
[12:41:10] [Render thread/WARN] (net.minecraft.client.network.ClientPlayNetworkHandler) Ignoring player info update for unknown player 3ff8b8f7-a56e-3990-838e-a4bea2211f63 ([UPDATE_GAME_MODE])
[12:41:12] [Render thread/INFO] (net.minecraft.client.MinecraftClient) Stopping!
[12:41:12] [Render thread/INFO] (net.minecraft.util.logging.LoggerPrintStream) [STDOUT]: unSetup - [MacrosProcessor, CollectorProcessor, AutoBuyProcessor, CosmeticsProcessor, FriendProcessor, NotificationProcessor, ResourcePacksProcessor, StaffProcessor, ThemeProcessor, AccountProcessor, ModuleProcessor, RotationProcessor, DiscordProcessor, Draw2DProcessor, DragProcessor, Draw3DProcessor, CommandProcessor, BatchProcessor, HandlerProcessor]
