[12:30:40] [main/INFO] (FabricLoader/GameProvider) Loading Minecraft 1.21.4 with Fabric Loader 0.19.3
[12:30:40] [ForkJoinPool-1-worker-1/WARN] (FabricLoader/Metadata) "fabric.mod.json" from mod delta did not have "schemaVersion" as first field.
[12:30:41] [main/INFO] (FabricLoader) Loading 56 mods:
	- delta 3.0.14
	- fabric-api 0.119.4+1.21.4
	- fabric-api-base 0.4.54+b47eab6b04
	- fabric-api-lookup-api-v1 1.6.86+b1caf1e904
	- fabric-biome-api-v1 15.0.6+b1c29d8e04
	- fabric-block-api-v1 1.0.31+7feeb73304
	- fabric-block-view-api-v2 1.0.20+9c49cc8c04
	- fabric-blockrenderlayer-v1 2.0.8+7feeb73304
	- fabric-client-gametest-api-v1 4.1.1+6816ccd404
	- fabric-client-tags-api-v1 1.1.29+20ea1e2304
	- fabric-command-api-v1 1.2.62+f71b366f04
	- fabric-command-api-v2 2.2.41+e496eb1504
	- fabric-commands-v0 0.2.79+df3654b304
	- fabric-content-registries-v0 9.1.19+25d1a67604
	- fabric-convention-tags-v1 2.1.20+7f945d5b04
	- fabric-convention-tags-v2 2.14.1+aebda09404
	- fabric-crash-report-info-v1 0.3.6+7feeb73304
	- fabric-data-attachment-api-v1 1.6.2+e99da0f704
	- fabric-data-generation-api-v1 22.3.1+0f4e5f5504
	- fabric-dimensions-v1 4.0.10+7feeb73304
	- fabric-entity-events-v1 2.0.15+62245bef04
	- fabric-events-interaction-v0 4.0.4+a4eebcf004
	- fabric-game-rule-api-v1 1.0.63+7d48d43904
	- fabric-gametest-api-v1 2.0.26+7feeb73304
	- fabric-item-api-v1 11.4.0+189dd6fe04
	- fabric-item-group-api-v1 4.2.2+fcb9601404
	- fabric-key-binding-api-v1 1.0.57+7d48d43904
	- fabric-keybindings-v0 0.2.55+df3654b304
	- fabric-lifecycle-events-v1 2.5.4+bf2a60eb04
	- fabric-loot-api-v2 3.0.38+3f89f5a504
	- fabric-loot-api-v3 1.0.26+203e6b2304
	- fabric-message-api-v1 6.0.26+238a33c004
	- fabric-model-loading-api-v1 4.3.0+ae23723504
	- fabric-networking-api-v1 4.4.0+db5e668204
	- fabric-object-builder-api-v1 18.0.14+38b0d59804
	- fabric-particles-v1 4.0.14+7feeb73304
	- fabric-recipe-api-v1 8.1.1+640e77ae04
	- fabric-registry-sync-v0 6.1.11+4a9c1ece04
	- fabric-renderer-api-v1 5.0.3+50f0feb204
	- fabric-renderer-indigo 2.0.3+50f0feb204
	- fabric-rendering-data-attachment-v1 0.3.58+73761d2e04
	- fabric-rendering-fluids-v1 3.1.19+7feeb73304
	- fabric-rendering-v1 10.2.1+0d31b09f04
	- fabric-resource-conditions-api-v1 5.0.13+203e6b2304
	- fabric-resource-loader-v0 3.1.1+360374ac04
	- fabric-screen-api-v1 2.0.38+7feeb73304
	- fabric-screen-handler-api-v1 1.3.118+7feeb73304
	- fabric-sound-api-v1 1.0.32+7feeb73304
	- fabric-tag-api-v1 1.0.7+7d48d43904
	- fabric-transfer-api-v1 5.4.9+efa825c904
	- fabric-transitive-access-wideners-v1 6.3.2+56e78b9b04
	- fabricloader 0.19.3
	- geckolib 4.8.5
	- java 21
	- minecraft 1.21.4
	- mixinextras 0.5.4
[12:30:42] [main/INFO] (FabricLoader/Mixin) SpongePowered MIXIN Subsystem Version=0.8.7 Source=file:/C:/Users/79522/.gradle/caches/modules-2/files-2.1/net.fabricmc/sponge-mixin/0.17.3+mixin.0.8.7/41c4a3984a80f4679e759fb9f495587acc5cdac7/sponge-mixin-0.17.3+mixin.0.8.7.jar Service=Knot/Fabric Env=CLIENT
[12:30:43] [main/INFO] (FabricLoader/Mixin) Loaded Fabric development mappings for mixin remapper!
[12:30:44] [main/INFO] (FabricLoader/Mixin) Compatibility level set to JAVA_21
[12:30:56] [main/INFO] (FabricLoader/MixinExtras|Service) Initializing MixinExtras via com.llamalad7.mixinextras.service.MixinExtrasServiceImpl(version=0.5.4).
[12:31:12] [Datafixer Bootstrap/INFO] (Minecraft) 243 Datafixer optimizations took 13684 milliseconds
[12:31:20] [Render thread/INFO] (Minecraft) Environment: Environment[sessionHost=https://sessionserver.mojang.com, servicesHost=https://api.minecraftservices.com, name=PROD]
[12:31:20] [Render thread/INFO] (Minecraft) Setting user: Player584
[12:31:22] [Render thread/INFO] (Minecraft) [STDOUT]: setup - [MacrosProcessor, CollectorProcessor, AutoBuyProcessor, CosmeticsProcessor, FriendProcessor, NotificationProcessor, ResourcePacksProcessor, StaffProcessor, ThemeProcessor, AccountProcessor, ModuleProcessor, RotationProcessor, DiscordProcessor, Draw2DProcessor, DragProcessor, Draw3DProcessor, CommandProcessor, BatchProcessor, HandlerProcessor]
[12:31:22] [Render thread/INFO] (Indigo) [Indigo] Registering Indigo renderer!
[12:31:23] [Render thread/INFO] (Minecraft) Backend library: LWJGL version 3.3.3-snapshot
[12:31:26] [Download-1/WARN] (Minecraft) Couldn't look up profile properties for f8b3cbc3-8889-3cbd-890b-ed87a36c6fe4
com.mojang.authlib.exceptions.MinecraftClientException: Failed to read from https://sessionserver.mojang.com/session/minecraft/profile/f8b3cbc388893cbd890bed87a36c6fe4?unsigned=false due to Connect timed out
	at knot/com.mojang.authlib.minecraft.client.MinecraftClient.readInputStream(MinecraftClient.java:111) ~[authlib-6.0.57.jar:?]
	at knot/com.mojang.authlib.minecraft.client.MinecraftClient.get(MinecraftClient.java:56) ~[authlib-6.0.57.jar:?]
	at knot/com.mojang.authlib.yggdrasil.YggdrasilMinecraftSessionService.fetchProfileUncached(YggdrasilMinecraftSessionService.java:201) ~[authlib-6.0.57.jar:?]
	at knot/com.mojang.authlib.yggdrasil.YggdrasilMinecraftSessionService.fetchProfile(YggdrasilMinecraftSessionService.java:171) ~[authlib-6.0.57.jar:?]
	at knot/net.minecraft.client.MinecraftClient.method_53464(MinecraftClient.java:453) ~[minecraft-merged-8137bcb425-1.21.4-net.fabricmc.yarn.1_21_4.1.21.4+build.8-v2.jar:?]
	at java.base/java.util.concurrent.CompletableFuture$AsyncSupply.run$$$capture(CompletableFuture.java:1768) ~[?:?]
	at java.base/java.util.concurrent.CompletableFuture$AsyncSupply.run(CompletableFuture.java) ~[?:?]
	at java.base/java.util.concurrent.ThreadPoolExecutor.runWorker(ThreadPoolExecutor.java:1144) ~[?:?]
	at java.base/java.util.concurrent.ThreadPoolExecutor$Worker.run(ThreadPoolExecutor.java:642) ~[?:?]
	at java.base/java.lang.Thread.run(Thread.java:1583) [?:?]
Caused by: java.net.SocketTimeoutException: Connect timed out
	at java.base/sun.nio.ch.NioSocketImpl.timedFinishConnect(NioSocketImpl.java:546) ~[?:?]
	at java.base/sun.nio.ch.NioSocketImpl.connect(NioSocketImpl.java:592) ~[?:?]
	at java.base/java.net.SocksSocketImpl.connect(SocksSocketImpl.java:327) ~[?:?]
	at java.base/java.net.Socket.connect(Socket.java:751) ~[?:?]
	at java.base/sun.security.ssl.SSLSocketImpl.connect(SSLSocketImpl.java:304) ~[?:?]
	at java.base/sun.net.NetworkClient.doConnect(NetworkClient.java:178) ~[?:?]
	at java.base/sun.net.www.http.HttpClient.openServer(HttpClient.java:531) ~[?:?]
	at java.base/sun.net.www.http.HttpClient.openServer(HttpClient.java:636) ~[?:?]
	at java.base/sun.net.www.protocol.https.HttpsClient.<init>(HttpsClient.java:264) ~[?:?]
	at java.base/sun.net.www.protocol.https.HttpsClient.New(HttpsClient.java:377) ~[?:?]
	at java.base/sun.net.www.protocol.https.AbstractDelegateHttpsURLConnection.getNewHttpClient(AbstractDelegateHttpsURLConnection.java:193) ~[?:?]
	at java.base/sun.net.www.protocol.http.HttpURLConnection.plainConnect0(HttpURLConnection.java:1298) ~[?:?]
	at java.base/sun.net.www.protocol.http.HttpURLConnection.plainConnect(HttpURLConnection.java:1139) ~[?:?]
	at java.base/sun.net.www.protocol.https.AbstractDelegateHttpsURLConnection.connect(AbstractDelegateHttpsURLConnection.java:179) ~[?:?]
	at java.base/sun.net.www.protocol.http.HttpURLConnection.getInputStream0(HttpURLConnection.java:1691) ~[?:?]
	at java.base/sun.net.www.protocol.http.HttpURLConnection.getInputStream(HttpURLConnection.java:1615) ~[?:?]
	at java.base/java.net.HttpURLConnection.getResponseCode(HttpURLConnection.java:531) ~[?:?]
	at java.base/sun.net.www.protocol.https.HttpsURLConnectionImpl.getResponseCode(HttpsURLConnectionImpl.java:307) ~[?:?]
	at knot/com.mojang.authlib.minecraft.client.MinecraftClient.readInputStream(MinecraftClient.java:82) ~[authlib-6.0.57.jar:?]
	... 9 more
[12:31:36] [Render thread/INFO] (Minecraft) Reloading ResourceManager: vanilla, fabric, delta, fabric-api, fabric-api-base, fabric-api-lookup-api-v1, fabric-biome-api-v1, fabric-block-api-v1, fabric-block-view-api-v2, fabric-blockrenderlayer-v1, fabric-client-gametest-api-v1, fabric-client-tags-api-v1, fabric-command-api-v1, fabric-command-api-v2, fabric-commands-v0, fabric-content-registries-v0, fabric-convention-tags-v1, fabric-convention-tags-v2, fabric-crash-report-info-v1, fabric-data-attachment-api-v1, fabric-data-generation-api-v1, fabric-dimensions-v1, fabric-entity-events-v1, fabric-events-interaction-v0, fabric-game-rule-api-v1, fabric-gametest-api-v1, fabric-item-api-v1, fabric-item-group-api-v1, fabric-key-binding-api-v1, fabric-keybindings-v0, fabric-lifecycle-events-v1, fabric-loot-api-v2, fabric-loot-api-v3, fabric-message-api-v1, fabric-model-loading-api-v1, fabric-networking-api-v1, fabric-object-builder-api-v1, fabric-particles-v1, fabric-recipe-api-v1, fabric-registry-sync-v0, fabric-renderer-api-v1, fabric-renderer-indigo, fabric-rendering-data-attachment-v1, fabric-rendering-fluids-v1, fabric-rendering-v1, fabric-resource-conditions-api-v1, fabric-resource-loader-v0, fabric-screen-api-v1, fabric-screen-handler-api-v1, fabric-sound-api-v1, fabric-tag-api-v1, fabric-transfer-api-v1, fabric-transitive-access-wideners-v1, fabricloader
[12:31:36] [Worker-Main-2/INFO] (Minecraft) Found unifont_all_no_pua-16.0.01.hex, loading
[12:31:37] [Worker-Main-2/INFO] (Minecraft) Found unifont_jp_patch-16.0.01.hex, loading
[12:31:45] [Render thread/INFO] (Minecraft) OpenAL initialized on device OpenAL Soft on Динамики (Realtek High Definition Audio)
[12:31:45] [Render thread/INFO] (Minecraft) Sound engine started
[12:31:45] [Render thread/INFO] (Minecraft) Created: 1024x512x4 minecraft:textures/atlas/blocks.png-atlas
[12:31:45] [Render thread/INFO] (Minecraft) Created: 256x256x4 minecraft:textures/atlas/signs.png-atlas
[12:31:45] [Render thread/INFO] (Minecraft) Created: 512x512x4 minecraft:textures/atlas/banner_patterns.png-atlas
[12:31:45] [Render thread/INFO] (Minecraft) Created: 512x512x4 minecraft:textures/atlas/shield_patterns.png-atlas
[12:31:45] [Render thread/INFO] (Minecraft) Created: 2048x1024x4 minecraft:textures/atlas/armor_trims.png-atlas
[12:31:45] [Render thread/INFO] (Minecraft) Created: 256x256x4 minecraft:textures/atlas/chest.png-atlas
[12:31:45] [Render thread/INFO] (Minecraft) Created: 128x64x4 minecraft:textures/atlas/decorated_pot.png-atlas
[12:31:45] [Render thread/INFO] (Minecraft) Created: 512x256x4 minecraft:textures/atlas/beds.png-atlas
[12:31:45] [Render thread/INFO] (Minecraft) Created: 512x256x4 minecraft:textures/atlas/shulker_boxes.png-atlas
[12:31:45] [Render thread/INFO] (Minecraft) Created: 64x64x0 minecraft:textures/atlas/map_decorations.png-atlas
[12:31:45] [Render thread/WARN] (FabricLoader/Mixin) Error loading class: net/minecraft/client/renderer/entity/layers/HumanoidArmorLayer (java.lang.ClassNotFoundException: net/minecraft/client/renderer/entity/layers/HumanoidArmorLayer)
[12:31:46] [Render thread/INFO] (Minecraft) Created: 512x256x0 minecraft:textures/atlas/particles.png-atlas
[12:31:46] [Render thread/INFO] (Minecraft) Created: 512x256x0 minecraft:textures/atlas/paintings.png-atlas
[12:31:46] [Render thread/INFO] (Minecraft) Created: 256x128x0 minecraft:textures/atlas/mob_effects.png-atlas
[12:31:46] [Render thread/INFO] (Minecraft) Created: 1024x512x0 minecraft:textures/atlas/gui.png-atlas
[12:31:52] [Render thread/INFO] (Minecraft) Connecting to mc.spookytime.net, 25565
[12:32:09] [Render thread/INFO] (Minecraft) Connecting to mc.spookytime.net, 25565
[12:32:12] [Render thread/INFO] (Minecraft) [System] [CHAT] ➥ Идёт проверка, пожалуйста, подождите...
[12:32:14] [Render thread/INFO] (Minecraft) [System] [CHAT] ➥ Идёт проверка, пожалуйста, подождите...
[12:32:14] [Render thread/INFO] (Minecraft) [System] [CHAT] ➥ Идёт проверка, пожалуйста, подождите...
[12:32:16] [Render thread/INFO] (Minecraft) [System] [CHAT] ➥ Идёт проверка, пожалуйста, подождите...
[12:32:19] [Render thread/INFO] (Minecraft) [System] [CHAT] ➥ Идёт проверка, пожалуйста, подождите...
[12:32:21] [Render thread/INFO] (Minecraft) [System] [CHAT] ➥ Идёт проверка, пожалуйста, подождите...
[12:32:21] [Render thread/INFO] (Minecraft) [System] [CHAT] ➥ Идёт проверка, пожалуйста, подождите...
[12:32:21] [Render thread/INFO] (Minecraft) [System] [CHAT] ➥ Вы успешно прошли проверку! :)
[12:32:21] [Render thread/INFO] (Minecraft) [System] [CHAT] [✾] Войдите в игру ⇝ /login <Пароль>
[12:32:22] [Netty Client IO #2/WARN] (fabric-networking-api-v1) Received invalid channel identifier "legacy:minecraft:brand"
[12:32:22] [Netty Client IO #2/WARN] (fabric-networking-api-v1) Received invalid channel identifier "legacy:mc|brand"
[12:32:22] [Render thread/WARN] (Minecraft) Ignoring player info update for unknown player f32fdf0a-24a6-3a36-afcb-8c1dc8735ee0 ([UPDATE_GAME_MODE])
[12:32:22] [Render thread/WARN] (Minecraft) Ignoring player info update for unknown player f32fdf0a-24a6-3a36-afcb-8c1dc8735ee0 ([UPDATE_GAME_MODE])
[12:32:22] [Render thread/WARN] (Minecraft) Ignoring player info update for unknown player f32fdf0a-24a6-3a36-afcb-8c1dc8735ee0 ([UPDATE_GAME_MODE])
[12:32:22] [Render thread/WARN] (Minecraft) Ignoring player info update for unknown player f32fdf0a-24a6-3a36-afcb-8c1dc8735ee0 ([UPDATE_GAME_MODE])
[12:32:22] [Render thread/INFO] (Minecraft) Loaded 0 advancements
[12:32:23] [Render thread/WARN] (Minecraft) Ignoring player info update for unknown player 7837faf6-951a-31b3-9bf2-0b8b6fcf2f0f ([UPDATE_GAME_MODE])
[12:32:23] [Render thread/WARN] (Minecraft) Ignoring player info update for unknown player 7837faf6-951a-31b3-9bf2-0b8b6fcf2f0f ([UPDATE_GAME_MODE])
[12:32:23] [Render thread/WARN] (Minecraft) Ignoring player info update for unknown player 7837faf6-951a-31b3-9bf2-0b8b6fcf2f0f ([UPDATE_GAME_MODE])
[12:32:23] [Render thread/WARN] (Minecraft) Ignoring player info update for unknown player 7837faf6-951a-31b3-9bf2-0b8b6fcf2f0f ([UPDATE_GAME_MODE])
[12:32:26] [Render thread/INFO] (Minecraft) [System] [CHAT] [✾] Успешная авторизация! Приятной игры!
[12:32:26] [Render thread/INFO] (Minecraft) [System] [CHAT]  ╔═════ ★ SpookyTime.net ★ ═══╗\n ║\n ║ Добро пожаловать на SpookyTime\n ║ Наши социальные сети - /links\n ║ Приятной игры и новых побед!\n ║\n ╚═════════════════════╝
[12:32:26] [Netty Client IO #2/WARN] (fabric-networking-api-v1) Received invalid channel identifier "legacy:minecraft:brand"
[12:32:26] [Netty Client IO #2/WARN] (fabric-networking-api-v1) Received invalid channel identifier "legacy:mc|brand"
[12:32:27] [Render thread/WARN] (Minecraft) Ignoring player info update for unknown player f32fdf0a-24a6-3a36-afcb-8c1dc8735ee0 ([UPDATE_GAME_MODE])
[12:32:27] [Render thread/WARN] (Minecraft) Ignoring player info update for unknown player f32fdf0a-24a6-3a36-afcb-8c1dc8735ee0 ([UPDATE_GAME_MODE])
[12:32:27] [Render thread/WARN] (Minecraft) Ignoring player info update for unknown player f32fdf0a-24a6-3a36-afcb-8c1dc8735ee0 ([UPDATE_GAME_MODE])
[12:32:27] [Render thread/WARN] (Minecraft) Ignoring player info update for unknown player f32fdf0a-24a6-3a36-afcb-8c1dc8735ee0 ([UPDATE_GAME_MODE])
[12:32:27] [Render thread/INFO] (Minecraft) Loaded 0 advancements
[12:32:28] [Render thread/WARN] (Minecraft) Ignoring player info update for unknown player 9ea6044b-1645-3d5d-b255-106fb972bc08 ([UPDATE_GAME_MODE])
[12:32:28] [Render thread/WARN] (Minecraft) Ignoring player info update for unknown player 9ea6044b-1645-3d5d-b255-106fb972bc08 ([UPDATE_GAME_MODE])
[12:32:29] [Render thread/INFO] (Minecraft) [System] [CHAT] ** ! Внимание !\n** Чтобы ваш Аккаунт был в БЕЗОПАСНОСТИ!\n** Привяжите его к ВК: /vk\n** Или к Телеграм: /tg\n\n** ! Внимание !\n** Чтобы ваш Аккаунт был в БЕЗОПАСНОСТИ!\n** Привяжите его к ВК: /vk\n** Или к Телеграм: /tg
[12:32:31] [Render thread/INFO] (Minecraft) [System] [CHAT] Вы были кикнуты с сервера 1duels: \nСервер заполнен!
[12:32:31] [Render thread/INFO] (Minecraft) [System] [CHAT]  ╔═════ ★ SpookyTime.net ★ ═══╗\n ║\n ║ Добро пожаловать на SpookyTime\n ║ Наши социальные сети - /links\n ║ Приятной игры и новых побед!\n ║\n ╚═════════════════════╝
[12:32:31] [Netty Client IO #2/WARN] (fabric-networking-api-v1) Received invalid channel identifier "legacy:minecraft:brand"
[12:32:31] [Netty Client IO #2/WARN] (fabric-networking-api-v1) Received invalid channel identifier "legacy:mc|brand"
[12:32:31] [Render thread/WARN] (Minecraft) Ignoring player info update for unknown player f32fdf0a-24a6-3a36-afcb-8c1dc8735ee0 ([UPDATE_GAME_MODE])
[12:32:31] [Render thread/WARN] (Minecraft) Ignoring player info update for unknown player f32fdf0a-24a6-3a36-afcb-8c1dc8735ee0 ([UPDATE_GAME_MODE])
[12:32:31] [Render thread/WARN] (Minecraft) Ignoring player info update for unknown player f32fdf0a-24a6-3a36-afcb-8c1dc8735ee0 ([UPDATE_GAME_MODE])
[12:32:31] [Render thread/WARN] (Minecraft) Ignoring player info update for unknown player f32fdf0a-24a6-3a36-afcb-8c1dc8735ee0 ([UPDATE_GAME_MODE])
[12:32:31] [Render thread/WARN] (Minecraft) Ignoring player info update for unknown player f32fdf0a-24a6-3a36-afcb-8c1dc8735ee0 ([UPDATE_GAME_MODE])
[12:32:31] [Render thread/WARN] (Minecraft) Ignoring player info update for unknown player f32fdf0a-24a6-3a36-afcb-8c1dc8735ee0 ([UPDATE_GAME_MODE])
[12:32:31] [Render thread/INFO] (Minecraft) Loaded 0 advancements
[12:32:32] [Render thread/WARN] (Minecraft) Ignoring player info update for unknown player 4703fa89-e2b7-3fd0-8270-3155b5abc5c5 ([UPDATE_GAME_MODE])
[12:32:32] [Render thread/WARN] (Minecraft) Ignoring player info update for unknown player 4703fa89-e2b7-3fd0-8270-3155b5abc5c5 ([UPDATE_GAME_MODE])
[12:32:32] [Render thread/WARN] (Minecraft) Ignoring player info update for unknown player a4dce049-a2be-3d7c-a4be-2f48ecd8fab7 ([UPDATE_GAME_MODE])
[12:32:32] [Render thread/WARN] (Minecraft) Ignoring player info update for unknown player a4dce049-a2be-3d7c-a4be-2f48ecd8fab7 ([UPDATE_GAME_MODE])
[12:32:32] [Render thread/WARN] (Minecraft) Ignoring player info update for unknown player a4dce049-a2be-3d7c-a4be-2f48ecd8fab7 ([UPDATE_GAME_MODE])
[12:32:32] [Render thread/WARN] (Minecraft) Ignoring player info update for unknown player a4dce049-a2be-3d7c-a4be-2f48ecd8fab7 ([UPDATE_GAME_MODE])
[12:32:32] [Render thread/WARN] (Minecraft) Ignoring player info update for unknown player a4dce049-a2be-3d7c-a4be-2f48ecd8fab7 ([UPDATE_GAME_MODE])
[12:32:32] [Render thread/WARN] (Minecraft) Ignoring player info update for unknown player a4dce049-a2be-3d7c-a4be-2f48ecd8fab7 ([UPDATE_GAME_MODE])
[12:32:32] [Render thread/WARN] (Minecraft) Ignoring player info update for unknown player a4dce049-a2be-3d7c-a4be-2f48ecd8fab7 ([UPDATE_GAME_MODE])
[12:32:32] [Render thread/WARN] (Minecraft) Ignoring player info update for unknown player a4dce049-a2be-3d7c-a4be-2f48ecd8fab7 ([UPDATE_GAME_MODE])
[12:32:33] [Render thread/WARN] (Minecraft) Ignoring player info update for unknown player 57297e3d-d700-3d7a-9a7d-60dfbc3c4a9c ([UPDATE_GAME_MODE])
[12:32:33] [Render thread/WARN] (Minecraft) Ignoring player info update for unknown player 57297e3d-d700-3d7a-9a7d-60dfbc3c4a9c ([UPDATE_GAME_MODE])
[12:32:33] [Render thread/WARN] (Minecraft) Ignoring player info update for unknown player 57297e3d-d700-3d7a-9a7d-60dfbc3c4a9c ([UPDATE_GAME_MODE])
[12:32:33] [Render thread/WARN] (Minecraft) Ignoring player info update for unknown player 57297e3d-d700-3d7a-9a7d-60dfbc3c4a9c ([UPDATE_GAME_MODE])
[12:32:33] [Render thread/WARN] (Minecraft) Ignoring player info update for unknown player 57297e3d-d700-3d7a-9a7d-60dfbc3c4a9c ([UPDATE_GAME_MODE])
[12:32:33] [Render thread/WARN] (Minecraft) Ignoring player info update for unknown player 57297e3d-d700-3d7a-9a7d-60dfbc3c4a9c ([UPDATE_GAME_MODE])
[12:32:33] [Render thread/WARN] (Minecraft) Ignoring player info update for unknown player 57297e3d-d700-3d7a-9a7d-60dfbc3c4a9c ([UPDATE_GAME_MODE])
[12:32:33] [Render thread/WARN] (Minecraft) Ignoring player info update for unknown player 57297e3d-d700-3d7a-9a7d-60dfbc3c4a9c ([UPDATE_GAME_MODE])
[12:32:33] [Render thread/INFO] (Minecraft) [System] [CHAT] 
[12:32:33] [Render thread/INFO] (Minecraft) [System] [CHAT]  ⚡ Наш ТГ бот t.me/spookytimebot
[12:32:33] [Render thread/INFO] (Minecraft) [System] [CHAT] 
[12:32:36] [Render thread/WARN] (Minecraft) Ignoring player info update for unknown player 7a4d00c5-bd2b-37ab-ad70-671b06100b02 ([UPDATE_GAME_MODE])
[12:32:36] [Render thread/WARN] (Minecraft) Ignoring player info update for unknown player 7a4d00c5-bd2b-37ab-ad70-671b06100b02 ([UPDATE_GAME_MODE])
[12:32:36] [Render thread/WARN] (Minecraft) Ignoring player info update for unknown player 7a4d00c5-bd2b-37ab-ad70-671b06100b02 ([UPDATE_GAME_MODE])
[12:32:36] [Render thread/WARN] (Minecraft) Ignoring player info update for unknown player 7a4d00c5-bd2b-37ab-ad70-671b06100b02 ([UPDATE_GAME_MODE])
[12:32:36] [Render thread/INFO] (Minecraft) [System] [CHAT] [Delta 1.21.4] » §7Вы находитесь не в хабе SpookyTime, а значит модуль выключается!
[12:32:38] [Render thread/INFO] (Minecraft) Loaded 0 advancements
[12:32:41] [Render thread/INFO] (Minecraft) [System] [CHAT] Ⓖ [Игрок] oblivionvolcano4 ⇨ спкк
[12:32:42] [Render thread/WARN] (Minecraft) Ignoring player info update for unknown player 9be2a5a2-384c-37ac-9992-310db5d6572b ([UPDATE_GAME_MODE])
[12:32:42] [Render thread/WARN] (Minecraft) Ignoring player info update for unknown player 9be2a5a2-384c-37ac-9992-310db5d6572b ([UPDATE_GAME_MODE])
[12:32:42] [Render thread/WARN] (Minecraft) Ignoring player info update for unknown player 9be2a5a2-384c-37ac-9992-310db5d6572b ([UPDATE_GAME_MODE])
[12:32:42] [Render thread/WARN] (Minecraft) Ignoring player info update for unknown player 9be2a5a2-384c-37ac-9992-310db5d6572b ([UPDATE_GAME_MODE])
[12:32:42] [Render thread/WARN] (Minecraft) Ignoring player info update for unknown player daaa5022-8279-3c43-b210-76abcc762439 ([UPDATE_GAME_MODE])
[12:32:42] [Render thread/WARN] (Minecraft) Ignoring player info update for unknown player daaa5022-8279-3c43-b210-76abcc762439 ([UPDATE_GAME_MODE])
[12:32:42] [Render thread/WARN] (Minecraft) Ignoring player info update for unknown player 8d4d23b5-13ca-348e-8291-70a3785d0a83 ([UPDATE_GAME_MODE])
[12:32:42] [Render thread/WARN] (Minecraft) Ignoring player info update for unknown player 8d4d23b5-13ca-348e-8291-70a3785d0a83 ([UPDATE_GAME_MODE])
[12:32:42] [Render thread/WARN] (Minecraft) Ignoring player info update for unknown player 03d2696c-491e-3871-962c-12fed8e152d3 ([UPDATE_GAME_MODE])
[12:32:42] [Render thread/WARN] (Minecraft) Ignoring player info update for unknown player 03d2696c-491e-3871-962c-12fed8e152d3 ([UPDATE_GAME_MODE])
[12:32:42] [Render thread/WARN] (Minecraft) Ignoring player info update for unknown player 03d2696c-491e-3871-962c-12fed8e152d3 ([UPDATE_GAME_MODE])
[12:32:42] [Render thread/WARN] (Minecraft) Ignoring player info update for unknown player 03d2696c-491e-3871-962c-12fed8e152d3 ([UPDATE_GAME_MODE])
[12:32:43] [Render thread/INFO] (Minecraft) [System] [CHAT] Ⓖ [Игрок] oblivionvolcano4 ⇨ спек
[12:32:43] [Render thread/WARN] (Minecraft) Ignoring player info update for unknown player 13953aee-823c-3b90-a98c-102ee667b66a ([UPDATE_GAME_MODE])
[12:32:43] [Render thread/WARN] (Minecraft) Ignoring player info update for unknown player 13953aee-823c-3b90-a98c-102ee667b66a ([UPDATE_GAME_MODE])
[12:32:43] [Render thread/WARN] (Minecraft) Ignoring player info update for unknown player 13953aee-823c-3b90-a98c-102ee667b66a ([UPDATE_GAME_MODE])
[12:32:43] [Render thread/WARN] (Minecraft) Ignoring player info update for unknown player 13953aee-823c-3b90-a98c-102ee667b66a ([UPDATE_GAME_MODE])
[12:32:43] [Render thread/WARN] (Minecraft) Ignoring player info update for unknown player 061217a0-de07-3c68-8888-be906ade096c ([UPDATE_GAME_MODE])
[12:32:43] [Render thread/WARN] (Minecraft) Ignoring player info update for unknown player 061217a0-de07-3c68-8888-be906ade096c ([UPDATE_GAME_MODE])
[12:32:43] [Render thread/WARN] (Minecraft) Ignoring player info update for unknown player 061217a0-de07-3c68-8888-be906ade096c ([UPDATE_GAME_MODE])
[12:32:43] [Render thread/WARN] (Minecraft) Ignoring player info update for unknown player 061217a0-de07-3c68-8888-be906ade096c ([UPDATE_GAME_MODE])
[12:32:43] [Render thread/INFO] (Minecraft) [System] [CHAT] [Дуэли] Прекратите спамить!
[12:32:43] [Render thread/INFO] (Minecraft) [System] [CHAT] Вы были кикнуты с сервера 1duels: \nInvalid movement packets
[12:32:59] [Download-3/WARN] (Minecraft) Failed to load texture for profile 53e0ba1a-eddd-3026-8acb-55b122e9f91c
java.util.concurrent.CompletionException: java.io.UncheckedIOException: java.net.ConnectException: Connection timed out: connect
	at java.base/java.util.concurrent.CompletableFuture.encodeThrowable(CompletableFuture.java:315) ~[?:?]
	at java.base/java.util.concurrent.CompletableFuture.completeThrowable(CompletableFuture.java:320) ~[?:?]
	at java.base/java.util.concurrent.CompletableFuture$AsyncSupply.run$$$capture(CompletableFuture.java:1770) ~[?:?]
	at java.base/java.util.concurrent.CompletableFuture$AsyncSupply.run(CompletableFuture.java) ~[?:?]
	at java.base/java.util.concurrent.ThreadPoolExecutor.runWorker(ThreadPoolExecutor.java:1144) ~[?:?]
	at java.base/java.util.concurrent.ThreadPoolExecutor$Worker.run(ThreadPoolExecutor.java:642) ~[?:?]
	at java.base/java.lang.Thread.run(Thread.java:1583) [?:?]
Caused by: java.io.UncheckedIOException: java.net.ConnectException: Connection timed out: connect
	at knot/net.minecraft.client.texture.PlayerSkinTextureDownloader.method_65866(PlayerSkinTextureDownloader.java:33) ~[minecraft-merged-8137bcb425-1.21.4-net.fabricmc.yarn.1_21_4.1.21.4+build.8-v2.jar:?]
	at java.base/java.util.concurrent.CompletableFuture$AsyncSupply.run$$$capture(CompletableFuture.java:1768) ~[?:?]
	... 4 more
Caused by: java.net.ConnectException: Connection timed out: connect
	at java.base/sun.nio.ch.Net.connect0(Native Method) ~[?:?]
	at java.base/sun.nio.ch.Net.connect(Net.java:597) ~[?:?]
	at java.base/sun.nio.ch.Net.connect(Net.java:586) ~[?:?]
	at java.base/sun.nio.ch.NioSocketImpl.connect(NioSocketImpl.java:583) ~[?:?]
	at java.base/java.net.Socket.connect(Socket.java:751) ~[?:?]
	at java.base/java.net.Socket.connect(Socket.java:686) ~[?:?]
	at java.base/sun.net.NetworkClient.doConnect(NetworkClient.java:183) ~[?:?]
	at java.base/sun.net.www.http.HttpClient.openServer(HttpClient.java:531) ~[?:?]
	at java.base/sun.net.www.http.HttpClient.openServer(HttpClient.java:636) ~[?:?]
	at java.base/sun.net.www.http.HttpClient.<init>(HttpClient.java:282) ~[?:?]
	at java.base/sun.net.www.http.HttpClient.New(HttpClient.java:386) ~[?:?]
	at java.base/sun.net.www.http.HttpClient.New(HttpClient.java:408) ~[?:?]
	at java.base/sun.net.www.protocol.http.HttpURLConnection.getNewHttpClient(HttpURLConnection.java:1320) ~[?:?]
	at java.base/sun.net.www.protocol.http.HttpURLConnection.plainConnect0(HttpURLConnection.java:1298) ~[?:?]
	at java.base/sun.net.www.protocol.http.HttpURLConnection.plainConnect(HttpURLConnection.java:1139) ~[?:?]
	at java.base/sun.net.www.protocol.http.HttpURLConnection.connect(HttpURLConnection.java:1068) ~[?:?]
	at knot/net.minecraft.client.texture.PlayerSkinTextureDownloader.download(PlayerSkinTextureDownloader.java:55) ~[minecraft-merged-8137bcb425-1.21.4-net.fabricmc.yarn.1_21_4.1.21.4+build.8-v2.jar:?]
	at knot/net.minecraft.client.texture.PlayerSkinTextureDownloader.method_65866(PlayerSkinTextureDownloader.java:31) ~[minecraft-merged-8137bcb425-1.21.4-net.fabricmc.yarn.1_21_4.1.21.4+build.8-v2.jar:?]
	at java.base/java.util.concurrent.CompletableFuture$AsyncSupply.run$$$capture(CompletableFuture.java:1768) ~[?:?]
	... 4 more
[12:32:59] [Download-4/WARN] (Minecraft) Failed to load texture for profile c524e896-fe4b-357e-9705-c0cc6223f641
java.util.concurrent.CompletionException: java.io.UncheckedIOException: java.net.ConnectException: Connection timed out: connect
	at java.base/java.util.concurrent.CompletableFuture.encodeThrowable(CompletableFuture.java:315) ~[?:?]
	at java.base/java.util.concurrent.CompletableFuture.completeThrowable(CompletableFuture.java:320) ~[?:?]
	at java.base/java.util.concurrent.CompletableFuture$AsyncSupply.run$$$capture(CompletableFuture.java:1770) ~[?:?]
	at java.base/java.util.concurrent.CompletableFuture$AsyncSupply.run(CompletableFuture.java) ~[?:?]
	at java.base/java.util.concurrent.ThreadPoolExecutor.runWorker(ThreadPoolExecutor.java:1144) ~[?:?]
	at java.base/java.util.concurrent.ThreadPoolExecutor$Worker.run(ThreadPoolExecutor.java:642) ~[?:?]
	at java.base/java.lang.Thread.run(Thread.java:1583) [?:?]
Caused by: java.io.UncheckedIOException: java.net.ConnectException: Connection timed out: connect
	at knot/net.minecraft.client.texture.PlayerSkinTextureDownloader.method_65866(PlayerSkinTextureDownloader.java:33) ~[minecraft-merged-8137bcb425-1.21.4-net.fabricmc.yarn.1_21_4.1.21.4+build.8-v2.jar:?]
	at java.base/java.util.concurrent.CompletableFuture$AsyncSupply.run$$$capture(CompletableFuture.java:1768) ~[?:?]
	... 4 more
Caused by: java.net.ConnectException: Connection timed out: connect
	at java.base/sun.nio.ch.Net.connect0(Native Method) ~[?:?]
	at java.base/sun.nio.ch.Net.connect(Net.java:597) ~[?:?]
	at java.base/sun.nio.ch.Net.connect(Net.java:586) ~[?:?]
	at java.base/sun.nio.ch.NioSocketImpl.connect(NioSocketImpl.java:583) ~[?:?]
	at java.base/java.net.Socket.connect(Socket.java:751) ~[?:?]
	at java.base/java.net.Socket.connect(Socket.java:686) ~[?:?]
	at java.base/sun.net.NetworkClient.doConnect(NetworkClient.java:183) ~[?:?]
	at java.base/sun.net.www.http.HttpClient.openServer(HttpClient.java:531) ~[?:?]
	at java.base/sun.net.www.http.HttpClient.openServer(HttpClient.java:636) ~[?:?]
	at java.base/sun.net.www.http.HttpClient.<init>(HttpClient.java:282) ~[?:?]
	at java.base/sun.net.www.http.HttpClient.New(HttpClient.java:386) ~[?:?]
	at java.base/sun.net.www.http.HttpClient.New(HttpClient.java:408) ~[?:?]
	at java.base/sun.net.www.protocol.http.HttpURLConnection.getNewHttpClient(HttpURLConnection.java:1320) ~[?:?]
	at java.base/sun.net.www.protocol.http.HttpURLConnection.plainConnect0(HttpURLConnection.java:1298) ~[?:?]
	at java.base/sun.net.www.protocol.http.HttpURLConnection.plainConnect(HttpURLConnection.java:1139) ~[?:?]
	at java.base/sun.net.www.protocol.http.HttpURLConnection.connect(HttpURLConnection.java:1068) ~[?:?]
	at knot/net.minecraft.client.texture.PlayerSkinTextureDownloader.download(PlayerSkinTextureDownloader.java:55) ~[minecraft-merged-8137bcb425-1.21.4-net.fabricmc.yarn.1_21_4.1.21.4+build.8-v2.jar:?]
	at knot/net.minecraft.client.texture.PlayerSkinTextureDownloader.method_65866(PlayerSkinTextureDownloader.java:31) ~[minecraft-merged-8137bcb425-1.21.4-net.fabricmc.yarn.1_21_4.1.21.4+build.8-v2.jar:?]
	at java.base/java.util.concurrent.CompletableFuture$AsyncSupply.run$$$capture(CompletableFuture.java:1768) ~[?:?]
	... 4 more
[12:33:13] [Render thread/WARN] (Minecraft) Client disconnected with reason: ReadTimeoutException : null
[12:34:01] [Render thread/INFO] (Minecraft) Connecting to mc.spookytime.net, 25565
[12:34:02] [Render thread/INFO] (Minecraft) [System] [CHAT] [✾] Успешная авторизация! Приятной игры!
[12:34:02] [Render thread/INFO] (Minecraft) [System] [CHAT]  ╔═════ ★ SpookyTime.net ★ ═══╗\n ║\n ║ Добро пожаловать на SpookyTime\n ║ Наши социальные сети - /links\n ║ Приятной игры и новых побед!\n ║\n ╚═════════════════════╝
[12:34:02] [Netty Client IO #4/WARN] (fabric-networking-api-v1) Received invalid channel identifier "legacy:minecraft:brand"
[12:34:02] [Netty Client IO #4/WARN] (fabric-networking-api-v1) Received invalid channel identifier "legacy:mc|brand"
[12:34:02] [Render thread/WARN] (Minecraft) Ignoring player info update for unknown player f32fdf0a-24a6-3a36-afcb-8c1dc8735ee0 ([UPDATE_GAME_MODE])
[12:34:02] [Render thread/WARN] (Minecraft) Ignoring player info update for unknown player f32fdf0a-24a6-3a36-afcb-8c1dc8735ee0 ([UPDATE_GAME_MODE])
[12:34:02] [Render thread/WARN] (Minecraft) Ignoring player info update for unknown player f32fdf0a-24a6-3a36-afcb-8c1dc8735ee0 ([UPDATE_GAME_MODE])
[12:34:02] [Render thread/WARN] (Minecraft) Ignoring player info update for unknown player f32fdf0a-24a6-3a36-afcb-8c1dc8735ee0 ([UPDATE_GAME_MODE])
[12:34:02] [Render thread/INFO] (Minecraft) Loaded 0 advancements
[12:34:05] [Render thread/INFO] (Minecraft) [System] [CHAT] ** ! Внимание !\n** Чтобы ваш Аккаунт был в БЕЗОПАСНОСТИ!\n** Привяжите его к ВК: /vk\n** Или к Телеграм: /tg\n\n** ! Внимание !\n** Чтобы ваш Аккаунт был в БЕЗОПАСНОСТИ!\n** Привяжите его к ВК: /vk\n** Или к Телеграм: /tg
[12:34:08] [Render thread/WARN] (Minecraft) Failed to load texture for profile 53e0ba1a-eddd-3026-8acb-55b122e9f91c
java.util.concurrent.CompletionException: java.io.UncheckedIOException: java.net.ConnectException: Connection timed out: connect
	at java.base/java.util.concurrent.CompletableFuture.encodeThrowable(CompletableFuture.java:315) ~[?:?]
	at java.base/java.util.concurrent.CompletableFuture.completeThrowable(CompletableFuture.java:320) ~[?:?]
	at java.base/java.util.concurrent.CompletableFuture$AsyncSupply.run$$$capture(CompletableFuture.java:1770) ~[?:?]
	at java.base/java.util.concurrent.CompletableFuture$AsyncSupply.run(CompletableFuture.java) ~[?:?]
	at java.base/java.util.concurrent.ThreadPoolExecutor.runWorker(ThreadPoolExecutor.java:1144) ~[?:?]
	at java.base/java.util.concurrent.ThreadPoolExecutor$Worker.run(ThreadPoolExecutor.java:642) ~[?:?]
	at java.base/java.lang.Thread.run(Thread.java:1583) ~[?:?]
Caused by: java.io.UncheckedIOException: java.net.ConnectException: Connection timed out: connect
	at knot/net.minecraft.client.texture.PlayerSkinTextureDownloader.method_65866(PlayerSkinTextureDownloader.java:33) ~[minecraft-merged-8137bcb425-1.21.4-net.fabricmc.yarn.1_21_4.1.21.4+build.8-v2.jar:?]
	at java.base/java.util.concurrent.CompletableFuture$AsyncSupply.run$$$capture(CompletableFuture.java:1768) ~[?:?]
	... 4 more
Caused by: java.net.ConnectException: Connection timed out: connect
	at java.base/sun.nio.ch.Net.connect0(Native Method) ~[?:?]
	at java.base/sun.nio.ch.Net.connect(Net.java:597) ~[?:?]
	at java.base/sun.nio.ch.Net.connect(Net.java:586) ~[?:?]
	at java.base/sun.nio.ch.NioSocketImpl.connect(NioSocketImpl.java:583) ~[?:?]
	at java.base/java.net.Socket.connect(Socket.java:751) ~[?:?]
	at java.base/java.net.Socket.connect(Socket.java:686) ~[?:?]
	at java.base/sun.net.NetworkClient.doConnect(NetworkClient.java:183) ~[?:?]
	at java.base/sun.net.www.http.HttpClient.openServer(HttpClient.java:531) ~[?:?]
	at java.base/sun.net.www.http.HttpClient.openServer(HttpClient.java:636) ~[?:?]
	at java.base/sun.net.www.http.HttpClient.<init>(HttpClient.java:282) ~[?:?]
	at java.base/sun.net.www.http.HttpClient.New(HttpClient.java:386) ~[?:?]
	at java.base/sun.net.www.http.HttpClient.New(HttpClient.java:408) ~[?:?]
	at java.base/sun.net.www.protocol.http.HttpURLConnection.getNewHttpClient(HttpURLConnection.java:1320) ~[?:?]
	at java.base/sun.net.www.protocol.http.HttpURLConnection.plainConnect0(HttpURLConnection.java:1298) ~[?:?]
	at java.base/sun.net.www.protocol.http.HttpURLConnection.plainConnect(HttpURLConnection.java:1139) ~[?:?]
	at java.base/sun.net.www.protocol.http.HttpURLConnection.connect(HttpURLConnection.java:1068) ~[?:?]
	at knot/net.minecraft.client.texture.PlayerSkinTextureDownloader.download(PlayerSkinTextureDownloader.java:55) ~[minecraft-merged-8137bcb425-1.21.4-net.fabricmc.yarn.1_21_4.1.21.4+build.8-v2.jar:?]
	at knot/net.minecraft.client.texture.PlayerSkinTextureDownloader.method_65866(PlayerSkinTextureDownloader.java:31) ~[minecraft-merged-8137bcb425-1.21.4-net.fabricmc.yarn.1_21_4.1.21.4+build.8-v2.jar:?]
	at java.base/java.util.concurrent.CompletableFuture$AsyncSupply.run$$$capture(CompletableFuture.java:1768) ~[?:?]
	... 4 more
[12:34:08] [Render thread/INFO] (Minecraft) Loaded 0 advancements
[12:34:10] [Render thread/INFO] (Minecraft) [System] [CHAT] [Дуэли] Ожидание противника... (Набор: Сфера Хаоса)
[12:34:11] [Render thread/WARN] (Minecraft) Ignoring player info update for unknown player 6c24cf0e-61ab-3888-b752-89d0edf3656d ([UPDATE_GAME_MODE])
[12:34:11] [Render thread/WARN] (Minecraft) Ignoring player info update for unknown player 6c24cf0e-61ab-3888-b752-89d0edf3656d ([UPDATE_GAME_MODE])
[12:34:11] [Render thread/WARN] (Minecraft) Ignoring player info update for unknown player 6c24cf0e-61ab-3888-b752-89d0edf3656d ([UPDATE_GAME_MODE])
[12:34:11] [Render thread/WARN] (Minecraft) Ignoring player info update for unknown player 6c24cf0e-61ab-3888-b752-89d0edf3656d ([UPDATE_GAME_MODE])
[12:34:14] [Render thread/WARN] (Minecraft) Ignoring player info update for unknown player 49caebd0-40aa-3737-a53f-e2d19771d1cb ([UPDATE_GAME_MODE])
[12:34:14] [Render thread/WARN] (Minecraft) Ignoring player info update for unknown player 49caebd0-40aa-3737-a53f-e2d19771d1cb ([UPDATE_GAME_MODE])
[12:34:14] [Render thread/WARN] (Minecraft) Ignoring player info update for unknown player 49caebd0-40aa-3737-a53f-e2d19771d1cb ([UPDATE_GAME_MODE])
[12:34:14] [Render thread/WARN] (Minecraft) Ignoring player info update for unknown player 49caebd0-40aa-3737-a53f-e2d19771d1cb ([UPDATE_GAME_MODE])
[12:34:17] [Render thread/WARN] (Minecraft) Received passengers for unknown entity
[12:34:17] [Render thread/INFO] (Minecraft) [System] [CHAT] [Дуэли] Режим боя будет включен через 4 секунд.
[12:34:17] [Render thread/WARN] (Minecraft) Ignoring player info update for unknown player d459cb09-5322-3728-aa33-8dc6e3cc1b94 ([UPDATE_GAME_MODE])
[12:34:17] [Render thread/WARN] (Minecraft) Ignoring player info update for unknown player d459cb09-5322-3728-aa33-8dc6e3cc1b94 ([UPDATE_GAME_MODE])
[12:34:17] [Render thread/WARN] (Minecraft) Ignoring player info update for unknown player d459cb09-5322-3728-aa33-8dc6e3cc1b94 ([UPDATE_GAME_MODE])
[12:34:17] [Render thread/WARN] (Minecraft) Ignoring player info update for unknown player d459cb09-5322-3728-aa33-8dc6e3cc1b94 ([UPDATE_GAME_MODE])
[12:34:18] [Render thread/INFO] (Minecraft) [System] [CHAT] [Дуэли] Режим боя будет включен через 3 секунд.
[12:34:19] [Render thread/INFO] (Minecraft) [System] [CHAT] [Дуэли] Режим боя будет включен через 2 секунд.
[12:34:20] [Render thread/INFO] (Minecraft) [System] [CHAT] [Дуэли] Режим боя будет включен через 1 секунд.
[12:34:21] [Render thread/INFO] (Minecraft) [System] [CHAT] [Дуэли] Режим боя включен, в атаку!
[12:34:23] [Render thread/INFO] (Minecraft) [System] [CHAT] [Delta 1.21.4] » §7§cЗаряд ветра§7 - нет в инвентаре
[12:34:25] [Render thread/WARN] (Minecraft) Ignoring player info update for unknown player a7d61fc8-d071-3624-8cec-944066b9e901 ([UPDATE_GAME_MODE])
[12:34:25] [Render thread/WARN] (Minecraft) Ignoring player info update for unknown player a7d61fc8-d071-3624-8cec-944066b9e901 ([UPDATE_GAME_MODE])
[12:34:26] [Render thread/INFO] (Minecraft) [System] [CHAT] [Use Tracker] » §7fdfdfed использовал "§cЗачарованное золотое яблоко§7"
[12:34:29] [Render thread/WARN] (Minecraft) Ignoring player info update for unknown player 0a3817c7-cade-3ff0-8022-b1c4fc96427b ([UPDATE_GAME_MODE])
[12:34:29] [Render thread/WARN] (Minecraft) Ignoring player info update for unknown player 0a3817c7-cade-3ff0-8022-b1c4fc96427b ([UPDATE_GAME_MODE])
[12:34:29] [Render thread/WARN] (Minecraft) Ignoring player info update for unknown player 0a3817c7-cade-3ff0-8022-b1c4fc96427b ([UPDATE_GAME_MODE])
[12:34:29] [Render thread/WARN] (Minecraft) Ignoring player info update for unknown player 0a3817c7-cade-3ff0-8022-b1c4fc96427b ([UPDATE_GAME_MODE])
[12:34:34] [Render thread/WARN] (Minecraft) Ignoring player info update for unknown player 7710a750-fc81-3e54-9237-ba54327d646e ([UPDATE_GAME_MODE])
[12:34:34] [Render thread/WARN] (Minecraft) Ignoring player info update for unknown player 7710a750-fc81-3e54-9237-ba54327d646e ([UPDATE_GAME_MODE])
[12:34:34] [Render thread/WARN] (Minecraft) Ignoring player info update for unknown player 7710a750-fc81-3e54-9237-ba54327d646e ([UPDATE_GAME_MODE])
[12:34:34] [Render thread/WARN] (Minecraft) Ignoring player info update for unknown player 7710a750-fc81-3e54-9237-ba54327d646e ([UPDATE_GAME_MODE])
[12:34:38] [Render thread/WARN] (Minecraft) Ignoring player info update for unknown player 52cae708-3c13-3987-b7f8-01f640c2dce1 ([UPDATE_GAME_MODE])
[12:34:38] [Render thread/WARN] (Minecraft) Ignoring player info update for unknown player 52cae708-3c13-3987-b7f8-01f640c2dce1 ([UPDATE_GAME_MODE])
[12:34:38] [Render thread/WARN] (Minecraft) Ignoring player info update for unknown player 52cae708-3c13-3987-b7f8-01f640c2dce1 ([UPDATE_GAME_MODE])
[12:34:38] [Render thread/WARN] (Minecraft) Ignoring player info update for unknown player 52cae708-3c13-3987-b7f8-01f640c2dce1 ([UPDATE_GAME_MODE])
[12:34:39] [Render thread/WARN] (Minecraft) Ignoring player info update for unknown player 86e28156-8d1a-3a84-a1f8-2e0d15207c00 ([UPDATE_GAME_MODE])
[12:34:39] [Render thread/WARN] (Minecraft) Ignoring player info update for unknown player 86e28156-8d1a-3a84-a1f8-2e0d15207c00 ([UPDATE_GAME_MODE])
[12:34:39] [Render thread/WARN] (Minecraft) Ignoring player info update for unknown player 86e28156-8d1a-3a84-a1f8-2e0d15207c00 ([UPDATE_GAME_MODE])
[12:34:39] [Render thread/WARN] (Minecraft) Ignoring player info update for unknown player 86e28156-8d1a-3a84-a1f8-2e0d15207c00 ([UPDATE_GAME_MODE])
[12:34:41] [Render thread/WARN] (Minecraft) Ignoring player info update for unknown player 9373c04d-0dec-3014-be9d-232ca5378a36 ([UPDATE_GAME_MODE])
[12:34:41] [Render thread/WARN] (Minecraft) Ignoring player info update for unknown player 9373c04d-0dec-3014-be9d-232ca5378a36 ([UPDATE_GAME_MODE])
[12:34:41] [Render thread/WARN] (Minecraft) Ignoring player info update for unknown player 9373c04d-0dec-3014-be9d-232ca5378a36 ([UPDATE_GAME_MODE])
[12:34:41] [Render thread/WARN] (Minecraft) Ignoring player info update for unknown player 9373c04d-0dec-3014-be9d-232ca5378a36 ([UPDATE_GAME_MODE])
[12:34:42] [Render thread/WARN] (Minecraft) Ignoring player info update for unknown player eb071512-b7ab-35df-9b49-76ec74c3c989 ([UPDATE_GAME_MODE])
[12:34:42] [Render thread/WARN] (Minecraft) Ignoring player info update for unknown player eb071512-b7ab-35df-9b49-76ec74c3c989 ([UPDATE_GAME_MODE])
[12:34:45] [Render thread/WARN] (Minecraft) Ignoring player info update for unknown player bd5be336-2bd4-3cb5-9fb8-aabd6bbfe240 ([UPDATE_GAME_MODE])
[12:34:45] [Render thread/WARN] (Minecraft) Ignoring player info update for unknown player bd5be336-2bd4-3cb5-9fb8-aabd6bbfe240 ([UPDATE_GAME_MODE])
[12:34:45] [Render thread/WARN] (Minecraft) Ignoring player info update for unknown player bd5be336-2bd4-3cb5-9fb8-aabd6bbfe240 ([UPDATE_GAME_MODE])
[12:34:45] [Render thread/WARN] (Minecraft) Ignoring player info update for unknown player bd5be336-2bd4-3cb5-9fb8-aabd6bbfe240 ([UPDATE_GAME_MODE])
[12:34:49] [Render thread/WARN] (Minecraft) Ignoring player info update for unknown player 15ec6adb-2e50-3139-9ef3-957e9f0c0f30 ([UPDATE_GAME_MODE])
[12:34:49] [Render thread/WARN] (Minecraft) Ignoring player info update for unknown player 15ec6adb-2e50-3139-9ef3-957e9f0c0f30 ([UPDATE_GAME_MODE])
[12:34:49] [Render thread/WARN] (Minecraft) Ignoring player info update for unknown player 15ec6adb-2e50-3139-9ef3-957e9f0c0f30 ([UPDATE_GAME_MODE])
[12:34:49] [Render thread/WARN] (Minecraft) Ignoring player info update for unknown player 15ec6adb-2e50-3139-9ef3-957e9f0c0f30 ([UPDATE_GAME_MODE])
[12:34:51] [Render thread/WARN] (Minecraft) Ignoring player info update for unknown player 6db8b7d0-3d6a-3c74-bb32-a716e987ae9b ([UPDATE_GAME_MODE])
[12:34:51] [Render thread/WARN] (Minecraft) Ignoring player info update for unknown player 6db8b7d0-3d6a-3c74-bb32-a716e987ae9b ([UPDATE_GAME_MODE])
[12:34:51] [Render thread/WARN] (Minecraft) Ignoring player info update for unknown player 6db8b7d0-3d6a-3c74-bb32-a716e987ae9b ([UPDATE_GAME_MODE])
[12:34:51] [Render thread/WARN] (Minecraft) Ignoring player info update for unknown player 6db8b7d0-3d6a-3c74-bb32-a716e987ae9b ([UPDATE_GAME_MODE])
[12:34:51] [Render thread/WARN] (Minecraft) Ignoring player info update for unknown player 4d7a4cec-954f-3052-99cb-20a4b6b7e8f0 ([UPDATE_GAME_MODE])
[12:34:51] [Render thread/WARN] (Minecraft) Ignoring player info update for unknown player 4d7a4cec-954f-3052-99cb-20a4b6b7e8f0 ([UPDATE_GAME_MODE])
[12:34:51] [Render thread/WARN] (Minecraft) Ignoring player info update for unknown player 4d7a4cec-954f-3052-99cb-20a4b6b7e8f0 ([UPDATE_GAME_MODE])
[12:34:51] [Render thread/WARN] (Minecraft) Ignoring player info update for unknown player 4d7a4cec-954f-3052-99cb-20a4b6b7e8f0 ([UPDATE_GAME_MODE])
[12:34:53] [Render thread/WARN] (Minecraft) Ignoring player info update for unknown player 609373c9-f459-3494-985f-0c8d5220aa90 ([UPDATE_GAME_MODE])
[12:34:53] [Render thread/WARN] (Minecraft) Ignoring player info update for unknown player 609373c9-f459-3494-985f-0c8d5220aa90 ([UPDATE_GAME_MODE])
[12:34:53] [Render thread/WARN] (Minecraft) Ignoring player info update for unknown player 609373c9-f459-3494-985f-0c8d5220aa90 ([UPDATE_GAME_MODE])
[12:34:53] [Render thread/WARN] (Minecraft) Ignoring player info update for unknown player 609373c9-f459-3494-985f-0c8d5220aa90 ([UPDATE_GAME_MODE])
[12:34:54] [Render thread/WARN] (Minecraft) Ignoring player info update for unknown player 986faa1a-9d28-31bf-86b5-fc78ebdd86df ([UPDATE_GAME_MODE])
[12:34:54] [Render thread/WARN] (Minecraft) Ignoring player info update for unknown player 986faa1a-9d28-31bf-86b5-fc78ebdd86df ([UPDATE_GAME_MODE])
[12:34:58] [Render thread/WARN] (Minecraft) Ignoring player info update for unknown player 78d7de75-f824-319a-8dcc-f782b8f4b2b2 ([UPDATE_GAME_MODE])
[12:34:58] [Render thread/WARN] (Minecraft) Ignoring player info update for unknown player 78d7de75-f824-319a-8dcc-f782b8f4b2b2 ([UPDATE_GAME_MODE])
[12:34:58] [Render thread/WARN] (Minecraft) Ignoring player info update for unknown player 78d7de75-f824-319a-8dcc-f782b8f4b2b2 ([UPDATE_GAME_MODE])
[12:34:58] [Render thread/WARN] (Minecraft) Ignoring player info update for unknown player 78d7de75-f824-319a-8dcc-f782b8f4b2b2 ([UPDATE_GAME_MODE])
[12:34:59] [Render thread/INFO] (Minecraft) [System] [CHAT] [Delta 1.21.4] » §7false
[12:34:59] [Render thread/WARN] (Minecraft) Ignoring player info update for unknown player 3e66db93-d50a-31ad-9b1f-a53e283352e6 ([UPDATE_GAME_MODE])
[12:34:59] [Render thread/WARN] (Minecraft) Ignoring player info update for unknown player 3e66db93-d50a-31ad-9b1f-a53e283352e6 ([UPDATE_GAME_MODE])
[12:34:59] [Render thread/WARN] (Minecraft) Ignoring player info update for unknown player 3e66db93-d50a-31ad-9b1f-a53e283352e6 ([UPDATE_GAME_MODE])
[12:34:59] [Render thread/WARN] (Minecraft) Ignoring player info update for unknown player 3e66db93-d50a-31ad-9b1f-a53e283352e6 ([UPDATE_GAME_MODE])
[12:34:59] [Render thread/INFO] (Minecraft) [System] [CHAT] [Use Tracker] » §7fdfdfed использовал "§aЗелье§7"
[12:35:00] [Render thread/WARN] (Minecraft) Ignoring player info update for unknown player a2bde171-3fa0-3ae2-bfbb-81e81e76ffc8 ([UPDATE_GAME_MODE])
[12:35:00] [Render thread/WARN] (Minecraft) Ignoring player info update for unknown player a2bde171-3fa0-3ae2-bfbb-81e81e76ffc8 ([UPDATE_GAME_MODE])
[12:35:02] [Render thread/INFO] (Minecraft) [System] [CHAT] [Use Tracker] » §7fdfdfed использовал "§cЗолотая морковь§7"
[12:35:07] [Render thread/INFO] (Minecraft) [System] [CHAT] ╔
[12:35:07] [Render thread/INFO] (Minecraft) [System] [CHAT] ╠          ! ГОЛОСОВОЙ ЧАТ !
[12:35:07] [Render thread/INFO] (Minecraft) [System] [CHAT] ╠ Теперь на сервере можно говорить!
[12:35:07] [Render thread/INFO] (Minecraft) [System] [CHAT] ╠ Подробная информация /voice
[12:35:07] [Render thread/INFO] (Minecraft) [System] [CHAT] ╚
[12:35:09] [Render thread/WARN] (Minecraft) Ignoring player info update for unknown player 71d9c4af-aa75-3139-b421-a8b43a8776c2 ([UPDATE_GAME_MODE])
[12:35:09] [Render thread/WARN] (Minecraft) Ignoring player info update for unknown player 71d9c4af-aa75-3139-b421-a8b43a8776c2 ([UPDATE_GAME_MODE])
[12:35:09] [Render thread/WARN] (Minecraft) Ignoring player info update for unknown player 7b14b9ca-9b94-3da0-9323-d768dc231887 ([UPDATE_GAME_MODE])
[12:35:09] [Render thread/WARN] (Minecraft) Ignoring player info update for unknown player 7b14b9ca-9b94-3da0-9323-d768dc231887 ([UPDATE_GAME_MODE])
[12:35:09] [Render thread/WARN] (Minecraft) Ignoring player info update for unknown player 7b14b9ca-9b94-3da0-9323-d768dc231887 ([UPDATE_GAME_MODE])
[12:35:09] [Render thread/WARN] (Minecraft) Ignoring player info update for unknown player 7b14b9ca-9b94-3da0-9323-d768dc231887 ([UPDATE_GAME_MODE])
[12:35:17] [Render thread/WARN] (Minecraft) Ignoring player info update for unknown player 92814820-e206-3a5e-ae7e-150b075cadab ([UPDATE_GAME_MODE])
[12:35:17] [Render thread/WARN] (Minecraft) Ignoring player info update for unknown player 92814820-e206-3a5e-ae7e-150b075cadab ([UPDATE_GAME_MODE])
[12:35:21] [Render thread/WARN] (Minecraft) Ignoring player info update for unknown player 8fffced0-b56c-3f40-add1-303c1fc8444e ([UPDATE_GAME_MODE])
[12:35:21] [Render thread/WARN] (Minecraft) Ignoring player info update for unknown player 8fffced0-b56c-3f40-add1-303c1fc8444e ([UPDATE_GAME_MODE])
[12:35:21] [Render thread/WARN] (Minecraft) Ignoring player info update for unknown player 8fffced0-b56c-3f40-add1-303c1fc8444e ([UPDATE_GAME_MODE])
[12:35:21] [Render thread/WARN] (Minecraft) Ignoring player info update for unknown player 8fffced0-b56c-3f40-add1-303c1fc8444e ([UPDATE_GAME_MODE])
[12:35:21] [Render thread/WARN] (Minecraft) Ignoring player info update for unknown player 9c251a28-8128-3910-b11e-a8fca2a1fc08 ([UPDATE_GAME_MODE])
[12:35:21] [Render thread/WARN] (Minecraft) Ignoring player info update for unknown player 9c251a28-8128-3910-b11e-a8fca2a1fc08 ([UPDATE_GAME_MODE])
[12:35:22] [Render thread/WARN] (Minecraft) Ignoring player info update for unknown player 52d805c6-b216-3ec2-97b6-a0bc63d702da ([UPDATE_GAME_MODE])
[12:35:22] [Render thread/WARN] (Minecraft) Ignoring player info update for unknown player 52d805c6-b216-3ec2-97b6-a0bc63d702da ([UPDATE_GAME_MODE])
[12:35:22] [Render thread/WARN] (Minecraft) Ignoring player info update for unknown player 52d805c6-b216-3ec2-97b6-a0bc63d702da ([UPDATE_GAME_MODE])
[12:35:22] [Render thread/WARN] (Minecraft) Ignoring player info update for unknown player 52d805c6-b216-3ec2-97b6-a0bc63d702da ([UPDATE_GAME_MODE])
[12:35:22] [Render thread/WARN] (Minecraft) Ignoring player info update for unknown player b93f169f-50bf-301b-b6cf-4de2f4377e4e ([UPDATE_GAME_MODE])
[12:35:22] [Render thread/WARN] (Minecraft) Ignoring player info update for unknown player b93f169f-50bf-301b-b6cf-4de2f4377e4e ([UPDATE_GAME_MODE])
[12:35:23] [Render thread/INFO] (Minecraft) [System] [CHAT] [Delta 1.21.4] » §7false
[12:35:26] [Render thread/WARN] (Minecraft) Ignoring player info update for unknown player b9e9ac53-9869-32de-9b4e-1dc7f4847a75 ([UPDATE_GAME_MODE])
[12:35:26] [Render thread/WARN] (Minecraft) Ignoring player info update for unknown player b9e9ac53-9869-32de-9b4e-1dc7f4847a75 ([UPDATE_GAME_MODE])
[12:35:31] [Render thread/INFO] (Minecraft) [System] [CHAT] [Дуэли] Вы потерпели поражение в этом бою! :3
[12:35:31] [Render thread/INFO] (Minecraft) [System] [CHAT] §6╔
[12:35:31] [Render thread/INFO] (Minecraft) [System] [CHAT] §6║ §aПобедитель§f: §efdfdfed
[12:35:31] [Render thread/INFO] (Minecraft) [System] [CHAT] §6║ §cПроигравший§f: §essiwipe28
[12:35:31] [Render thread/INFO] (Minecraft) [System] [CHAT] §6╚
[12:35:32] [Render thread/WARN] (Minecraft) Ignoring player info update for unknown player ef02c840-a3a9-3be4-bcba-ec515f89c522 ([UPDATE_GAME_MODE])
[12:35:32] [Render thread/WARN] (Minecraft) Ignoring player info update for unknown player ef02c840-a3a9-3be4-bcba-ec515f89c522 ([UPDATE_GAME_MODE])
[12:35:32] [Render thread/WARN] (Minecraft) Ignoring player info update for unknown player ef02c840-a3a9-3be4-bcba-ec515f89c522 ([UPDATE_GAME_MODE])
[12:35:32] [Render thread/WARN] (Minecraft) Ignoring player info update for unknown player ef02c840-a3a9-3be4-bcba-ec515f89c522 ([UPDATE_GAME_MODE])
[12:35:37] [Render thread/WARN] (Minecraft) Ignoring player info update for unknown player c0966597-7f05-3fc4-964f-955ca3705109 ([UPDATE_GAME_MODE])
[12:35:37] [Render thread/WARN] (Minecraft) Ignoring player info update for unknown player c0966597-7f05-3fc4-964f-955ca3705109 ([UPDATE_GAME_MODE])
[12:35:37] [Render thread/WARN] (Minecraft) Ignoring player info update for unknown player 603cb3b9-7da9-359f-9690-89775cbe388f ([UPDATE_GAME_MODE])
[12:35:37] [Render thread/WARN] (Minecraft) Ignoring player info update for unknown player 603cb3b9-7da9-359f-9690-89775cbe388f ([UPDATE_GAME_MODE])
[12:35:37] [Render thread/WARN] (Minecraft) Ignoring player info update for unknown player 603cb3b9-7da9-359f-9690-89775cbe388f ([UPDATE_GAME_MODE])
[12:35:37] [Render thread/WARN] (Minecraft) Ignoring player info update for unknown player 603cb3b9-7da9-359f-9690-89775cbe388f ([UPDATE_GAME_MODE])
[12:35:41] [Render thread/WARN] (Minecraft) Ignoring player info update for unknown player 6a310c8d-6d4d-3b7a-aa49-ad03e17dca8c ([UPDATE_GAME_MODE])
[12:35:41] [Render thread/WARN] (Minecraft) Ignoring player info update for unknown player 6a310c8d-6d4d-3b7a-aa49-ad03e17dca8c ([UPDATE_GAME_MODE])
[12:35:41] [Render thread/WARN] (Minecraft) Ignoring player info update for unknown player 6a310c8d-6d4d-3b7a-aa49-ad03e17dca8c ([UPDATE_GAME_MODE])
[12:35:41] [Render thread/WARN] (Minecraft) Ignoring player info update for unknown player 6a310c8d-6d4d-3b7a-aa49-ad03e17dca8c ([UPDATE_GAME_MODE])
[12:35:41] [Render thread/WARN] (Minecraft) Ignoring player info update for unknown player 4f31ff8a-8d51-38b3-9c29-001d84dededf ([UPDATE_GAME_MODE])
[12:35:41] [Render thread/WARN] (Minecraft) Ignoring player info update for unknown player 4f31ff8a-8d51-38b3-9c29-001d84dededf ([UPDATE_GAME_MODE])
[12:35:41] [Render thread/WARN] (Minecraft) Ignoring player info update for unknown player 4f31ff8a-8d51-38b3-9c29-001d84dededf ([UPDATE_GAME_MODE])
[12:35:41] [Render thread/WARN] (Minecraft) Ignoring player info update for unknown player 4f31ff8a-8d51-38b3-9c29-001d84dededf ([UPDATE_GAME_MODE])
[12:35:49] [Render thread/WARN] (Minecraft) Ignoring player info update for unknown player 9380ca63-99e3-38ef-b0a9-ac2ffba9dea8 ([UPDATE_GAME_MODE])
[12:35:49] [Render thread/WARN] (Minecraft) Ignoring player info update for unknown player 9380ca63-99e3-38ef-b0a9-ac2ffba9dea8 ([UPDATE_GAME_MODE])
[12:35:49] [Render thread/WARN] (Minecraft) Ignoring player info update for unknown player 9380ca63-99e3-38ef-b0a9-ac2ffba9dea8 ([UPDATE_GAME_MODE])
[12:35:49] [Render thread/WARN] (Minecraft) Ignoring player info update for unknown player 9380ca63-99e3-38ef-b0a9-ac2ffba9dea8 ([UPDATE_GAME_MODE])
[12:35:51] [Render thread/WARN] (Minecraft) Ignoring player info update for unknown player e2b94970-fae2-3ba2-9c45-f88f856221e8 ([UPDATE_GAME_MODE])
[12:35:51] [Render thread/WARN] (Minecraft) Ignoring player info update for unknown player e2b94970-fae2-3ba2-9c45-f88f856221e8 ([UPDATE_GAME_MODE])
[12:35:51] [Render thread/WARN] (Minecraft) Ignoring player info update for unknown player e2b94970-fae2-3ba2-9c45-f88f856221e8 ([UPDATE_GAME_MODE])
[12:35:51] [Render thread/WARN] (Minecraft) Ignoring player info update for unknown player e2b94970-fae2-3ba2-9c45-f88f856221e8 ([UPDATE_GAME_MODE])
[12:35:54] [Render thread/WARN] (Minecraft) Ignoring player info update for unknown player 69b0f215-d47c-3326-abf8-c55e42ef0acd ([UPDATE_GAME_MODE])
[12:35:54] [Render thread/WARN] (Minecraft) Ignoring player info update for unknown player 69b0f215-d47c-3326-abf8-c55e42ef0acd ([UPDATE_GAME_MODE])
[12:35:56] [Render thread/WARN] (Minecraft) Ignoring player info update for unknown player 8f09f115-f52e-338c-b804-2ebad8de57e4 ([UPDATE_GAME_MODE])
[12:35:56] [Render thread/WARN] (Minecraft) Ignoring player info update for unknown player 8f09f115-f52e-338c-b804-2ebad8de57e4 ([UPDATE_GAME_MODE])
[12:35:56] [Render thread/WARN] (Minecraft) Ignoring player info update for unknown player 8f09f115-f52e-338c-b804-2ebad8de57e4 ([UPDATE_GAME_MODE])
[12:35:56] [Render thread/WARN] (Minecraft) Ignoring player info update for unknown player 8f09f115-f52e-338c-b804-2ebad8de57e4 ([UPDATE_GAME_MODE])
[12:35:57] [Render thread/WARN] (Minecraft) Ignoring player info update for unknown player 0ff4cb1b-ae9e-3af2-a8fb-6d19fa691612 ([UPDATE_GAME_MODE])
[12:35:57] [Render thread/WARN] (Minecraft) Ignoring player info update for unknown player 0ff4cb1b-ae9e-3af2-a8fb-6d19fa691612 ([UPDATE_GAME_MODE])
[12:35:57] [Render thread/WARN] (Minecraft) Ignoring player info update for unknown player 0ff4cb1b-ae9e-3af2-a8fb-6d19fa691612 ([UPDATE_GAME_MODE])
[12:35:57] [Render thread/WARN] (Minecraft) Ignoring player info update for unknown player 0ff4cb1b-ae9e-3af2-a8fb-6d19fa691612 ([UPDATE_GAME_MODE])
[12:35:58] [Render thread/WARN] (Minecraft) Ignoring player info update for unknown player 32bf6621-1615-32ca-8ff6-fc9d285e5890 ([UPDATE_GAME_MODE])
[12:35:58] [Render thread/WARN] (Minecraft) Ignoring player info update for unknown player 32bf6621-1615-32ca-8ff6-fc9d285e5890 ([UPDATE_GAME_MODE])
[12:35:58] [Render thread/WARN] (Minecraft) Ignoring player info update for unknown player 32bf6621-1615-32ca-8ff6-fc9d285e5890 ([UPDATE_GAME_MODE])
[12:35:58] [Render thread/WARN] (Minecraft) Ignoring player info update for unknown player 32bf6621-1615-32ca-8ff6-fc9d285e5890 ([UPDATE_GAME_MODE])
[12:36:04] [Render thread/WARN] (Minecraft) Ignoring player info update for unknown player 94b28ec9-03b2-329a-af12-f5af34233ccd ([UPDATE_GAME_MODE])
[12:36:04] [Render thread/WARN] (Minecraft) Ignoring player info update for unknown player 94b28ec9-03b2-329a-af12-f5af34233ccd ([UPDATE_GAME_MODE])
[12:36:04] [Render thread/WARN] (Minecraft) Ignoring player info update for unknown player 94b28ec9-03b2-329a-af12-f5af34233ccd ([UPDATE_GAME_MODE])
[12:36:04] [Render thread/WARN] (Minecraft) Ignoring player info update for unknown player 94b28ec9-03b2-329a-af12-f5af34233ccd ([UPDATE_GAME_MODE])
[12:36:04] [Render thread/WARN] (Minecraft) Ignoring player info update for unknown player 449b193a-85c1-3de9-84e3-0d10db6e62e4 ([UPDATE_GAME_MODE])
[12:36:04] [Render thread/WARN] (Minecraft) Ignoring player info update for unknown player 449b193a-85c1-3de9-84e3-0d10db6e62e4 ([UPDATE_GAME_MODE])
[12:36:04] [Render thread/WARN] (Minecraft) Ignoring player info update for unknown player 449b193a-85c1-3de9-84e3-0d10db6e62e4 ([UPDATE_GAME_MODE])
[12:36:04] [Render thread/WARN] (Minecraft) Ignoring player info update for unknown player 449b193a-85c1-3de9-84e3-0d10db6e62e4 ([UPDATE_GAME_MODE])
[12:36:04] [Render thread/WARN] (Minecraft) Ignoring player info update for unknown player 1814aa01-edf2-3a0f-8566-eb2f82ebd171 ([UPDATE_GAME_MODE])
[12:36:04] [Render thread/WARN] (Minecraft) Ignoring player info update for unknown player 1814aa01-edf2-3a0f-8566-eb2f82ebd171 ([UPDATE_GAME_MODE])
[12:36:04] [Render thread/WARN] (Minecraft) Ignoring player info update for unknown player 1814aa01-edf2-3a0f-8566-eb2f82ebd171 ([UPDATE_GAME_MODE])
[12:36:04] [Render thread/WARN] (Minecraft) Ignoring player info update for unknown player 1814aa01-edf2-3a0f-8566-eb2f82ebd171 ([UPDATE_GAME_MODE])
[12:36:06] [Render thread/WARN] (Minecraft) Ignoring player info update for unknown player ea556b18-8dc1-3875-a72a-6b68d89ce4f8 ([UPDATE_GAME_MODE])
[12:36:06] [Render thread/WARN] (Minecraft) Ignoring player info update for unknown player ea556b18-8dc1-3875-a72a-6b68d89ce4f8 ([UPDATE_GAME_MODE])
[12:36:06] [Render thread/WARN] (Minecraft) Ignoring player info update for unknown player ea556b18-8dc1-3875-a72a-6b68d89ce4f8 ([UPDATE_GAME_MODE])
[12:36:06] [Render thread/WARN] (Minecraft) Ignoring player info update for unknown player ea556b18-8dc1-3875-a72a-6b68d89ce4f8 ([UPDATE_GAME_MODE])
[12:36:08] [Render thread/INFO] (Minecraft) [System] [CHAT] Ⓖ [Игрок] oblivionvolcano4 ⇨ -e z
[12:36:08] [Render thread/WARN] (Minecraft) Ignoring player info update for unknown player 204147c1-01d9-3f8b-9db6-b4216eebde10 ([UPDATE_GAME_MODE])
[12:36:08] [Render thread/WARN] (Minecraft) Ignoring player info update for unknown player 204147c1-01d9-3f8b-9db6-b4216eebde10 ([UPDATE_GAME_MODE])
[12:36:11] [Render thread/WARN] (Minecraft) Ignoring player info update for unknown player 6bd12ef9-f977-32f6-8b3a-06594dee4cfb ([UPDATE_GAME_MODE])
[12:36:11] [Render thread/WARN] (Minecraft) Ignoring player info update for unknown player 6bd12ef9-f977-32f6-8b3a-06594dee4cfb ([UPDATE_GAME_MODE])
[12:36:11] [Render thread/WARN] (Minecraft) Ignoring player info update for unknown player 6bd12ef9-f977-32f6-8b3a-06594dee4cfb ([UPDATE_GAME_MODE])
[12:36:11] [Render thread/WARN] (Minecraft) Ignoring player info update for unknown player 6bd12ef9-f977-32f6-8b3a-06594dee4cfb ([UPDATE_GAME_MODE])
[12:36:13] [Render thread/INFO] (Minecraft) [System] [CHAT] Ⓖ [Игрок] oblivionvolcano4 ⇨ спек
[12:36:16] [Render thread/INFO] (Minecraft) [System] [CHAT] ╔══════════════════════════════════\n║ > ❤ Игрок никскрыт купил Элита + 30.000 ТК\n║ > Теперь он стал намного круче! :)\n║ > Покупай и ты на сайте shop.SpookyTime.net\n╚══════════════════════════════════
[12:36:21] [Render thread/WARN] (Minecraft) Ignoring player info update for unknown player 7eaa4fd7-4909-3151-a8a7-03921a210f54 ([UPDATE_GAME_MODE])
[12:36:21] [Render thread/WARN] (Minecraft) Ignoring player info update for unknown player 7eaa4fd7-4909-3151-a8a7-03921a210f54 ([UPDATE_GAME_MODE])
[12:36:21] [Render thread/WARN] (Minecraft) Ignoring player info update for unknown player 7eaa4fd7-4909-3151-a8a7-03921a210f54 ([UPDATE_GAME_MODE])
[12:36:21] [Render thread/WARN] (Minecraft) Ignoring player info update for unknown player 7eaa4fd7-4909-3151-a8a7-03921a210f54 ([UPDATE_GAME_MODE])
[12:36:22] [Render thread/INFO] (Minecraft) [System] [CHAT] Ⓖ [Игрок] W1NST0N112222465 ⇨ ezzzz
[12:36:33] [Render thread/INFO] (Minecraft) [System] [CHAT] Ⓖ [Игрок] W1NST0N112222465 ⇨ ezzzz
[12:36:33] [Render thread/WARN] (Minecraft) Ignoring player info update for unknown player a588f38f-a978-3e01-8993-8a626b17d6f1 ([UPDATE_GAME_MODE])
[12:36:33] [Render thread/WARN] (Minecraft) Ignoring player info update for unknown player a588f38f-a978-3e01-8993-8a626b17d6f1 ([UPDATE_GAME_MODE])
[12:36:33] [Render thread/WARN] (Minecraft) Ignoring player info update for unknown player a588f38f-a978-3e01-8993-8a626b17d6f1 ([UPDATE_GAME_MODE])
[12:36:33] [Render thread/WARN] (Minecraft) Ignoring player info update for unknown player a588f38f-a978-3e01-8993-8a626b17d6f1 ([UPDATE_GAME_MODE])
[12:36:37] [Render thread/WARN] (Minecraft) Ignoring player info update for unknown player 3da91299-e6a2-3ae0-a58c-4cfaa1ec032c ([UPDATE_GAME_MODE])
[12:36:37] [Render thread/WARN] (Minecraft) Ignoring player info update for unknown player 3da91299-e6a2-3ae0-a58c-4cfaa1ec032c ([UPDATE_GAME_MODE])
[12:36:37] [Render thread/WARN] (Minecraft) Ignoring player info update for unknown player 3da91299-e6a2-3ae0-a58c-4cfaa1ec032c ([UPDATE_GAME_MODE])
[12:36:37] [Render thread/WARN] (Minecraft) Ignoring player info update for unknown player 3da91299-e6a2-3ae0-a58c-4cfaa1ec032c ([UPDATE_GAME_MODE])
[12:36:37] [Render thread/INFO] (Minecraft) [System] [CHAT] ╔
[12:36:37] [Render thread/INFO] (Minecraft) [System] [CHAT] ╠ Подписывайтесь на наш ТТ - tiktok.com/@spookytime_tt
[12:36:37] [Render thread/INFO] (Minecraft) [System] [CHAT] ╚
[12:36:39] [Render thread/INFO] (Minecraft) [System] [CHAT] Ⓛ [Игрок] 2wer12 ⇨ спек
[12:36:42] [Render thread/WARN] (Minecraft) Ignoring player info update for unknown player 842cd091-742d-3204-a396-5358b83907e8 ([UPDATE_GAME_MODE])
[12:36:42] [Render thread/WARN] (Minecraft) Ignoring player info update for unknown player 842cd091-742d-3204-a396-5358b83907e8 ([UPDATE_GAME_MODE])
[12:36:43] [Render thread/WARN] (Minecraft) Ignoring player info update for unknown player 8dc83fc4-f916-381b-86e7-fe3f2774dd27 ([UPDATE_GAME_MODE])
[12:36:43] [Render thread/WARN] (Minecraft) Ignoring player info update for unknown player 8dc83fc4-f916-381b-86e7-fe3f2774dd27 ([UPDATE_GAME_MODE])
[12:36:43] [Render thread/WARN] (Minecraft) Ignoring player info update for unknown player 8dc83fc4-f916-381b-86e7-fe3f2774dd27 ([UPDATE_GAME_MODE])
[12:36:43] [Render thread/WARN] (Minecraft) Ignoring player info update for unknown player 8dc83fc4-f916-381b-86e7-fe3f2774dd27 ([UPDATE_GAME_MODE])
[12:36:45] [Render thread/WARN] (Minecraft) Failed to load texture for profile c524e896-fe4b-357e-9705-c0cc6223f641
java.util.concurrent.CompletionException: java.io.UncheckedIOException: java.net.ConnectException: Connection timed out: connect
	at java.base/java.util.concurrent.CompletableFuture.encodeThrowable(CompletableFuture.java:315) ~[?:?]
	at java.base/java.util.concurrent.CompletableFuture.completeThrowable(CompletableFuture.java:320) ~[?:?]
	at java.base/java.util.concurrent.CompletableFuture$AsyncSupply.run$$$capture(CompletableFuture.java:1770) ~[?:?]
	at java.base/java.util.concurrent.CompletableFuture$AsyncSupply.run(CompletableFuture.java) ~[?:?]
	at java.base/java.util.concurrent.ThreadPoolExecutor.runWorker(ThreadPoolExecutor.java:1144) ~[?:?]
	at java.base/java.util.concurrent.ThreadPoolExecutor$Worker.run(ThreadPoolExecutor.java:642) ~[?:?]
	at java.base/java.lang.Thread.run(Thread.java:1583) ~[?:?]
Caused by: java.io.UncheckedIOException: java.net.ConnectException: Connection timed out: connect
	at knot/net.minecraft.client.texture.PlayerSkinTextureDownloader.method_65866(PlayerSkinTextureDownloader.java:33) ~[minecraft-merged-8137bcb425-1.21.4-net.fabricmc.yarn.1_21_4.1.21.4+build.8-v2.jar:?]
	at java.base/java.util.concurrent.CompletableFuture$AsyncSupply.run$$$capture(CompletableFuture.java:1768) ~[?:?]
	... 4 more
Caused by: java.net.ConnectException: Connection timed out: connect
	at java.base/sun.nio.ch.Net.connect0(Native Method) ~[?:?]
	at java.base/sun.nio.ch.Net.connect(Net.java:597) ~[?:?]
	at java.base/sun.nio.ch.Net.connect(Net.java:586) ~[?:?]
	at java.base/sun.nio.ch.NioSocketImpl.connect(NioSocketImpl.java:583) ~[?:?]
	at java.base/java.net.Socket.connect(Socket.java:751) ~[?:?]
	at java.base/java.net.Socket.connect(Socket.java:686) ~[?:?]
	at java.base/sun.net.NetworkClient.doConnect(NetworkClient.java:183) ~[?:?]
	at java.base/sun.net.www.http.HttpClient.openServer(HttpClient.java:531) ~[?:?]
	at java.base/sun.net.www.http.HttpClient.openServer(HttpClient.java:636) ~[?:?]
	at java.base/sun.net.www.http.HttpClient.<init>(HttpClient.java:282) ~[?:?]
	at java.base/sun.net.www.http.HttpClient.New(HttpClient.java:386) ~[?:?]
	at java.base/sun.net.www.http.HttpClient.New(HttpClient.java:408) ~[?:?]
	at java.base/sun.net.www.protocol.http.HttpURLConnection.getNewHttpClient(HttpURLConnection.java:1320) ~[?:?]
	at java.base/sun.net.www.protocol.http.HttpURLConnection.plainConnect0(HttpURLConnection.java:1298) ~[?:?]
	at java.base/sun.net.www.protocol.http.HttpURLConnection.plainConnect(HttpURLConnection.java:1139) ~[?:?]
	at java.base/sun.net.www.protocol.http.HttpURLConnection.connect(HttpURLConnection.java:1068) ~[?:?]
	at knot/net.minecraft.client.texture.PlayerSkinTextureDownloader.download(PlayerSkinTextureDownloader.java:55) ~[minecraft-merged-8137bcb425-1.21.4-net.fabricmc.yarn.1_21_4.1.21.4+build.8-v2.jar:?]
	at knot/net.minecraft.client.texture.PlayerSkinTextureDownloader.method_65866(PlayerSkinTextureDownloader.java:31) ~[minecraft-merged-8137bcb425-1.21.4-net.fabricmc.yarn.1_21_4.1.21.4+build.8-v2.jar:?]
	at java.base/java.util.concurrent.CompletableFuture$AsyncSupply.run$$$capture(CompletableFuture.java:1768) ~[?:?]
	... 4 more
[12:36:46] [Render thread/WARN] (Minecraft) Ignoring player info update for unknown player 8d83def2-bab5-39c8-8b10-0bcbb0eeceaf ([UPDATE_GAME_MODE])
[12:36:46] [Render thread/WARN] (Minecraft) Ignoring player info update for unknown player 8d83def2-bab5-39c8-8b10-0bcbb0eeceaf ([UPDATE_GAME_MODE])
[12:36:46] [Render thread/WARN] (Minecraft) Ignoring player info update for unknown player 8d83def2-bab5-39c8-8b10-0bcbb0eeceaf ([UPDATE_GAME_MODE])
[12:36:46] [Render thread/WARN] (Minecraft) Ignoring player info update for unknown player 8d83def2-bab5-39c8-8b10-0bcbb0eeceaf ([UPDATE_GAME_MODE])
[12:36:46] [Render thread/WARN] (Minecraft) Ignoring player info update for unknown player 6a117481-9cc6-3474-ab9b-21edd8ada287 ([UPDATE_GAME_MODE])
[12:36:46] [Render thread/WARN] (Minecraft) Ignoring player info update for unknown player 6a117481-9cc6-3474-ab9b-21edd8ada287 ([UPDATE_GAME_MODE])
[12:36:46] [Render thread/WARN] (Minecraft) Ignoring player info update for unknown player 6a117481-9cc6-3474-ab9b-21edd8ada287 ([UPDATE_GAME_MODE])
[12:36:46] [Render thread/WARN] (Minecraft) Ignoring player info update for unknown player 6a117481-9cc6-3474-ab9b-21edd8ada287 ([UPDATE_GAME_MODE])
[12:36:46] [Render thread/WARN] (Minecraft) Ignoring player info update for unknown player 5cbc1c3e-71da-3dd1-95b9-e18cd372ce3b ([UPDATE_GAME_MODE])
[12:36:46] [Render thread/WARN] (Minecraft) Ignoring player info update for unknown player 5cbc1c3e-71da-3dd1-95b9-e18cd372ce3b ([UPDATE_GAME_MODE])
[12:36:47] [Render thread/WARN] (Minecraft) Ignoring player info update for unknown player 7b14b9ca-9b94-3da0-9323-d768dc231887 ([UPDATE_GAME_MODE])
[12:36:47] [Render thread/WARN] (Minecraft) Ignoring player info update for unknown player 7b14b9ca-9b94-3da0-9323-d768dc231887 ([UPDATE_GAME_MODE])
[12:36:47] [Render thread/WARN] (Minecraft) Ignoring player info update for unknown player 7b14b9ca-9b94-3da0-9323-d768dc231887 ([UPDATE_GAME_MODE])
[12:36:47] [Render thread/WARN] (Minecraft) Ignoring player info update for unknown player 7b14b9ca-9b94-3da0-9323-d768dc231887 ([UPDATE_GAME_MODE])
[12:36:50] [Render thread/INFO] (Minecraft) [System] [CHAT] [Дуэли] Прекратите спамить!
[12:36:50] [Render thread/INFO] (Minecraft) [System] [CHAT] [Дуэли] Прекратите спамить!
[12:36:52] [Render thread/WARN] (Minecraft) Ignoring player info update for unknown player c88446e0-1397-336f-a74f-b27406b8260b ([UPDATE_GAME_MODE])
[12:36:52] [Render thread/WARN] (Minecraft) Ignoring player info update for unknown player c88446e0-1397-336f-a74f-b27406b8260b ([UPDATE_GAME_MODE])
[12:36:52] [Render thread/WARN] (Minecraft) Ignoring player info update for unknown player c88446e0-1397-336f-a74f-b27406b8260b ([UPDATE_GAME_MODE])
[12:36:52] [Render thread/WARN] (Minecraft) Ignoring player info update for unknown player c88446e0-1397-336f-a74f-b27406b8260b ([UPDATE_GAME_MODE])
[12:36:52] [Render thread/WARN] (Minecraft) Ignoring player info update for unknown player f33f8907-61a9-37e3-9533-ca63c22b05e1 ([UPDATE_GAME_MODE])
[12:36:52] [Render thread/WARN] (Minecraft) Ignoring player info update for unknown player f33f8907-61a9-37e3-9533-ca63c22b05e1 ([UPDATE_GAME_MODE])
[12:36:52] [Render thread/WARN] (Minecraft) Ignoring player info update for unknown player f33f8907-61a9-37e3-9533-ca63c22b05e1 ([UPDATE_GAME_MODE])
[12:36:52] [Render thread/WARN] (Minecraft) Ignoring player info update for unknown player f33f8907-61a9-37e3-9533-ca63c22b05e1 ([UPDATE_GAME_MODE])
[12:36:55] [Render thread/WARN] (Minecraft) Ignoring player info update for unknown player 2f852718-8c46-3c39-9139-2df21520f880 ([UPDATE_GAME_MODE])
[12:36:55] [Render thread/WARN] (Minecraft) Ignoring player info update for unknown player 2f852718-8c46-3c39-9139-2df21520f880 ([UPDATE_GAME_MODE])
[12:36:55] [Render thread/INFO] (Minecraft) [System] [CHAT] Ⓖ [Игрок] oblivionvolcano4 ⇨ спек
[12:36:59] [Render thread/WARN] (Minecraft) Ignoring player info update for unknown player 8384073a-d0aa-30ea-afc9-2d1cb1cc985e ([UPDATE_GAME_MODE])
[12:36:59] [Render thread/WARN] (Minecraft) Ignoring player info update for unknown player 8384073a-d0aa-30ea-afc9-2d1cb1cc985e ([UPDATE_GAME_MODE])
[12:36:59] [Render thread/WARN] (Minecraft) Ignoring player info update for unknown player 8384073a-d0aa-30ea-afc9-2d1cb1cc985e ([UPDATE_GAME_MODE])
[12:36:59] [Render thread/WARN] (Minecraft) Ignoring player info update for unknown player 8384073a-d0aa-30ea-afc9-2d1cb1cc985e ([UPDATE_GAME_MODE])
[12:37:02] [Render thread/WARN] (Minecraft) Ignoring player info update for unknown player 7599774c-779a-3146-8d78-3125e75426d3 ([UPDATE_GAME_MODE])
[12:37:02] [Render thread/WARN] (Minecraft) Ignoring player info update for unknown player 7599774c-779a-3146-8d78-3125e75426d3 ([UPDATE_GAME_MODE])
[12:37:02] [Render thread/WARN] (Minecraft) Ignoring player info update for unknown player 7599774c-779a-3146-8d78-3125e75426d3 ([UPDATE_GAME_MODE])
[12:37:02] [Render thread/WARN] (Minecraft) Ignoring player info update for unknown player 7599774c-779a-3146-8d78-3125e75426d3 ([UPDATE_GAME_MODE])
[12:37:02] [Render thread/WARN] (Minecraft) Ignoring player info update for unknown player 97ac5e36-b1de-3eb6-a657-a03b1d873a51 ([UPDATE_GAME_MODE])
[12:37:02] [Render thread/WARN] (Minecraft) Ignoring player info update for unknown player 97ac5e36-b1de-3eb6-a657-a03b1d873a51 ([UPDATE_GAME_MODE])
[12:37:02] [Render thread/WARN] (Minecraft) Ignoring player info update for unknown player 97ac5e36-b1de-3eb6-a657-a03b1d873a51 ([UPDATE_GAME_MODE])
[12:37:02] [Render thread/WARN] (Minecraft) Ignoring player info update for unknown player 97ac5e36-b1de-3eb6-a657-a03b1d873a51 ([UPDATE_GAME_MODE])
[12:37:08] [Render thread/WARN] (Minecraft) Ignoring player info update for unknown player d26e73b8-b2e8-3557-ae99-423e40cb28cd ([UPDATE_GAME_MODE])
[12:37:08] [Render thread/WARN] (Minecraft) Ignoring player info update for unknown player d26e73b8-b2e8-3557-ae99-423e40cb28cd ([UPDATE_GAME_MODE])
[12:37:08] [Render thread/WARN] (Minecraft) Ignoring player info update for unknown player d26e73b8-b2e8-3557-ae99-423e40cb28cd ([UPDATE_GAME_MODE])
[12:37:08] [Render thread/WARN] (Minecraft) Ignoring player info update for unknown player d26e73b8-b2e8-3557-ae99-423e40cb28cd ([UPDATE_GAME_MODE])
[12:37:11] [Render thread/WARN] (Minecraft) Ignoring player info update for unknown player 4496c2bb-4654-3874-8af0-aa23d2fb52df ([UPDATE_GAME_MODE])
[12:37:11] [Render thread/WARN] (Minecraft) Ignoring player info update for unknown player 4496c2bb-4654-3874-8af0-aa23d2fb52df ([UPDATE_GAME_MODE])
[12:37:11] [Render thread/WARN] (Minecraft) Ignoring player info update for unknown player 4496c2bb-4654-3874-8af0-aa23d2fb52df ([UPDATE_GAME_MODE])
[12:37:11] [Render thread/WARN] (Minecraft) Ignoring player info update for unknown player 4496c2bb-4654-3874-8af0-aa23d2fb52df ([UPDATE_GAME_MODE])
[12:37:21] [Render thread/WARN] (Minecraft) Ignoring player info update for unknown player a011c2f5-c43c-342f-8201-91d8499c7b09 ([UPDATE_GAME_MODE])
[12:37:21] [Render thread/WARN] (Minecraft) Ignoring player info update for unknown player a011c2f5-c43c-342f-8201-91d8499c7b09 ([UPDATE_GAME_MODE])
[12:37:21] [Render thread/WARN] (Minecraft) Ignoring player info update for unknown player a011c2f5-c43c-342f-8201-91d8499c7b09 ([UPDATE_GAME_MODE])
[12:37:21] [Render thread/WARN] (Minecraft) Ignoring player info update for unknown player a011c2f5-c43c-342f-8201-91d8499c7b09 ([UPDATE_GAME_MODE])
[12:37:21] [Render thread/WARN] (Minecraft) Ignoring player info update for unknown player d9b1cf6f-7541-39bb-b9ac-3d0576710b61 ([UPDATE_GAME_MODE])
[12:37:21] [Render thread/WARN] (Minecraft) Ignoring player info update for unknown player d9b1cf6f-7541-39bb-b9ac-3d0576710b61 ([UPDATE_GAME_MODE])
[12:37:22] [Render thread/WARN] (Minecraft) Ignoring player info update for unknown player 435adf1f-7e03-3bdc-89b6-3e0a78171f4c ([UPDATE_GAME_MODE])
[12:37:22] [Render thread/WARN] (Minecraft) Ignoring player info update for unknown player 435adf1f-7e03-3bdc-89b6-3e0a78171f4c ([UPDATE_GAME_MODE])
[12:37:24] [Render thread/WARN] (Minecraft) Ignoring player info update for unknown player ec750c0e-dada-3bdc-86d4-a30a2ff54348 ([UPDATE_GAME_MODE])
[12:37:24] [Render thread/WARN] (Minecraft) Ignoring player info update for unknown player ec750c0e-dada-3bdc-86d4-a30a2ff54348 ([UPDATE_GAME_MODE])
[12:37:25] [Render thread/INFO] (Minecraft) [System] [CHAT] Ⓖ [Игрок] oblivionvolcano4 ⇨ спек
[12:37:26] [Render thread/WARN] (Minecraft) Ignoring player info update for unknown player c4ae0785-31f0-3fc9-ae55-574847c4f3a0 ([UPDATE_GAME_MODE])
[12:37:26] [Render thread/WARN] (Minecraft) Ignoring player info update for unknown player c4ae0785-31f0-3fc9-ae55-574847c4f3a0 ([UPDATE_GAME_MODE])
[12:37:26] [Render thread/WARN] (Minecraft) Ignoring player info update for unknown player c4ae0785-31f0-3fc9-ae55-574847c4f3a0 ([UPDATE_GAME_MODE])
[12:37:26] [Render thread/WARN] (Minecraft) Ignoring player info update for unknown player c4ae0785-31f0-3fc9-ae55-574847c4f3a0 ([UPDATE_GAME_MODE])
[12:37:30] [Render thread/WARN] (Minecraft) Ignoring player info update for unknown player e1153317-996c-37ce-8c45-747d8c55dfee ([UPDATE_GAME_MODE])
[12:37:30] [Render thread/WARN] (Minecraft) Ignoring player info update for unknown player e1153317-996c-37ce-8c45-747d8c55dfee ([UPDATE_GAME_MODE])
[12:37:30] [Render thread/WARN] (Minecraft) Ignoring player info update for unknown player e1153317-996c-37ce-8c45-747d8c55dfee ([UPDATE_GAME_MODE])
[12:37:30] [Render thread/WARN] (Minecraft) Ignoring player info update for unknown player e1153317-996c-37ce-8c45-747d8c55dfee ([UPDATE_GAME_MODE])
[12:37:32] [Render thread/INFO] (Minecraft) [System] [CHAT] Ⓖ [Игрок] oblivionvolcano4 ⇨ спек FKJ VVJLTHFNJHS
[12:37:34] [Render thread/WARN] (Minecraft) Ignoring player info update for unknown player ec750c0e-dada-3bdc-86d4-a30a2ff54348 ([UPDATE_GAME_MODE])
[12:37:34] [Render thread/WARN] (Minecraft) Ignoring player info update for unknown player ec750c0e-dada-3bdc-86d4-a30a2ff54348 ([UPDATE_GAME_MODE])
[12:37:34] [Render thread/WARN] (Minecraft) Ignoring player info update for unknown player ec750c0e-dada-3bdc-86d4-a30a2ff54348 ([UPDATE_GAME_MODE])
[12:37:34] [Render thread/WARN] (Minecraft) Ignoring player info update for unknown player ec750c0e-dada-3bdc-86d4-a30a2ff54348 ([UPDATE_GAME_MODE])
[12:37:35] [Render thread/WARN] (Minecraft) Ignoring player info update for unknown player 0b5e9c7e-5bd2-3e55-92b1-13894358494a ([UPDATE_GAME_MODE])
[12:37:35] [Render thread/WARN] (Minecraft) Ignoring player info update for unknown player 0b5e9c7e-5bd2-3e55-92b1-13894358494a ([UPDATE_GAME_MODE])
[12:37:38] [Render thread/WARN] (Minecraft) Ignoring player info update for unknown player a5d1985f-0c6b-3e66-8a1c-f19a0b49ff56 ([UPDATE_GAME_MODE])
[12:37:38] [Render thread/WARN] (Minecraft) Ignoring player info update for unknown player a5d1985f-0c6b-3e66-8a1c-f19a0b49ff56 ([UPDATE_GAME_MODE])
[12:37:38] [Render thread/WARN] (Minecraft) Ignoring player info update for unknown player a5d1985f-0c6b-3e66-8a1c-f19a0b49ff56 ([UPDATE_GAME_MODE])
[12:37:38] [Render thread/WARN] (Minecraft) Ignoring player info update for unknown player a5d1985f-0c6b-3e66-8a1c-f19a0b49ff56 ([UPDATE_GAME_MODE])
[12:37:38] [Render thread/WARN] (Minecraft) Ignoring player info update for unknown player 7be8958f-fc33-39ce-9ea0-7eb0a8bc2143 ([UPDATE_GAME_MODE])
[12:37:38] [Render thread/WARN] (Minecraft) Ignoring player info update for unknown player 7be8958f-fc33-39ce-9ea0-7eb0a8bc2143 ([UPDATE_GAME_MODE])
[12:37:39] [Render thread/WARN] (Minecraft) Ignoring player info update for unknown player 3e66db93-d50a-31ad-9b1f-a53e283352e6 ([UPDATE_GAME_MODE])
[12:37:39] [Render thread/WARN] (Minecraft) Ignoring player info update for unknown player 3e66db93-d50a-31ad-9b1f-a53e283352e6 ([UPDATE_GAME_MODE])
[12:37:39] [Render thread/WARN] (Minecraft) Ignoring player info update for unknown player 3e66db93-d50a-31ad-9b1f-a53e283352e6 ([UPDATE_GAME_MODE])
[12:37:39] [Render thread/WARN] (Minecraft) Ignoring player info update for unknown player 3e66db93-d50a-31ad-9b1f-a53e283352e6 ([UPDATE_GAME_MODE])
[12:37:42] [Render thread/WARN] (Minecraft) Ignoring player info update for unknown player 6e044fdd-cbd0-3476-8cb0-4ab6030f4fb5 ([UPDATE_GAME_MODE])
[12:37:42] [Render thread/WARN] (Minecraft) Ignoring player info update for unknown player 6e044fdd-cbd0-3476-8cb0-4ab6030f4fb5 ([UPDATE_GAME_MODE])
[12:37:42] [Render thread/WARN] (Minecraft) Ignoring player info update for unknown player 6e044fdd-cbd0-3476-8cb0-4ab6030f4fb5 ([UPDATE_GAME_MODE])
[12:37:42] [Render thread/WARN] (Minecraft) Ignoring player info update for unknown player 6e044fdd-cbd0-3476-8cb0-4ab6030f4fb5 ([UPDATE_GAME_MODE])
[12:37:42] [Render thread/WARN] (Minecraft) Ignoring player info update for unknown player 1468809f-f6a3-337a-ab4f-6cdfaca268c2 ([UPDATE_GAME_MODE])
[12:37:42] [Render thread/WARN] (Minecraft) Ignoring player info update for unknown player 1468809f-f6a3-337a-ab4f-6cdfaca268c2 ([UPDATE_GAME_MODE])
[12:37:42] [Render thread/WARN] (Minecraft) Ignoring player info update for unknown player 1468809f-f6a3-337a-ab4f-6cdfaca268c2 ([UPDATE_GAME_MODE])
[12:37:42] [Render thread/WARN] (Minecraft) Ignoring player info update for unknown player 1468809f-f6a3-337a-ab4f-6cdfaca268c2 ([UPDATE_GAME_MODE])
[12:37:44] [Render thread/INFO] (Minecraft) [System] [CHAT] Ⓛ [Игрок] askanorchik ⇨ сфота перебилы
[12:37:45] [Render thread/WARN] (Minecraft) Ignoring player info update for unknown player c1cf743b-19b3-30bc-9604-b5d816608b73 ([UPDATE_GAME_MODE])
[12:37:45] [Render thread/WARN] (Minecraft) Ignoring player info update for unknown player c1cf743b-19b3-30bc-9604-b5d816608b73 ([UPDATE_GAME_MODE])
[12:37:49] [Render thread/INFO] (Minecraft) [System] [CHAT] Ⓖ [Игрок] kaniwuh ⇨ ez
[12:37:49] [Render thread/INFO] (Minecraft) [System] [CHAT] Ⓛ [Игрок] BOYYSAO ⇨ f
[12:37:51] [Render thread/INFO] (Minecraft) [System] [CHAT] [Дуэли] Вам отправили дуэль от PixelNinja на наборе Кит Смертельный
[12:37:51] [Render thread/INFO] (Minecraft) [System] [CHAT] [Дуэли] Для принятий напишите: /duel accept PixelNinja
[12:37:51] [Render thread/INFO] (Minecraft) [System] [CHAT] §a[Или нажмите сюда] 
[12:37:53] [Render thread/WARN] (Minecraft) Ignoring player info update for unknown player 118b5ed7-f9f1-3bda-acf9-3471b54cb2b4 ([UPDATE_GAME_MODE])
[12:37:53] [Render thread/WARN] (Minecraft) Ignoring player info update for unknown player 118b5ed7-f9f1-3bda-acf9-3471b54cb2b4 ([UPDATE_GAME_MODE])
[12:37:53] [Render thread/WARN] (Minecraft) Ignoring player info update for unknown player 118b5ed7-f9f1-3bda-acf9-3471b54cb2b4 ([UPDATE_GAME_MODE])
[12:37:53] [Render thread/WARN] (Minecraft) Ignoring player info update for unknown player 118b5ed7-f9f1-3bda-acf9-3471b54cb2b4 ([UPDATE_GAME_MODE])
[12:37:54] [Render thread/WARN] (Minecraft) Received passengers for unknown entity
[12:37:54] [Render thread/INFO] (Minecraft) [System] [CHAT] [Дуэли] Режим боя будет включен через 4 секунд.
[12:37:55] [Render thread/INFO] (Minecraft) [System] [CHAT] [Дуэли] Режим боя будет включен через 3 секунд.
[12:37:55] [Render thread/WARN] (Minecraft) Ignoring player info update for unknown player 8b366d14-0abc-3161-9b5c-768fc4ff646f ([UPDATE_GAME_MODE])
[12:37:55] [Render thread/WARN] (Minecraft) Ignoring player info update for unknown player 8b366d14-0abc-3161-9b5c-768fc4ff646f ([UPDATE_GAME_MODE])
[12:37:55] [Render thread/WARN] (Minecraft) Ignoring player info update for unknown player 8b366d14-0abc-3161-9b5c-768fc4ff646f ([UPDATE_GAME_MODE])
[12:37:55] [Render thread/WARN] (Minecraft) Ignoring player info update for unknown player 8b366d14-0abc-3161-9b5c-768fc4ff646f ([UPDATE_GAME_MODE])
[12:37:55] [Render thread/WARN] (Minecraft) Ignoring player info update for unknown player 54c72bfc-613c-3928-93db-a25421195cf4 ([UPDATE_GAME_MODE])
[12:37:55] [Render thread/WARN] (Minecraft) Ignoring player info update for unknown player 54c72bfc-613c-3928-93db-a25421195cf4 ([UPDATE_GAME_MODE])
[12:37:55] [Render thread/WARN] (Minecraft) Ignoring player info update for unknown player 54c72bfc-613c-3928-93db-a25421195cf4 ([UPDATE_GAME_MODE])
[12:37:55] [Render thread/WARN] (Minecraft) Ignoring player info update for unknown player 54c72bfc-613c-3928-93db-a25421195cf4 ([UPDATE_GAME_MODE])
[12:37:56] [Render thread/INFO] (Minecraft) [System] [CHAT] [Дуэли] Режим боя будет включен через 2 секунд.
[12:37:57] [Render thread/INFO] (Minecraft) [System] [CHAT] [Дуэли] Режим боя будет включен через 1 секунд.
[12:37:58] [Render thread/INFO] (Minecraft) [System] [CHAT] [Дуэли] Режим боя включен, в атаку!
[12:37:59] [Render thread/WARN] (Minecraft) Ignoring player info update for unknown player 97a67314-ea0d-3bca-b52d-ab48460fccaf ([UPDATE_GAME_MODE])
[12:37:59] [Render thread/WARN] (Minecraft) Ignoring player info update for unknown player 97a67314-ea0d-3bca-b52d-ab48460fccaf ([UPDATE_GAME_MODE])
[12:37:59] [Render thread/WARN] (Minecraft) Ignoring player info update for unknown player 97a67314-ea0d-3bca-b52d-ab48460fccaf ([UPDATE_GAME_MODE])
[12:37:59] [Render thread/WARN] (Minecraft) Ignoring player info update for unknown player 97a67314-ea0d-3bca-b52d-ab48460fccaf ([UPDATE_GAME_MODE])
[12:38:00] [Render thread/WARN] (Minecraft) Ignoring player info update for unknown player bc546683-e5d4-37ac-adce-44e2906f6c05 ([UPDATE_GAME_MODE])
[12:38:00] [Render thread/WARN] (Minecraft) Ignoring player info update for unknown player bc546683-e5d4-37ac-adce-44e2906f6c05 ([UPDATE_GAME_MODE])
[12:38:00] [Render thread/WARN] (Minecraft) Ignoring player info update for unknown player bc546683-e5d4-37ac-adce-44e2906f6c05 ([UPDATE_GAME_MODE])
[12:38:00] [Render thread/WARN] (Minecraft) Ignoring player info update for unknown player bc546683-e5d4-37ac-adce-44e2906f6c05 ([UPDATE_GAME_MODE])
[12:38:01] [Render thread/INFO] (Minecraft) [System] [CHAT] Ⓖ [Игрок] BOYYSAO ⇨ кто 1на1 кидайте дуель або кара або щити
[12:38:01] [Render thread/WARN] (Minecraft) Ignoring player info update for unknown player b8b20354-05ef-3ff1-bee0-d83603326d45 ([UPDATE_GAME_MODE])
[12:38:01] [Render thread/WARN] (Minecraft) Ignoring player info update for unknown player b8b20354-05ef-3ff1-bee0-d83603326d45 ([UPDATE_GAME_MODE])
[12:38:01] [Render thread/WARN] (Minecraft) Ignoring player info update for unknown player b8b20354-05ef-3ff1-bee0-d83603326d45 ([UPDATE_GAME_MODE])
[12:38:01] [Render thread/WARN] (Minecraft) Ignoring player info update for unknown player b8b20354-05ef-3ff1-bee0-d83603326d45 ([UPDATE_GAME_MODE])
[12:38:04] [Render thread/WARN] (Minecraft) Ignoring player info update for unknown player b695ff53-7c49-3cb7-a516-971d6059cc0c ([UPDATE_GAME_MODE])
[12:38:04] [Render thread/WARN] (Minecraft) Ignoring player info update for unknown player b695ff53-7c49-3cb7-a516-971d6059cc0c ([UPDATE_GAME_MODE])
[12:38:04] [Render thread/WARN] (Minecraft) Ignoring player info update for unknown player b695ff53-7c49-3cb7-a516-971d6059cc0c ([UPDATE_GAME_MODE])
[12:38:04] [Render thread/WARN] (Minecraft) Ignoring player info update for unknown player b695ff53-7c49-3cb7-a516-971d6059cc0c ([UPDATE_GAME_MODE])
[12:38:05] [Render thread/WARN] (Minecraft) Ignoring player info update for unknown player cdd2e2fd-dfff-3305-b1f2-3a8f740fd171 ([UPDATE_GAME_MODE])
[12:38:05] [Render thread/WARN] (Minecraft) Ignoring player info update for unknown player cdd2e2fd-dfff-3305-b1f2-3a8f740fd171 ([UPDATE_GAME_MODE])
[12:38:07] [Render thread/INFO] (Minecraft) [System] [CHAT] ╔
[12:38:07] [Render thread/INFO] (Minecraft) [System] [CHAT] ╠ Мы есть в ДС - discord.gg/spookytime
[12:38:07] [Render thread/INFO] (Minecraft) [System] [CHAT] ╚
[12:38:08] [Render thread/INFO] (Minecraft) [System] [CHAT] [Use Tracker] » §7PixelNinja использовал "§cЗачарованное золотое яблоко§7"
[12:38:08] [Render thread/WARN] (Minecraft) Ignoring player info update for unknown player 77a2206d-0e58-3b21-abf1-e73e277c99bb ([UPDATE_GAME_MODE])
[12:38:08] [Render thread/WARN] (Minecraft) Ignoring player info update for unknown player 77a2206d-0e58-3b21-abf1-e73e277c99bb ([UPDATE_GAME_MODE])
[12:38:08] [Render thread/WARN] (Minecraft) Ignoring player info update for unknown player 77a2206d-0e58-3b21-abf1-e73e277c99bb ([UPDATE_GAME_MODE])
[12:38:08] [Render thread/WARN] (Minecraft) Ignoring player info update for unknown player 77a2206d-0e58-3b21-abf1-e73e277c99bb ([UPDATE_GAME_MODE])
[12:38:12] [Render thread/INFO] (Minecraft) [System] [CHAT] Ⓖ [Игрок] BOYYSAO ⇨ кто 1на1 кидайте дуель або кара або щити
[12:38:14] [Render thread/WARN] (Minecraft) Ignoring player info update for unknown player d0866d9f-0bfe-3e86-99e4-4872ae692e51 ([UPDATE_GAME_MODE])
[12:38:14] [Render thread/WARN] (Minecraft) Ignoring player info update for unknown player d0866d9f-0bfe-3e86-99e4-4872ae692e51 ([UPDATE_GAME_MODE])
[12:38:16] [Render thread/WARN] (Minecraft) Ignoring player info update for unknown player d519e382-66e0-3a4c-a846-cb040f0a9c23 ([UPDATE_GAME_MODE])
[12:38:16] [Render thread/WARN] (Minecraft) Ignoring player info update for unknown player d519e382-66e0-3a4c-a846-cb040f0a9c23 ([UPDATE_GAME_MODE])
[12:38:16] [Render thread/WARN] (Minecraft) Ignoring player info update for unknown player d519e382-66e0-3a4c-a846-cb040f0a9c23 ([UPDATE_GAME_MODE])
[12:38:16] [Render thread/WARN] (Minecraft) Ignoring player info update for unknown player d519e382-66e0-3a4c-a846-cb040f0a9c23 ([UPDATE_GAME_MODE])
[12:38:16] [Render thread/INFO] (Minecraft) [System] [CHAT] Ⓖ [ʟᴇɢᴇɴᴅ] loondon SOLO ⇨ Спек loondon
[12:38:17] [Render thread/WARN] (Minecraft) Ignoring player info update for unknown player 36aad527-626c-3cf9-957f-ce24bf7a6ab0 ([UPDATE_GAME_MODE])
[12:38:17] [Render thread/WARN] (Minecraft) Ignoring player info update for unknown player 36aad527-626c-3cf9-957f-ce24bf7a6ab0 ([UPDATE_GAME_MODE])
[12:38:17] [Render thread/WARN] (Minecraft) Ignoring player info update for unknown player 36aad527-626c-3cf9-957f-ce24bf7a6ab0 ([UPDATE_GAME_MODE])
[12:38:17] [Render thread/WARN] (Minecraft) Ignoring player info update for unknown player 36aad527-626c-3cf9-957f-ce24bf7a6ab0 ([UPDATE_GAME_MODE])
[12:38:18] [Render thread/WARN] (Minecraft) Ignoring player info update for unknown player 95fadde1-3f60-3a9d-81ca-d7a8c7b21051 ([UPDATE_GAME_MODE])
[12:38:18] [Render thread/WARN] (Minecraft) Ignoring player info update for unknown player 95fadde1-3f60-3a9d-81ca-d7a8c7b21051 ([UPDATE_GAME_MODE])
[12:38:18] [Render thread/WARN] (Minecraft) Ignoring player info update for unknown player 95fadde1-3f60-3a9d-81ca-d7a8c7b21051 ([UPDATE_GAME_MODE])
[12:38:18] [Render thread/WARN] (Minecraft) Ignoring player info update for unknown player 95fadde1-3f60-3a9d-81ca-d7a8c7b21051 ([UPDATE_GAME_MODE])
[12:38:21] [Render thread/INFO] (Minecraft) [System] [CHAT] Ⓖ [Игрок] wowik_povik ⇨ ezzz ferzmc soft
[12:38:26] [Render thread/INFO] (Minecraft) [System] [CHAT] Ⓖ [Игрок] 1wintobic ⇨ спек 1wintobic
[12:38:26] [Render thread/INFO] (Minecraft) [System] [CHAT] Ⓖ [Игрок] s1zell ⇨ коч
[12:38:26] [Render thread/INFO] (Minecraft) [System] [CHAT] Ⓖ [Игрок] W1NST0N112222465 ⇨ ezzzz
[12:38:27] [Render thread/INFO] (Minecraft) [System] [CHAT] Ⓖ [Игрок] BOYYSAO ⇨ кто 1на1 кидайте дуель або кара або щити
[12:38:27] [Render thread/WARN] (Minecraft) Ignoring player info update for unknown player a1ea9b6f-b9f9-3eb4-a145-fb451feb29ca ([UPDATE_GAME_MODE])
[12:38:27] [Render thread/WARN] (Minecraft) Ignoring player info update for unknown player a1ea9b6f-b9f9-3eb4-a145-fb451feb29ca ([UPDATE_GAME_MODE])
[12:38:28] [Render thread/WARN] (Minecraft) Ignoring player info update for unknown player 66a9a010-98c5-39be-88bf-cf79ee2103bf ([UPDATE_GAME_MODE])
[12:38:28] [Render thread/WARN] (Minecraft) Ignoring player info update for unknown player 66a9a010-98c5-39be-88bf-cf79ee2103bf ([UPDATE_GAME_MODE])
[12:38:28] [Render thread/WARN] (Minecraft) Ignoring player info update for unknown player 66a9a010-98c5-39be-88bf-cf79ee2103bf ([UPDATE_GAME_MODE])
[12:38:28] [Render thread/WARN] (Minecraft) Ignoring player info update for unknown player 66a9a010-98c5-39be-88bf-cf79ee2103bf ([UPDATE_GAME_MODE])
[12:38:29] [Render thread/INFO] (Minecraft) [System] [CHAT] Ⓖ [Игрок] 1wintobic ⇨ спек 1wintobic
[12:38:30] [Render thread/WARN] (Minecraft) Ignoring player info update for unknown player 1b715524-79ad-3da4-aaa5-f20e2ed37e8c ([UPDATE_GAME_MODE])
[12:38:30] [Render thread/WARN] (Minecraft) Ignoring player info update for unknown player 1b715524-79ad-3da4-aaa5-f20e2ed37e8c ([UPDATE_GAME_MODE])
[12:38:30] [Render thread/WARN] (Minecraft) Ignoring player info update for unknown player 1b715524-79ad-3da4-aaa5-f20e2ed37e8c ([UPDATE_GAME_MODE])
[12:38:30] [Render thread/WARN] (Minecraft) Ignoring player info update for unknown player 1b715524-79ad-3da4-aaa5-f20e2ed37e8c ([UPDATE_GAME_MODE])
[12:38:30] [Render thread/WARN] (Minecraft) Ignoring player info update for unknown player 1819d36f-f17b-3afd-956d-d5fae62bc0e1 ([UPDATE_GAME_MODE])
[12:38:30] [Render thread/WARN] (Minecraft) Ignoring player info update for unknown player 1819d36f-f17b-3afd-956d-d5fae62bc0e1 ([UPDATE_GAME_MODE])
[12:38:30] [Render thread/WARN] (Minecraft) Ignoring player info update for unknown player 1819d36f-f17b-3afd-956d-d5fae62bc0e1 ([UPDATE_GAME_MODE])
[12:38:30] [Render thread/WARN] (Minecraft) Ignoring player info update for unknown player 1819d36f-f17b-3afd-956d-d5fae62bc0e1 ([UPDATE_GAME_MODE])
[12:38:31] [Render thread/WARN] (Minecraft) Ignoring player info update for unknown player 07559623-acc1-35b9-a278-302b3ca121f3 ([UPDATE_GAME_MODE])
[12:38:31] [Render thread/WARN] (Minecraft) Ignoring player info update for unknown player 07559623-acc1-35b9-a278-302b3ca121f3 ([UPDATE_GAME_MODE])
[12:38:31] [Render thread/WARN] (Minecraft) Ignoring player info update for unknown player 07559623-acc1-35b9-a278-302b3ca121f3 ([UPDATE_GAME_MODE])
[12:38:31] [Render thread/WARN] (Minecraft) Ignoring player info update for unknown player 07559623-acc1-35b9-a278-302b3ca121f3 ([UPDATE_GAME_MODE])
[12:38:38] [Render thread/WARN] (Minecraft) Ignoring player info update for unknown player 1ccae686-90c1-3ebc-9808-05bb4041a29a ([UPDATE_GAME_MODE])
[12:38:38] [Render thread/WARN] (Minecraft) Ignoring player info update for unknown player 1ccae686-90c1-3ebc-9808-05bb4041a29a ([UPDATE_GAME_MODE])
[12:38:38] [Render thread/WARN] (Minecraft) Ignoring player info update for unknown player 1ccae686-90c1-3ebc-9808-05bb4041a29a ([UPDATE_GAME_MODE])
[12:38:38] [Render thread/WARN] (Minecraft) Ignoring player info update for unknown player 1ccae686-90c1-3ebc-9808-05bb4041a29a ([UPDATE_GAME_MODE])
[12:38:41] [Render thread/WARN] (Minecraft) Ignoring player info update for unknown player ea5fad00-d99b-3bf4-aece-8c85339b81d9 ([UPDATE_GAME_MODE])
[12:38:41] [Render thread/WARN] (Minecraft) Ignoring player info update for unknown player ea5fad00-d99b-3bf4-aece-8c85339b81d9 ([UPDATE_GAME_MODE])
[12:38:41] [Render thread/WARN] (Minecraft) Ignoring player info update for unknown player ea5fad00-d99b-3bf4-aece-8c85339b81d9 ([UPDATE_GAME_MODE])
[12:38:41] [Render thread/WARN] (Minecraft) Ignoring player info update for unknown player ea5fad00-d99b-3bf4-aece-8c85339b81d9 ([UPDATE_GAME_MODE])
[12:38:42] [Render thread/INFO] (Minecraft) [System] [CHAT] Ⓖ [Игрок] 1wintobic ⇨ спек 1wintobic
[12:38:47] [Render thread/WARN] (Minecraft) Ignoring player info update for unknown player 38885a42-d938-3e96-9810-e827b96c725b ([UPDATE_GAME_MODE])
[12:38:47] [Render thread/WARN] (Minecraft) Ignoring player info update for unknown player 38885a42-d938-3e96-9810-e827b96c725b ([UPDATE_GAME_MODE])
[12:38:47] [Render thread/WARN] (Minecraft) Ignoring player info update for unknown player c326761b-9b52-316c-b3fa-45aa8e2aec01 ([UPDATE_GAME_MODE])
[12:38:47] [Render thread/WARN] (Minecraft) Ignoring player info update for unknown player c326761b-9b52-316c-b3fa-45aa8e2aec01 ([UPDATE_GAME_MODE])
[12:38:47] [Render thread/WARN] (Minecraft) Ignoring player info update for unknown player c326761b-9b52-316c-b3fa-45aa8e2aec01 ([UPDATE_GAME_MODE])
[12:38:47] [Render thread/WARN] (Minecraft) Ignoring player info update for unknown player c326761b-9b52-316c-b3fa-45aa8e2aec01 ([UPDATE_GAME_MODE])
[12:38:52] [Render thread/WARN] (Minecraft) Ignoring player info update for unknown player 3f527676-7721-3f37-9d04-1d8e627f842f ([UPDATE_GAME_MODE])
[12:38:52] [Render thread/WARN] (Minecraft) Ignoring player info update for unknown player 3f527676-7721-3f37-9d04-1d8e627f842f ([UPDATE_GAME_MODE])
[12:38:54] [Render thread/WARN] (Minecraft) Ignoring player info update for unknown player 4468a0c4-6b6c-36bc-bc05-e535821454e8 ([UPDATE_GAME_MODE])
[12:38:54] [Render thread/WARN] (Minecraft) Ignoring player info update for unknown player 4468a0c4-6b6c-36bc-bc05-e535821454e8 ([UPDATE_GAME_MODE])
[12:38:54] [Render thread/WARN] (Minecraft) Ignoring player info update for unknown player 4468a0c4-6b6c-36bc-bc05-e535821454e8 ([UPDATE_GAME_MODE])
[12:38:54] [Render thread/WARN] (Minecraft) Ignoring player info update for unknown player 4468a0c4-6b6c-36bc-bc05-e535821454e8 ([UPDATE_GAME_MODE])
[12:38:55] [Render thread/WARN] (Minecraft) Ignoring player info update for unknown player c0f627b8-94cf-3af4-a436-e84c464a0006 ([UPDATE_GAME_MODE])
[12:38:55] [Render thread/WARN] (Minecraft) Ignoring player info update for unknown player c0f627b8-94cf-3af4-a436-e84c464a0006 ([UPDATE_GAME_MODE])
[12:38:55] [Render thread/WARN] (Minecraft) Ignoring player info update for unknown player c0f627b8-94cf-3af4-a436-e84c464a0006 ([UPDATE_GAME_MODE])
[12:38:55] [Render thread/WARN] (Minecraft) Ignoring player info update for unknown player c0f627b8-94cf-3af4-a436-e84c464a0006 ([UPDATE_GAME_MODE])
[12:38:56] [Render thread/WARN] (Minecraft) Ignoring player info update for unknown player aac4fef2-821f-3a64-852e-6eed748b08c0 ([UPDATE_GAME_MODE])
[12:38:56] [Render thread/WARN] (Minecraft) Ignoring player info update for unknown player aac4fef2-821f-3a64-852e-6eed748b08c0 ([UPDATE_GAME_MODE])
[12:38:56] [Render thread/WARN] (Minecraft) Ignoring player info update for unknown player 0aa53beb-60b1-3432-8946-ee6ee19eeb85 ([UPDATE_GAME_MODE])
[12:38:56] [Render thread/WARN] (Minecraft) Ignoring player info update for unknown player 0aa53beb-60b1-3432-8946-ee6ee19eeb85 ([UPDATE_GAME_MODE])
[12:38:56] [Render thread/WARN] (Minecraft) Ignoring player info update for unknown player 0aa53beb-60b1-3432-8946-ee6ee19eeb85 ([UPDATE_GAME_MODE])
[12:38:56] [Render thread/WARN] (Minecraft) Ignoring player info update for unknown player 0aa53beb-60b1-3432-8946-ee6ee19eeb85 ([UPDATE_GAME_MODE])
[12:38:58] [Render thread/WARN] (Minecraft) Ignoring player info update for unknown player e8123547-6f1e-3118-93cd-946dfceb0181 ([UPDATE_GAME_MODE])
[12:38:58] [Render thread/WARN] (Minecraft) Ignoring player info update for unknown player e8123547-6f1e-3118-93cd-946dfceb0181 ([UPDATE_GAME_MODE])
[12:38:58] [Render thread/WARN] (Minecraft) Ignoring player info update for unknown player e8123547-6f1e-3118-93cd-946dfceb0181 ([UPDATE_GAME_MODE])
[12:38:58] [Render thread/WARN] (Minecraft) Ignoring player info update for unknown player e8123547-6f1e-3118-93cd-946dfceb0181 ([UPDATE_GAME_MODE])
[12:39:03] [Render thread/INFO] (Minecraft) [System] [CHAT] [Дуэли] Вы потерпели поражение в этом бою! :3
[12:39:03] [Render thread/INFO] (Minecraft) [System] [CHAT] §6╔
[12:39:03] [Render thread/INFO] (Minecraft) [System] [CHAT] §6║ §aПобедитель§f: §ePixelNinja
[12:39:03] [Render thread/INFO] (Minecraft) [System] [CHAT] §6║ §cПроигравший§f: §essiwipe28
[12:39:03] [Render thread/INFO] (Minecraft) [System] [CHAT] §6╚
[12:39:03] [Render thread/WARN] (Minecraft) Ignoring player info update for unknown player da4ea09d-261d-3f0e-8de4-86064902165a ([UPDATE_GAME_MODE])
[12:39:03] [Render thread/WARN] (Minecraft) Ignoring player info update for unknown player da4ea09d-261d-3f0e-8de4-86064902165a ([UPDATE_GAME_MODE])
[12:39:04] [Render thread/WARN] (Minecraft) Received passengers for unknown entity
[12:39:04] [Render thread/WARN] (Minecraft) Ignoring player info update for unknown player c86152c1-f91e-36fb-9efa-e23487bf1533 ([UPDATE_GAME_MODE])
[12:39:04] [Render thread/WARN] (Minecraft) Ignoring player info update for unknown player c86152c1-f91e-36fb-9efa-e23487bf1533 ([UPDATE_GAME_MODE])
[12:39:04] [Render thread/WARN] (Minecraft) Ignoring player info update for unknown player c86152c1-f91e-36fb-9efa-e23487bf1533 ([UPDATE_GAME_MODE])
[12:39:04] [Render thread/WARN] (Minecraft) Ignoring player info update for unknown player c86152c1-f91e-36fb-9efa-e23487bf1533 ([UPDATE_GAME_MODE])
[12:39:08] [Render thread/WARN] (Minecraft) Ignoring player info update for unknown player 118b5ed7-f9f1-3bda-acf9-3471b54cb2b4 ([UPDATE_GAME_MODE])
[12:39:08] [Render thread/WARN] (Minecraft) Ignoring player info update for unknown player 118b5ed7-f9f1-3bda-acf9-3471b54cb2b4 ([UPDATE_GAME_MODE])
[12:39:08] [Render thread/WARN] (Minecraft) Ignoring player info update for unknown player 118b5ed7-f9f1-3bda-acf9-3471b54cb2b4 ([UPDATE_GAME_MODE])
[12:39:08] [Render thread/WARN] (Minecraft) Ignoring player info update for unknown player 118b5ed7-f9f1-3bda-acf9-3471b54cb2b4 ([UPDATE_GAME_MODE])
[12:39:09] [Render thread/WARN] (Minecraft) Ignoring player info update for unknown player 8b1279c7-ff09-3215-951a-5949b4ec9c3f ([UPDATE_GAME_MODE])
[12:39:09] [Render thread/WARN] (Minecraft) Ignoring player info update for unknown player 8b1279c7-ff09-3215-951a-5949b4ec9c3f ([UPDATE_GAME_MODE])
[12:39:09] [Render thread/WARN] (Minecraft) Ignoring player info update for unknown player 8b1279c7-ff09-3215-951a-5949b4ec9c3f ([UPDATE_GAME_MODE])
[12:39:09] [Render thread/WARN] (Minecraft) Ignoring player info update for unknown player 8b1279c7-ff09-3215-951a-5949b4ec9c3f ([UPDATE_GAME_MODE])
[12:39:11] [Render thread/WARN] (Minecraft) Ignoring player info update for unknown player bd1019a5-704e-315f-a228-5b75a47cb8f9 ([UPDATE_GAME_MODE])
[12:39:11] [Render thread/WARN] (Minecraft) Ignoring player info update for unknown player bd1019a5-704e-315f-a228-5b75a47cb8f9 ([UPDATE_GAME_MODE])
[12:39:11] [Render thread/WARN] (Minecraft) Ignoring player info update for unknown player bd1019a5-704e-315f-a228-5b75a47cb8f9 ([UPDATE_GAME_MODE])
[12:39:11] [Render thread/WARN] (Minecraft) Ignoring player info update for unknown player bd1019a5-704e-315f-a228-5b75a47cb8f9 ([UPDATE_GAME_MODE])
[12:39:14] [Render thread/WARN] (Minecraft) Ignoring player info update for unknown player b579a104-7d58-3464-b1f0-f6c64be076ec ([UPDATE_GAME_MODE])
[12:39:14] [Render thread/WARN] (Minecraft) Ignoring player info update for unknown player b579a104-7d58-3464-b1f0-f6c64be076ec ([UPDATE_GAME_MODE])
[12:39:14] [Render thread/WARN] (Minecraft) Ignoring player info update for unknown player b579a104-7d58-3464-b1f0-f6c64be076ec ([UPDATE_GAME_MODE])
[12:39:14] [Render thread/WARN] (Minecraft) Ignoring player info update for unknown player b579a104-7d58-3464-b1f0-f6c64be076ec ([UPDATE_GAME_MODE])
[12:39:14] [Render thread/WARN] (Minecraft) Ignoring player info update for unknown player fdd2979d-e9b1-35fd-9d16-02e0be4b2d66 ([UPDATE_GAME_MODE])
[12:39:14] [Render thread/WARN] (Minecraft) Ignoring player info update for unknown player fdd2979d-e9b1-35fd-9d16-02e0be4b2d66 ([UPDATE_GAME_MODE])
[12:39:14] [Render thread/WARN] (Minecraft) Ignoring player info update for unknown player fdd2979d-e9b1-35fd-9d16-02e0be4b2d66 ([UPDATE_GAME_MODE])
[12:39:14] [Render thread/WARN] (Minecraft) Ignoring player info update for unknown player fdd2979d-e9b1-35fd-9d16-02e0be4b2d66 ([UPDATE_GAME_MODE])
[12:39:22] [Render thread/INFO] (Minecraft) [System] [CHAT] ╔══════════════════════════════════\n║ > ❤ Игрок никскрыт купил 1 СУПЕР Кейс с Донатом\n║ > Проверь свою удачу у нас!\n║ > Покупай и ты на сайте shop.SpookyTime.net\n╚══════════════════════════════════
[12:39:23] [Render thread/WARN] (Minecraft) Ignoring player info update for unknown player 5b28e5f1-3d87-3603-ad7e-e3eaebbcb2a0 ([UPDATE_GAME_MODE])
[12:39:23] [Render thread/WARN] (Minecraft) Ignoring player info update for unknown player 5b28e5f1-3d87-3603-ad7e-e3eaebbcb2a0 ([UPDATE_GAME_MODE])
[12:39:23] [Render thread/WARN] (Minecraft) Ignoring player info update for unknown player 5b28e5f1-3d87-3603-ad7e-e3eaebbcb2a0 ([UPDATE_GAME_MODE])
[12:39:23] [Render thread/WARN] (Minecraft) Ignoring player info update for unknown player 5b28e5f1-3d87-3603-ad7e-e3eaebbcb2a0 ([UPDATE_GAME_MODE])
[12:39:23] [Render thread/WARN] (Minecraft) Ignoring player info update for unknown player 07336be8-e2a2-3923-8724-11024e1ccda4 ([UPDATE_GAME_MODE])
[12:39:23] [Render thread/WARN] (Minecraft) Ignoring player info update for unknown player 07336be8-e2a2-3923-8724-11024e1ccda4 ([UPDATE_GAME_MODE])
[12:39:23] [Render thread/WARN] (Minecraft) Ignoring player info update for unknown player 07336be8-e2a2-3923-8724-11024e1ccda4 ([UPDATE_GAME_MODE])
[12:39:23] [Render thread/WARN] (Minecraft) Ignoring player info update for unknown player 07336be8-e2a2-3923-8724-11024e1ccda4 ([UPDATE_GAME_MODE])
[12:39:23] [Render thread/INFO] (Minecraft) [System] [CHAT] Ⓖ [ɢᴏᴅ] Trigger_MC ⇨ all ансофты кидайте дуэли
[12:39:24] [Render thread/WARN] (Minecraft) Ignoring player info update for unknown player 1f44c7d3-c745-3703-a41f-81306f6def50 ([UPDATE_GAME_MODE])
[12:39:24] [Render thread/WARN] (Minecraft) Ignoring player info update for unknown player 1f44c7d3-c745-3703-a41f-81306f6def50 ([UPDATE_GAME_MODE])
[12:39:24] [Render thread/WARN] (Minecraft) Ignoring player info update for unknown player 1f44c7d3-c745-3703-a41f-81306f6def50 ([UPDATE_GAME_MODE])
[12:39:24] [Render thread/WARN] (Minecraft) Ignoring player info update for unknown player 1f44c7d3-c745-3703-a41f-81306f6def50 ([UPDATE_GAME_MODE])
[12:39:26] [Render thread/WARN] (Minecraft) Ignoring player info update for unknown player 28658c02-3105-3795-99f5-e1a1e63e23b9 ([UPDATE_GAME_MODE])
[12:39:26] [Render thread/WARN] (Minecraft) Ignoring player info update for unknown player 28658c02-3105-3795-99f5-e1a1e63e23b9 ([UPDATE_GAME_MODE])
[12:39:26] [Render thread/WARN] (Minecraft) Ignoring player info update for unknown player 28658c02-3105-3795-99f5-e1a1e63e23b9 ([UPDATE_GAME_MODE])
[12:39:26] [Render thread/WARN] (Minecraft) Ignoring player info update for unknown player 28658c02-3105-3795-99f5-e1a1e63e23b9 ([UPDATE_GAME_MODE])
[12:39:30] [Render thread/WARN] (Minecraft) Ignoring player info update for unknown player 93a10806-c1ca-32a3-9d98-cb22131cb49f ([UPDATE_GAME_MODE])
[12:39:30] [Render thread/WARN] (Minecraft) Ignoring player info update for unknown player 93a10806-c1ca-32a3-9d98-cb22131cb49f ([UPDATE_GAME_MODE])
[12:39:30] [Render thread/WARN] (Minecraft) Ignoring player info update for unknown player 93a10806-c1ca-32a3-9d98-cb22131cb49f ([UPDATE_GAME_MODE])
[12:39:30] [Render thread/WARN] (Minecraft) Ignoring player info update for unknown player 93a10806-c1ca-32a3-9d98-cb22131cb49f ([UPDATE_GAME_MODE])
[12:39:31] [Render thread/WARN] (Minecraft) Ignoring player info update for unknown player 1fe17080-c1b2-3bd7-80e8-e6b57b8fc3b8 ([UPDATE_GAME_MODE])
[12:39:31] [Render thread/WARN] (Minecraft) Ignoring player info update for unknown player 1fe17080-c1b2-3bd7-80e8-e6b57b8fc3b8 ([UPDATE_GAME_MODE])
[12:39:35] [Render thread/WARN] (Minecraft) Ignoring player info update for unknown player 0a3817c7-cade-3ff0-8022-b1c4fc96427b ([UPDATE_GAME_MODE])
[12:39:35] [Render thread/WARN] (Minecraft) Ignoring player info update for unknown player 0a3817c7-cade-3ff0-8022-b1c4fc96427b ([UPDATE_GAME_MODE])
[12:39:35] [Render thread/WARN] (Minecraft) Ignoring player info update for unknown player 0a3817c7-cade-3ff0-8022-b1c4fc96427b ([UPDATE_GAME_MODE])
[12:39:35] [Render thread/WARN] (Minecraft) Ignoring player info update for unknown player 0a3817c7-cade-3ff0-8022-b1c4fc96427b ([UPDATE_GAME_MODE])
[12:39:35] [Render thread/WARN] (Minecraft) Ignoring player info update for unknown player 85a787f1-981b-3549-adb0-c3970cb1e10b ([UPDATE_GAME_MODE])
[12:39:35] [Render thread/WARN] (Minecraft) Ignoring player info update for unknown player 85a787f1-981b-3549-adb0-c3970cb1e10b ([UPDATE_GAME_MODE])
[12:39:37] [Render thread/INFO] (Minecraft) [System] [CHAT] ╔
[12:39:37] [Render thread/INFO] (Minecraft) [System] [CHAT] ╠       ! НАБОР В КОМАНДУ ПРОЕКТА !
[12:39:37] [Render thread/INFO] (Minecraft) [System] [CHAT] ╠ Открыт летний набор в Команду Проекта
[12:39:37] [Render thread/INFO] (Minecraft) [System] [CHAT] ╠ Давай бороться с читерами вместе!
[12:39:37] [Render thread/INFO] (Minecraft) [System] [CHAT] ╠ Подавай заявку и ты: vk.cc/cCSS5u
[12:39:37] [Render thread/INFO] (Minecraft) [System] [CHAT] ╚
[12:39:38] [Render thread/WARN] (Minecraft) Ignoring player info update for unknown player ad674322-60cf-3d31-a3a1-0297e5225dbd ([UPDATE_GAME_MODE])
[12:39:38] [Render thread/WARN] (Minecraft) Ignoring player info update for unknown player ad674322-60cf-3d31-a3a1-0297e5225dbd ([UPDATE_GAME_MODE])
[12:39:38] [Render thread/WARN] (Minecraft) Ignoring player info update for unknown player ad674322-60cf-3d31-a3a1-0297e5225dbd ([UPDATE_GAME_MODE])
[12:39:38] [Render thread/WARN] (Minecraft) Ignoring player info update for unknown player ad674322-60cf-3d31-a3a1-0297e5225dbd ([UPDATE_GAME_MODE])
[12:39:39] [Render thread/WARN] (Minecraft) Ignoring player info update for unknown player 64ec7bf0-2e3e-3362-ba9d-2c5adb81c098 ([UPDATE_GAME_MODE])
[12:39:39] [Render thread/WARN] (Minecraft) Ignoring player info update for unknown player 64ec7bf0-2e3e-3362-ba9d-2c5adb81c098 ([UPDATE_GAME_MODE])
[12:39:39] [Render thread/WARN] (Minecraft) Ignoring player info update for unknown player 64ec7bf0-2e3e-3362-ba9d-2c5adb81c098 ([UPDATE_GAME_MODE])
[12:39:39] [Render thread/WARN] (Minecraft) Ignoring player info update for unknown player 64ec7bf0-2e3e-3362-ba9d-2c5adb81c098 ([UPDATE_GAME_MODE])
[12:39:41] [Render thread/INFO] (Minecraft) [System] [CHAT] Ⓛ [ɢᴏᴅ] nowever1 WIN ⇨ мда фул камбит
[12:39:43] [Render thread/WARN] (Minecraft) Ignoring player info update for unknown player b420dee3-e831-3023-95f3-49c67b7b7931 ([UPDATE_GAME_MODE])
[12:39:43] [Render thread/WARN] (Minecraft) Ignoring player info update for unknown player b420dee3-e831-3023-95f3-49c67b7b7931 ([UPDATE_GAME_MODE])
[12:39:43] [Render thread/WARN] (Minecraft) Ignoring player info update for unknown player ac474975-9309-37ab-864f-97d3e41a9e4d ([UPDATE_GAME_MODE])
[12:39:43] [Render thread/WARN] (Minecraft) Ignoring player info update for unknown player ac474975-9309-37ab-864f-97d3e41a9e4d ([UPDATE_GAME_MODE])
[12:39:44] [Render thread/WARN] (Minecraft) Ignoring player info update for unknown player 38afec75-a9a0-3eb0-82ee-29c50ecfff10 ([UPDATE_GAME_MODE])
[12:39:44] [Render thread/WARN] (Minecraft) Ignoring player info update for unknown player 38afec75-a9a0-3eb0-82ee-29c50ecfff10 ([UPDATE_GAME_MODE])
[12:39:44] [Render thread/WARN] (Minecraft) Ignoring player info update for unknown player 38afec75-a9a0-3eb0-82ee-29c50ecfff10 ([UPDATE_GAME_MODE])
[12:39:44] [Render thread/WARN] (Minecraft) Ignoring player info update for unknown player 38afec75-a9a0-3eb0-82ee-29c50ecfff10 ([UPDATE_GAME_MODE])
[12:39:45] [Render thread/INFO] (Minecraft) [System] [CHAT] Ⓖ [Игрок] Dgost1 ⇨ ez by zorik and euphoria dlc
[12:39:47] [Render thread/WARN] (Minecraft) Ignoring player info update for unknown player 9380ca63-99e3-38ef-b0a9-ac2ffba9dea8 ([UPDATE_GAME_MODE])
[12:39:47] [Render thread/WARN] (Minecraft) Ignoring player info update for unknown player 9380ca63-99e3-38ef-b0a9-ac2ffba9dea8 ([UPDATE_GAME_MODE])
[12:39:47] [Render thread/WARN] (Minecraft) Ignoring player info update for unknown player 9380ca63-99e3-38ef-b0a9-ac2ffba9dea8 ([UPDATE_GAME_MODE])
[12:39:47] [Render thread/WARN] (Minecraft) Ignoring player info update for unknown player 9380ca63-99e3-38ef-b0a9-ac2ffba9dea8 ([UPDATE_GAME_MODE])
[12:39:47] [Render thread/INFO] (Minecraft) [System] [CHAT] Ⓖ [Игрок] ne_common4ik ⇨ -ezz
[12:39:47] [Render thread/INFO] (Minecraft) [System] [CHAT] Ⓛ [ʀᴇᴄʀᴜɪᴛ] XDEARFTTt ⇨ ez
[12:39:51] [Render thread/INFO] (Minecraft) [System] [CHAT] Ⓖ [Игрок] ne_common4ik ⇨ ez
[12:39:51] [Render thread/WARN] (Minecraft) Ignoring player info update for unknown player d762b3b3-5984-3f4f-bd23-192808d5f85a ([UPDATE_GAME_MODE])
[12:39:51] [Render thread/WARN] (Minecraft) Ignoring player info update for unknown player d762b3b3-5984-3f4f-bd23-192808d5f85a ([UPDATE_GAME_MODE])
[12:39:52] [Render thread/INFO] (Minecraft) [System] [CHAT] Ⓖ [ɢᴏᴅ] Trigger_MC ⇨ all ансофты кидайте дуэли
[12:39:53] [Render thread/WARN] (Minecraft) Ignoring player info update for unknown player 9373c04d-0dec-3014-be9d-232ca5378a36 ([UPDATE_GAME_MODE])
[12:39:53] [Render thread/WARN] (Minecraft) Ignoring player info update for unknown player 9373c04d-0dec-3014-be9d-232ca5378a36 ([UPDATE_GAME_MODE])
[12:39:53] [Render thread/WARN] (Minecraft) Ignoring player info update for unknown player 9373c04d-0dec-3014-be9d-232ca5378a36 ([UPDATE_GAME_MODE])
[12:39:53] [Render thread/WARN] (Minecraft) Ignoring player info update for unknown player 9373c04d-0dec-3014-be9d-232ca5378a36 ([UPDATE_GAME_MODE])
[12:39:56] [Render thread/WARN] (Minecraft) Ignoring player info update for unknown player 6e044fdd-cbd0-3476-8cb0-4ab6030f4fb5 ([UPDATE_GAME_MODE])
[12:39:56] [Render thread/WARN] (Minecraft) Ignoring player info update for unknown player 6e044fdd-cbd0-3476-8cb0-4ab6030f4fb5 ([UPDATE_GAME_MODE])
[12:39:56] [Render thread/WARN] (Minecraft) Ignoring player info update for unknown player 6e044fdd-cbd0-3476-8cb0-4ab6030f4fb5 ([UPDATE_GAME_MODE])
[12:39:56] [Render thread/WARN] (Minecraft) Ignoring player info update for unknown player 6e044fdd-cbd0-3476-8cb0-4ab6030f4fb5 ([UPDATE_GAME_MODE])
[12:39:57] [Render thread/WARN] (Minecraft) Ignoring player info update for unknown player e3700bee-96f3-325d-87ce-3d655451ae2e ([UPDATE_GAME_MODE])
[12:39:57] [Render thread/WARN] (Minecraft) Ignoring player info update for unknown player e3700bee-96f3-325d-87ce-3d655451ae2e ([UPDATE_GAME_MODE])
[12:39:57] [Render thread/WARN] (Minecraft) Ignoring player info update for unknown player e3700bee-96f3-325d-87ce-3d655451ae2e ([UPDATE_GAME_MODE])
[12:39:57] [Render thread/WARN] (Minecraft) Ignoring player info update for unknown player e3700bee-96f3-325d-87ce-3d655451ae2e ([UPDATE_GAME_MODE])
[12:39:59] [Render thread/INFO] (Minecraft) [System] [CHAT] Ⓖ [ɢᴏᴅ] solso477212 ⇨ ex
[12:40:05] [Render thread/WARN] (Minecraft) Ignoring player info update for unknown player c85137a9-d818-3eb2-9331-fbb0cf1df5b0 ([UPDATE_GAME_MODE])
[12:40:05] [Render thread/WARN] (Minecraft) Ignoring player info update for unknown player c85137a9-d818-3eb2-9331-fbb0cf1df5b0 ([UPDATE_GAME_MODE])
[12:40:05] [Render thread/WARN] (Minecraft) Ignoring player info update for unknown player c85137a9-d818-3eb2-9331-fbb0cf1df5b0 ([UPDATE_GAME_MODE])
[12:40:05] [Render thread/WARN] (Minecraft) Ignoring player info update for unknown player c85137a9-d818-3eb2-9331-fbb0cf1df5b0 ([UPDATE_GAME_MODE])
[12:40:06] [Render thread/WARN] (Minecraft) Ignoring player info update for unknown player 9eb5f0d9-57eb-3978-9966-7bfcdf860daf ([UPDATE_GAME_MODE])
[12:40:06] [Render thread/WARN] (Minecraft) Ignoring player info update for unknown player 9eb5f0d9-57eb-3978-9966-7bfcdf860daf ([UPDATE_GAME_MODE])
[12:40:06] [Render thread/WARN] (Minecraft) Ignoring player info update for unknown player 9eb5f0d9-57eb-3978-9966-7bfcdf860daf ([UPDATE_GAME_MODE])
[12:40:06] [Render thread/WARN] (Minecraft) Ignoring player info update for unknown player 9eb5f0d9-57eb-3978-9966-7bfcdf860daf ([UPDATE_GAME_MODE])
[12:40:08] [Render thread/INFO] (Minecraft) [System] [CHAT] Ⓛ [ʟᴇɢᴇɴᴅ] PashaCworesss ⇨ хахаха
[12:40:08] [Render thread/WARN] (Minecraft) Ignoring player info update for unknown player dd0564dc-38a0-3277-a056-91e6bcfb115a ([UPDATE_GAME_MODE])
[12:40:08] [Render thread/WARN] (Minecraft) Ignoring player info update for unknown player dd0564dc-38a0-3277-a056-91e6bcfb115a ([UPDATE_GAME_MODE])
[12:40:10] [Render thread/WARN] (Minecraft) Ignoring player info update for unknown player f210e621-a3dd-3f7d-9388-4329b85ea42a ([UPDATE_GAME_MODE])
[12:40:10] [Render thread/WARN] (Minecraft) Ignoring player info update for unknown player f210e621-a3dd-3f7d-9388-4329b85ea42a ([UPDATE_GAME_MODE])
[12:40:10] [Render thread/WARN] (Minecraft) Ignoring player info update for unknown player f210e621-a3dd-3f7d-9388-4329b85ea42a ([UPDATE_GAME_MODE])
[12:40:10] [Render thread/WARN] (Minecraft) Ignoring player info update for unknown player f210e621-a3dd-3f7d-9388-4329b85ea42a ([UPDATE_GAME_MODE])
[12:40:13] [Render thread/WARN] (Minecraft) Ignoring player info update for unknown player 3593a20f-bd3a-3b1e-8a20-735115adc0e2 ([UPDATE_GAME_MODE])
[12:40:13] [Render thread/WARN] (Minecraft) Ignoring player info update for unknown player 3593a20f-bd3a-3b1e-8a20-735115adc0e2 ([UPDATE_GAME_MODE])
[12:40:13] [Render thread/WARN] (Minecraft) Ignoring player info update for unknown player 3593a20f-bd3a-3b1e-8a20-735115adc0e2 ([UPDATE_GAME_MODE])
[12:40:13] [Render thread/WARN] (Minecraft) Ignoring player info update for unknown player 3593a20f-bd3a-3b1e-8a20-735115adc0e2 ([UPDATE_GAME_MODE])
[12:40:22] [Render thread/WARN] (Minecraft) Ignoring player info update for unknown player 7892c0a4-8816-3478-85e7-ce0ba9e66fd5 ([UPDATE_GAME_MODE])
[12:40:22] [Render thread/WARN] (Minecraft) Ignoring player info update for unknown player 7892c0a4-8816-3478-85e7-ce0ba9e66fd5 ([UPDATE_GAME_MODE])
[12:40:22] [Render thread/WARN] (Minecraft) Ignoring player info update for unknown player 7892c0a4-8816-3478-85e7-ce0ba9e66fd5 ([UPDATE_GAME_MODE])
[12:40:22] [Render thread/WARN] (Minecraft) Ignoring player info update for unknown player 7892c0a4-8816-3478-85e7-ce0ba9e66fd5 ([UPDATE_GAME_MODE])
[12:40:25] [Render thread/WARN] (Minecraft) Ignoring player info update for unknown player 9b98fed9-af8a-3232-bf8f-b2cb7fd481e2 ([UPDATE_GAME_MODE])
[12:40:25] [Render thread/WARN] (Minecraft) Ignoring player info update for unknown player 9b98fed9-af8a-3232-bf8f-b2cb7fd481e2 ([UPDATE_GAME_MODE])
[12:40:28] [Render thread/WARN] (Minecraft) Ignoring player info update for unknown player c85137a9-d818-3eb2-9331-fbb0cf1df5b0 ([UPDATE_GAME_MODE])
[12:40:28] [Render thread/WARN] (Minecraft) Ignoring player info update for unknown player c85137a9-d818-3eb2-9331-fbb0cf1df5b0 ([UPDATE_GAME_MODE])
[12:40:28] [Render thread/WARN] (Minecraft) Ignoring player info update for unknown player c85137a9-d818-3eb2-9331-fbb0cf1df5b0 ([UPDATE_GAME_MODE])
[12:40:28] [Render thread/WARN] (Minecraft) Ignoring player info update for unknown player c85137a9-d818-3eb2-9331-fbb0cf1df5b0 ([UPDATE_GAME_MODE])
[12:40:29] [Render thread/INFO] (Minecraft) [System] [CHAT] Ⓖ [ʟᴇɢᴇɴᴅ] TankB ⇨ sosososososos
[12:40:29] [Render thread/WARN] (Minecraft) Ignoring player info update for unknown player 3eb6b3d0-b0da-39a4-9c03-31a61c8bb635 ([UPDATE_GAME_MODE])
[12:40:29] [Render thread/WARN] (Minecraft) Ignoring player info update for unknown player 3eb6b3d0-b0da-39a4-9c03-31a61c8bb635 ([UPDATE_GAME_MODE])
[12:40:29] [Render thread/WARN] (Minecraft) Ignoring player info update for unknown player 3eb6b3d0-b0da-39a4-9c03-31a61c8bb635 ([UPDATE_GAME_MODE])
[12:40:29] [Render thread/WARN] (Minecraft) Ignoring player info update for unknown player 3eb6b3d0-b0da-39a4-9c03-31a61c8bb635 ([UPDATE_GAME_MODE])
[12:40:32] [Render thread/WARN] (Minecraft) Ignoring player info update for unknown player 20bfa56a-c7ba-3ea4-a2da-3c64b3a6a862 ([UPDATE_GAME_MODE])
[12:40:32] [Render thread/WARN] (Minecraft) Ignoring player info update for unknown player 20bfa56a-c7ba-3ea4-a2da-3c64b3a6a862 ([UPDATE_GAME_MODE])
[12:40:39] [Render thread/INFO] (Minecraft) [System] [CHAT] Ⓖ [ʟᴇɢᴇɴᴅ] TankB ⇨ -ezz
[12:40:41] [Render thread/INFO] (Minecraft) [System] [CHAT] Ⓖ [ɢᴏᴅ] XXXARBIKXXX ⇨ ansoft duel ez
[12:40:48] [Render thread/WARN] (Minecraft) Ignoring player info update for unknown player e9d44d89-661a-3412-883d-fc57da3fbc3d ([UPDATE_GAME_MODE])
[12:40:48] [Render thread/WARN] (Minecraft) Ignoring player info update for unknown player e9d44d89-661a-3412-883d-fc57da3fbc3d ([UPDATE_GAME_MODE])
[12:40:50] [Render thread/WARN] (Minecraft) Ignoring player info update for unknown player 4bc8e775-b1fd-3167-9bfb-5288849f8e26 ([UPDATE_GAME_MODE])
[12:40:50] [Render thread/WARN] (Minecraft) Ignoring player info update for unknown player 4bc8e775-b1fd-3167-9bfb-5288849f8e26 ([UPDATE_GAME_MODE])
[12:40:50] [Render thread/WARN] (Minecraft) Ignoring player info update for unknown player 293c464c-7e78-3bd7-9b1e-3d1c489eeea3 ([UPDATE_GAME_MODE])
[12:40:50] [Render thread/WARN] (Minecraft) Ignoring player info update for unknown player 293c464c-7e78-3bd7-9b1e-3d1c489eeea3 ([UPDATE_GAME_MODE])
[12:40:50] [Render thread/WARN] (Minecraft) Ignoring player info update for unknown player 293c464c-7e78-3bd7-9b1e-3d1c489eeea3 ([UPDATE_GAME_MODE])
[12:40:50] [Render thread/WARN] (Minecraft) Ignoring player info update for unknown player 293c464c-7e78-3bd7-9b1e-3d1c489eeea3 ([UPDATE_GAME_MODE])
[12:40:54] [Render thread/WARN] (Minecraft) Ignoring player info update for unknown player 28da7732-74d0-3bbc-afd5-3d18fb95d11c ([UPDATE_GAME_MODE])
[12:40:54] [Render thread/WARN] (Minecraft) Ignoring player info update for unknown player 28da7732-74d0-3bbc-afd5-3d18fb95d11c ([UPDATE_GAME_MODE])
[12:40:56] [Render thread/WARN] (Minecraft) Ignoring player info update for unknown player e6fade3b-c80a-3060-81c6-ad4365cae342 ([UPDATE_GAME_MODE])
[12:40:56] [Render thread/WARN] (Minecraft) Ignoring player info update for unknown player e6fade3b-c80a-3060-81c6-ad4365cae342 ([UPDATE_GAME_MODE])
[12:40:57] [Render thread/INFO] (Minecraft) [System] [CHAT] Ⓖ [ɢᴏᴅ] solso477212 ⇨ ex
[12:40:58] [Render thread/WARN] (Minecraft) Ignoring player info update for unknown player cee10a86-5eba-37b4-9985-6a62964bf53c ([UPDATE_GAME_MODE])
[12:40:58] [Render thread/WARN] (Minecraft) Ignoring player info update for unknown player cee10a86-5eba-37b4-9985-6a62964bf53c ([UPDATE_GAME_MODE])
[12:40:58] [Render thread/WARN] (Minecraft) Ignoring player info update for unknown player ea5fad00-d99b-3bf4-aece-8c85339b81d9 ([UPDATE_GAME_MODE])
[12:40:58] [Render thread/WARN] (Minecraft) Ignoring player info update for unknown player ea5fad00-d99b-3bf4-aece-8c85339b81d9 ([UPDATE_GAME_MODE])
[12:40:58] [Render thread/WARN] (Minecraft) Ignoring player info update for unknown player ea5fad00-d99b-3bf4-aece-8c85339b81d9 ([UPDATE_GAME_MODE])
[12:40:58] [Render thread/WARN] (Minecraft) Ignoring player info update for unknown player ea5fad00-d99b-3bf4-aece-8c85339b81d9 ([UPDATE_GAME_MODE])
[12:41:00] [Render thread/WARN] (Minecraft) Ignoring player info update for unknown player 58605cd6-ac20-3427-a4d9-277627da40d0 ([UPDATE_GAME_MODE])
[12:41:00] [Render thread/WARN] (Minecraft) Ignoring player info update for unknown player 58605cd6-ac20-3427-a4d9-277627da40d0 ([UPDATE_GAME_MODE])
[12:41:00] [Render thread/WARN] (Minecraft) Ignoring player info update for unknown player 58605cd6-ac20-3427-a4d9-277627da40d0 ([UPDATE_GAME_MODE])
[12:41:00] [Render thread/WARN] (Minecraft) Ignoring player info update for unknown player 58605cd6-ac20-3427-a4d9-277627da40d0 ([UPDATE_GAME_MODE])
[12:41:00] [Render thread/WARN] (Minecraft) Ignoring player info update for unknown player 48f6381c-8d0b-3fa6-aad3-d3982dc69c98 ([UPDATE_GAME_MODE])
[12:41:00] [Render thread/WARN] (Minecraft) Ignoring player info update for unknown player 48f6381c-8d0b-3fa6-aad3-d3982dc69c98 ([UPDATE_GAME_MODE])
[12:41:01] [Render thread/WARN] (Minecraft) Ignoring player info update for unknown player 190b3c3c-692d-33de-b1d8-2d0a4e9423ef ([UPDATE_GAME_MODE])
[12:41:01] [Render thread/WARN] (Minecraft) Ignoring player info update for unknown player 190b3c3c-692d-33de-b1d8-2d0a4e9423ef ([UPDATE_GAME_MODE])
[12:41:02] [Render thread/INFO] (Minecraft) [System] [CHAT] Ⓖ [ɢᴏᴅ] Trigger_MC ⇨ all ансофты кидайте дуэли
[12:41:04] [Render thread/WARN] (Minecraft) Ignoring player info update for unknown player 57e13bd8-5cd2-384e-8f18-66240be30d28 ([UPDATE_GAME_MODE])
[12:41:04] [Render thread/WARN] (Minecraft) Ignoring player info update for unknown player 57e13bd8-5cd2-384e-8f18-66240be30d28 ([UPDATE_GAME_MODE])
[12:41:04] [Render thread/WARN] (Minecraft) Ignoring player info update for unknown player 57e13bd8-5cd2-384e-8f18-66240be30d28 ([UPDATE_GAME_MODE])
[12:41:04] [Render thread/WARN] (Minecraft) Ignoring player info update for unknown player 57e13bd8-5cd2-384e-8f18-66240be30d28 ([UPDATE_GAME_MODE])
[12:41:08] [Render thread/WARN] (Minecraft) Ignoring player info update for unknown player 4d32bf73-4ccc-3a43-82cc-1b0a25175afd ([UPDATE_GAME_MODE])
[12:41:08] [Render thread/WARN] (Minecraft) Ignoring player info update for unknown player 4d32bf73-4ccc-3a43-82cc-1b0a25175afd ([UPDATE_GAME_MODE])
[12:41:08] [Render thread/WARN] (Minecraft) Ignoring player info update for unknown player 4d32bf73-4ccc-3a43-82cc-1b0a25175afd ([UPDATE_GAME_MODE])
[12:41:08] [Render thread/WARN] (Minecraft) Ignoring player info update for unknown player 4d32bf73-4ccc-3a43-82cc-1b0a25175afd ([UPDATE_GAME_MODE])
[12:41:09] [Render thread/INFO] (Minecraft) [System] [CHAT] ╔
[12:41:09] [Render thread/INFO] (Minecraft) [System] [CHAT] ╠ Подписывайтесь на наш ТГ - telegram.me/spookytimenet
[12:41:09] [Render thread/INFO] (Minecraft) [System] [CHAT] ╚
[12:41:09] [Render thread/WARN] (Minecraft) Ignoring player info update for unknown player ea070675-5c29-3c30-9f53-5b3130d2235f ([UPDATE_GAME_MODE])
[12:41:09] [Render thread/WARN] (Minecraft) Ignoring player info update for unknown player ea070675-5c29-3c30-9f53-5b3130d2235f ([UPDATE_GAME_MODE])
[12:41:09] [Render thread/WARN] (Minecraft) Ignoring player info update for unknown player ea070675-5c29-3c30-9f53-5b3130d2235f ([UPDATE_GAME_MODE])
[12:41:09] [Render thread/WARN] (Minecraft) Ignoring player info update for unknown player ea070675-5c29-3c30-9f53-5b3130d2235f ([UPDATE_GAME_MODE])
[12:41:09] [Render thread/WARN] (Minecraft) Ignoring player info update for unknown player fec4ff89-da3f-3737-8f3a-476612d9c389 ([UPDATE_GAME_MODE])
[12:41:09] [Render thread/WARN] (Minecraft) Ignoring player info update for unknown player fec4ff89-da3f-3737-8f3a-476612d9c389 ([UPDATE_GAME_MODE])
[12:41:09] [Render thread/WARN] (Minecraft) Ignoring player info update for unknown player fec4ff89-da3f-3737-8f3a-476612d9c389 ([UPDATE_GAME_MODE])
[12:41:09] [Render thread/WARN] (Minecraft) Ignoring player info update for unknown player fec4ff89-da3f-3737-8f3a-476612d9c389 ([UPDATE_GAME_MODE])
[12:41:10] [Render thread/WARN] (Minecraft) Ignoring player info update for unknown player 89c464f4-15c9-3e05-a9b9-d61592f1b469 ([UPDATE_GAME_MODE])
[12:41:10] [Render thread/WARN] (Minecraft) Ignoring player info update for unknown player 89c464f4-15c9-3e05-a9b9-d61592f1b469 ([UPDATE_GAME_MODE])
[12:41:10] [Render thread/WARN] (Minecraft) Ignoring player info update for unknown player 89c464f4-15c9-3e05-a9b9-d61592f1b469 ([UPDATE_GAME_MODE])
[12:41:10] [Render thread/WARN] (Minecraft) Ignoring player info update for unknown player 89c464f4-15c9-3e05-a9b9-d61592f1b469 ([UPDATE_GAME_MODE])
[12:41:10] [Render thread/WARN] (Minecraft) Ignoring player info update for unknown player 794b4c5d-a69c-35b6-ab7e-c374eca4e73d ([UPDATE_GAME_MODE])
[12:41:10] [Render thread/WARN] (Minecraft) Ignoring player info update for unknown player 794b4c5d-a69c-35b6-ab7e-c374eca4e73d ([UPDATE_GAME_MODE])
[12:41:10] [Render thread/WARN] (Minecraft) Ignoring player info update for unknown player 794b4c5d-a69c-35b6-ab7e-c374eca4e73d ([UPDATE_GAME_MODE])
[12:41:10] [Render thread/WARN] (Minecraft) Ignoring player info update for unknown player 794b4c5d-a69c-35b6-ab7e-c374eca4e73d ([UPDATE_GAME_MODE])
[12:41:10] [Render thread/WARN] (Minecraft) Ignoring player info update for unknown player 3ff8b8f7-a56e-3990-838e-a4bea2211f63 ([UPDATE_GAME_MODE])
[12:41:10] [Render thread/WARN] (Minecraft) Ignoring player info update for unknown player 3ff8b8f7-a56e-3990-838e-a4bea2211f63 ([UPDATE_GAME_MODE])
[12:41:12] [Render thread/INFO] (Minecraft) Stopping!
[12:41:12] [Render thread/INFO] (Minecraft) [STDOUT]: unSetup - [MacrosProcessor, CollectorProcessor, AutoBuyProcessor, CosmeticsProcessor, FriendProcessor, NotificationProcessor, ResourcePacksProcessor, StaffProcessor, ThemeProcessor, AccountProcessor, ModuleProcessor, RotationProcessor, DiscordProcessor, Draw2DProcessor, DragProcessor, Draw3DProcessor, CommandProcessor, BatchProcessor, HandlerProcessor]
